title,pubDate,guid,link,description
ဌာနချုပ် လိုင်ဇာအနီး စစ်ကောင်စီ အင်အားတိုးချဲ့ ပြီး စစ်‌ရေးဖိအားပေးလာ,"Sun, 05 Nov 2023 11:58:06 GMT",https://www.bbc.com/burmese/articles/cv2zlpjg5exo,https://www.bbc.com/burmese/articles/cv2zlpjg5exo,KIA ဌာနချုပ်ရှိရာ လိုင်ဇာမြို့ အနီးမှာရှိတဲ့ ခါယာတောင်နဲ့ ဘွန်ရယ်တောင်က တပ်စခန်းတွေမှာ စစ်ကောင်စီဘက်က အင်အားတိုးချဲ့ဖြည့်တင်းလာတယ်လို့ KIA ပြန်ကြားရေးတာဝန်ခံ ဗိုလ်မှူးကြီးနော်ဘူ က ဘီဘီစီကို ပြောပါတယ်။
နိုဝင်ဘာ ၅ ရက်ထိပ်တန်းသတင်းများ - ပဲခူး၊ မုန်းမြို့ထဲမှာ စစ်ကြောင်းထိုးပစ်ခတ်လို့ ဒေသခံထောင်နဲ့ချီ ထွက်ပြေး,"Sun, 05 Nov 2023 09:42:13 GMT",https://www.bbc.com/burmese/articles/cnkpy9jve0lo,https://www.bbc.com/burmese/articles/cnkpy9jve0lo,မုန်းမြို့နယ်ထဲက ကျေးရွာ ၇ ရက်ထက်မနည်းကို ဟောင်ဝစ်ဇာ လက်နက်ကြီးတွေနဲ့ပတ်ခတ်လို့ ကျေးရွာတွေထဲကိုလက်နက်ကြီးအပိုင်းအစတွေကျရောက်ပေါက်ကွဲခဲ့ပြီး သံဃာတော်(၁)ပါး ကျည်စထိမှန် ဒဏ်ရာရရှိခဲ့သလို စပါးရိတ်ဖို့သွားတဲ့ အသက် ၄၅ နှစ်အရွယ်ရွာသား တစ်ဦးကတော့ ကျည်စထိမှန်ပြီးနေရာမှာပဲပွဲချင်းပြီးသေဆုံးခဲ့ရတယ်လို့ပြောပါတယ်။
ဟက်ဇ်ဘိုလာတပ် ဘယ်လောက် အင်အားကြီးလဲ၊ အစ္စရေးနဲ့ တိုက်မှာလား,"Sat, 04 Nov 2023 22:14:47 GMT",https://www.bbc.com/burmese/articles/c1v279eq7weo,https://www.bbc.com/burmese/articles/c1v279eq7weo,ဟက်ဇ်ဘိုလာဆိုတာ ရှီယား မွတ်ဆလင် အဖွဲ့အစည်း ဖြစ်ပြီး နိုင်ငံရေး သြဇာရှိတဲ့ အဖွဲ့ဖြစ်သလို လက်ဘနွန်က အင်အားအကြီးဆုံး လက်နက်ကိုင်အဖွဲ့ကိုလည်း ထိန်းချုပ်ထားတဲ့ အဖွဲ့ပါ။
အီလွန်မတ်စ်ခ်ကို  အေအိုင်အကြောင်း ယူကေဝန်ကြီးချုပ် မေးမြန်းခန်း,"Sat, 04 Nov 2023 11:18:35 GMT",https://www.bbc.com/burmese/articles/cv2z47ydvp9o,https://www.bbc.com/burmese/articles/cv2z47ydvp9o,အနာဂတ်မှာ စူပါ ကွန်ပျူတာတွေကို စောင့်ကြည့်ထိန်းကွပ်ပေးမယ့် သူတွေရှိဖို့ လိုတယ်ဆိုတာကိုလည်း  မစ္စတာ မတ်စ်ခ်တို့ ၂ ဦးစလုံး သဘောတူခဲ့ကြပါတယ်။
နီပေါငလျင် - လူ ၁၀၀ ကျော်သေဆုံး ၁၀၀ ကျော်ဒဏ်ရာရ,"Sat, 04 Nov 2023 09:25:03 GMT",https://www.bbc.com/burmese/articles/cd1plnn5ne1o,https://www.bbc.com/burmese/articles/cd1plnn5ne1o,"နီပေါနိုင်ငံအနောက်ပိုင်းမှာ လှုပ်ခတ်ခဲ့တဲ့ ငလျင်ကြောင့် လူ ၁၀၀ ကျော်သေဆုံးပြီး ၁၀၀ ကျော်ဒဏ်ရာရ ခဲ့ပါတယ်။
"
မှိုအဆိပ်သင့်မှု - သံသယရှိခံရသူအမျိုးသမီးကိုလူသတ်မှုနဲ့စွဲချက်တင်,"Sat, 04 Nov 2023 05:10:48 GMT",https://www.bbc.com/burmese/articles/c3g2d4jz3l0o,https://www.bbc.com/burmese/articles/c3g2d4jz3l0o,လူသုံးဦး မှိုအဆိပ်သင့်မှုနဲ့ ပတ်သက်ပြီး သံသယရှိသူ သြစတေးလျအမျိုးသမီး  အယ်ရင်ပတ်တာဆန်ဟာ သူ့ရဲ့ လက်တွဲဖော်ဟောင်းကို လေးကြိမ်တိုင် လူသတ်ဖို့ ကြံစည်မှုနဲ့ တရားစွဲဆိုခံထားရပါတယ်။
ဒုက္ခသည်တွေ ခိုလှုံနေရာ ဂါဇာ စာသင်ကျောင်း တိုက်ခိုက်ခံရ - နိုဝင်ဘာ ၄ ရက် ညပိုင်း နိုင်ငံတကာသတင်းများ,"Sat, 04 Nov 2023 15:30:38 GMT",https://www.bbc.com/burmese/articles/c843w54kd18o,https://www.bbc.com/burmese/articles/c843w54kd18o,ဂါဇာ စစ်ပွဲ အဖြေရှာရေး နှစ်ကြိမ်မြောက် အရှေ့အလယ်ပိုင်း ခရီးစဥ် အမေရိကန် နိုင်ငံခြားရေး ဝန်ကြီး ပြုလုပ်နေ
နိုဝင်ဘာ ၄ ရက်ထိပ်တန်းသတင်းများ - လောက်ကိုင်က တရုတ်နိုင်ငံသားတွေ ဘေးကင်းရေး တရုတ်တောင်းဆို,"Sat, 04 Nov 2023 11:13:27 GMT",https://www.bbc.com/burmese/articles/cldpw7d7l4vo,https://www.bbc.com/burmese/articles/cldpw7d7l4vo,အောက်တိုဘာ ၂၀ ရက်က လောက်ကိုင်မြို့မှာဖြစ်ခဲ့တဲ့ ပစ်ခတ်မှု တစ်ခုအတွင်းမှာ တရုတ်နိုင်ငံသားတချို့ ထိခိုက်သေဆုံးခဲ့ပြီးတဲ့နောက် ယူနန်ပြည်နယ်၊ လင်ချန်းမြို့၊ နိုင်ငံခြားရေးရာရုံးက တဆင့် တောင်းဆိုထားတာဖြစ်ပါတယ်။
လောက်ကိုင် - တိုက်ပွဲတွေ ဝန်းရံနေတဲ့မြို့ ,"Fri, 03 Nov 2023 14:25:20 GMT",https://www.bbc.com/burmese/articles/cx01xx25vwjo,https://www.bbc.com/burmese/articles/cx01xx25vwjo,မြို့လေးမြို့နဲ့ စစ်ကောင်စီ တပ်စခန်းပေါင်း ၉၀ ကျော်ကို သီတင်းတစ်ပတ်အတွင်းသိမ်းပိုက်ခံရပါတယ်။ ဒါပေမဲ့ ကိုးကန့်ရဲ့အဓိကမြို့ဖြစ်တဲ့ လောက်ကိုင်ကိုတော့ စစ်ကောင်စီကဆက်လက်ထိန်းချုပ်ထားဆဲ ဖြစ်ပါတယ်။
ဘီးတဲလ်စ် အဖွဲ့ရဲ့ နောက်ဆုံး သီချင်း ထွက်ပေါ်လာပုံ ,"Fri, 03 Nov 2023 11:13:35 GMT",https://www.bbc.com/burmese/articles/c0wx4vxdp75o,https://www.bbc.com/burmese/articles/c0wx4vxdp75o,ဒီသီချင်းဟာ ကမ္ဘာ့ ရော့ခ်ဂီတ လောကမှာ အကြီးကျယ်ဆုံး အဖွဲ့တခုဖြစ်တဲ့ ဘီးတဲလ်စ် နောက်ဆုံး ကန့်လန့်ကာချ အပိတ်သီချင်း ဖြစ်လာနိုင်ပါတယ်။
‘‘ဘာမှမကျန်တော့ဘူး’’ ပါကစ္စတန်ကနေ ပြန်ပို့ခံရတဲ့အာဖဂန်တွေ,"Thu, 02 Nov 2023 17:15:07 GMT",https://www.bbc.com/burmese/articles/crg1gr14r1wo,https://www.bbc.com/burmese/articles/crg1gr14r1wo,အာဖဂန်ဒုက္ခသည် ၁.၇ သန်းနီးပါးဟာ ပါကစ္စတန်ကနေ ထွက်ခွာဖို့ အပြောခံရပြီးမှာ အခုတော့ မရေရာတဲ့အနာဂတ်တွေ ရင်ဆိုင်နေရပါတယ်။
အစ္စရေး ခုခံပိုင်ခွင့်ကို ထောက်ခံ၊ အရပ်သားတွေကိုကာကွယ်ဖို့  ဘလင်ကင် ထပ်ပြော - နိုဝင်ဘာ ၃ ရက် ညပိုင်း နိုင်ငံတကာသတင်းများ,"Fri, 03 Nov 2023 15:03:54 GMT",https://www.bbc.com/burmese/articles/c2524494nwyo,https://www.bbc.com/burmese/articles/c2524494nwyo,နိုဝင်ဘာ ၃ ရက် ညပိုင်း နိုင်ငံတကာသတင်းများ
နိုဝင်ဘာ ၃ ရက်ထိပ်တန်းသတင်းများ- ရှမ်းမြောက်တိုက်ပွဲတွေကြောင့် စစ်ရှောင် ထောင်နဲ့ချီရှိလာ လို့ ကုလထုတ်ပြန်,"Fri, 03 Nov 2023 10:10:16 GMT",https://www.bbc.com/burmese/articles/ck5xg61z3ppo,https://www.bbc.com/burmese/articles/ck5xg61z3ppo,"၁၀၂၇ စစ်ဆင်ရေးစပြီးနောက် အောက်တိုဘာ ၃၁ ရက်အထိ စာရင်းတွေအရ ရှမ်းပြည်မြောက်ပိုင်းကဒေသတွေမှာ စစ်ရှောင်လူဦးရေ ၆,၂၀၀ ကျော်အထိရှိလာပြီလို့ကုလသမဂ္ဂကထုတ်ပြန်ပါတယ်။"
နိုင်ငံခြားသား ပတ်စပို့ကိုင်ဆောင်သူတွေကို ဂါဇာဒေသကနေ အီဂျစ်နိုင်ငံထဲ နောက်ထပ်ဝင်ခွင့်ပြုခဲ့-နိုဝင်ဘာလ ၂ ရက် ညပိုင်း နိုင်ငံတကာသတင်းများ,"Thu, 02 Nov 2023 16:02:08 GMT",https://www.bbc.com/burmese/articles/cyd1v8z7511o,https://www.bbc.com/burmese/articles/cyd1v8z7511o,နိုဝင်ဘာလ ၂ ရက် ညပိုင်း နိုင်ငံတကာသတင်းများ
နိုဝင်ဘာ ၂ ရက် ထိပ်တန်းသတင်းများ - ရှမ်းမြောက်တိုက်ပွဲ ချက်ချင်းအပစ်ရပ်ဖို့ တရုတ်တိုက်တွန်း,"Fri, 03 Nov 2023 09:53:33 GMT",https://www.bbc.com/burmese/articles/cv20g5y1wpgo,https://www.bbc.com/burmese/articles/cv20g5y1wpgo,ရှမ်းမြောက်တိုက်ပွဲတွေနဲ့ပတ်သက်ပြီး ‘‘သက်ဆိုင်ရာ ပါဝင်ပတ်သက်သူတွေအနေနဲ့ တိုက်ခိုက်တာရပ်ပြီး အပစ်အခတ်ရပ်စဲရေး ချက်ချင်းလုပ်ဖို့ တိုက်တွန်းပါတယ်’’ လို့ တရုတ်နိုင်ငံခြားရေးဝန်ကြီးဌာန ပြောခွင့်ရသူက ပြောပါတယ်။
ပလ္လင်ရှေ့ ရောက်လာတဲ့ ၁၀၂၇ စစ်ဆင်ရေး,"Wed, 01 Nov 2023 15:18:55 GMT",https://www.bbc.com/burmese/articles/c6plpy4l900o,https://www.bbc.com/burmese/articles/c6plpy4l900o,စစ်ကောင်စီဥက္ကဋ္ဌ ဗိုလ်ချုပ်မှူးကြီးမင်းအောင်လှိုင် နဲ့ တရုတ်နိုင်ငံတော်ကောင်စီဝင် မစ္စတာဝမ်ချောက်ဟုန် တို့ တွေ့ဆုံဆွေးနွေးခဲ့ကြတဲ့အခါ ရှမ်းပြည်နယ်(မြောက်ပိုင်း)မှာ ဖြစ်ပွားနေတဲ့ တိုက်ပွဲတွေအကြောင်းပါထည့်သွင်းဆွေးနွေးခဲ့ကြပါတယ်။
အစ္စရေး-ဟားမတ်စ် စစ်ပွဲကနေ တရုတ် ဘာရချင်တာလဲ,"Wed, 01 Nov 2023 16:48:42 GMT",https://www.bbc.com/burmese/articles/c1dkdpk94vgo,https://www.bbc.com/burmese/articles/c1dkdpk94vgo,ပဋိပက္ခပြေလည်သွားစေမယ့် နည်းလမ်းတစ်ခု ကြိုးစားဖို့အတွက် တရုတ်နဲ့ အတူ ပူးပေါင်းဆောင်ရွက်သွားမယ်လို့ အမေရိကန်က ကတိပြုခဲ့ပါတယ်။
"အစ္စရေး အရပ်သား ၁၂၀,၀၀၀ ကျော် သေနတ်လိုင်စင်လျှောက်","Wed, 01 Nov 2023 13:56:57 GMT",https://www.bbc.com/burmese/articles/cw9v9eyq71qo,https://www.bbc.com/burmese/articles/cw9v9eyq71qo,"ဟားမတ်စ် စစ်သွေးကြွတွေသတ်ဖြတ်မှုကြောင့် လူပေါင်း ၁,၄၀၀ ‌ကျော်သေဆုံး ခဲ့ရတဲ့ အောက်တိုဘာ ၇ ရက်တိုက်ခိုက်မှုနောက်ပိုင်းအစ္စရေး နိုင်ငံသားတွေ သူတို့ရဲ့ ပထမဆုံး သေနတ်လိုင်စင်ကို ရဖို့ လျှောက်လွှာတင်ရာမှာ အယောက်ပေါင်း ၁၂၀, ၀၀၀ ကျော်ရှိလာပါပြီ။  "
‘‘စစ်ကျွံလာတဲ့အခါ တိုက်ရင်းနဲ့ပဲ တိုက်ပွဲတွေဖော်လိုက်တာဖြစ်ပါတယ်’’ - KIO ဒုဗိုလ်ချုပ်ကြီးဂွမ်မော်,"Mon, 30 Oct 2023 20:39:41 GMT",https://www.bbc.com/burmese/articles/c0dje287vzpo,https://www.bbc.com/burmese/articles/c0dje287vzpo,အောက်တိုဘာ ၁၈ ရက်နေ့မှာ နဘတ်ကြီး စခန်းကို ၀င်တိုက်ပြီး သိမ်းတယ်။ ၁၉ ရက်နေ့မှာတော့ ရှမ်းမြောက်မှာရှိတဲ့ နမ့်ကွတ် စခန်း၊ ၂၀ ရက်နေ့မှာတော့ လိုင်လွမ်စခန်းကို ကေအိုင်အေက အပြီးသိမ်းတာ ဖြစ်ပါတယ်။
စစ်အာဏာသိမ်းရက် ၁၀၀၀ - စစ်မြေပြင်က အသက်ကယ်ဆေး,"Sat, 28 Oct 2023 13:24:08 GMT",https://www.bbc.com/burmese/articles/c51wj95x82eo,https://www.bbc.com/burmese/articles/c51wj95x82eo,"၂၀၂၃ ခုနှစ်၊ အောက်တိုဘာလ ၂၈ ရက်မှာ စစ်အာဏာသိမ်းတာ ရက် ၁၀၀၀ ပြည့်ပါပြီ။
ရက် ၁၀၀၀ ကာလအတွင်း စစ်အာဏာသိမ်းမှုဆန့်ကျင်ရေးအကြမ်းမဖက် ဆန္ဒဖော်ထုတ်ပွဲတွေကနေ ဆင့်ကဲပြောင်းလဲ လာတဲ့ လက်နက်ကိုင်ခုခံတော်လှန်ရေးလှုပ်ရှားမှုတွေဟာ ဒီကနေ့အချိန်အထိ ဒေသအများစုမှာ ဆက်လက်အားကောင်း နေဆဲပါ။
"
မြေပုံတွေကပြောပြတဲ့ ပိတ်ဆို့ခံ ဂါဇာဒေသခံတွေရဲ့ဘဝ,"Sat, 28 Oct 2023 13:41:39 GMT",https://www.bbc.com/burmese/articles/c99qq77z9e5o,https://www.bbc.com/burmese/articles/c99qq77z9e5o,စီးပွားရေး၊ ကျန်းမာရေးနဲ့ ပညာရေးအစ ရေသုံးစွဲရတဲ့အခြေအနေအဆုံး ဂါဇာကမ်းမြောင်မှာနေထိုင်ရတဲ့ဘဝတွေအကြောင်း မြေပုံရှင်းပြချက်တွေနဲ့အတူ ဖတ်ရှုနိုင်ပါတယ်။
စစ်ဆင်‌ရေး ၁၀၂၇ - ရှမ်းပြည် မြောက်ပိုင်းက မဟာမိတ်စစ်ဆင်မှု ,"Fri, 27 Oct 2023 14:29:59 GMT",https://www.bbc.com/burmese/articles/cqv965xj54eo,https://www.bbc.com/burmese/articles/cqv965xj54eo,စစ်ဆင်‌ရေး ၁၀၂၇ (Operation – 1027) လို့ အမည်ပေးထားတဲ့ မြောက်ပိုင်းမဟာမိတ်တွေရဲ့ တိုက်ခိုက်မှုဟာ လားရှိုးကနေ တရုတ်နယ်စပ်က ချင်းရွှေဟော် အထိ ဖြန့်ကြက် ထားပါတယ်။
ကေအိုင်အို - ၆၃  နှစ်အတွင်း အပြင်းထန်ဆုံးကာလကို ရင်ဆိုင်ခြင်း ,"Wed, 25 Oct 2023 15:02:34 GMT",https://www.bbc.com/burmese/articles/c0djy7g38weo,https://www.bbc.com/burmese/articles/c0djy7g38weo,KIO ရဲ့ လက်နက်ကိုင်တပ်ဖွဲ့ဖြစ်တဲ့ ကချင်လွတ်လပ်ရေးတပ် KIA ဟာ စစ်ကောင်စီရဲ့ မကြုံစဖူး ပြင်းထန်တဲ့ လေကြောင်းတိုက်ခိုက်မှုတွေနဲ့ ရင်ဆိုင်နေရသလို စစ်ကောင်စီရဲ့ လက်နက်ကြီးပစ်ခတ်မှုကလည်း ဌာနချုပ် လိုင်ဇာ အနီးတဝိုက်ကို နေ့စဉ်လိုလို ကျရောက်နေပါတယ်။
စစ်တပ်ရဲ့လေကြောင်းပစ်ခတ်မှုကို ဘယ်သူတွေက အမိန့်ပေးသလဲ ,"Mon, 23 Oct 2023 05:42:47 GMT",https://www.bbc.com/burmese/articles/cpvlyqnxkw7o,https://www.bbc.com/burmese/articles/cpvlyqnxkw7o,စစ်ကောင်စီရဲ့ တပ်ဖွဲ့တွေထဲ ဘယ်လိုတာဝန်ရှိသူတွေက အခုလိုလူသေဆုံးမှုများပြားတဲ့ လေကြောင်းတိုက်ခိုက်မှုတွေကို တာဝန်ယူ ပစ်မှတ်ရွေးချယ် အမိန့်ပေးတာမျိုးတွေလုပ်နေလဲဆိုတာကိုတော့အများစုက မသိရှိကြပါဘူး။
မြန်မာစစ်ကောင်စီ၊ ရုရှားနဲ့ တာလီဘန်တို့ တက်ရောက်တဲ့ တရုတ် ပိုးလမ်းမဖိုရမ်,"Tue, 17 Oct 2023 10:02:05 GMT",https://www.bbc.com/burmese/articles/cj78jk84nzxo,https://www.bbc.com/burmese/articles/cj78jk84nzxo,ပြည်တွင်းက အခင်းအကျင်းတွေကြောင့် ကမ္ဘာ့သံခင်းတမန်ခင်းမှာ ‌ဖယ်ကျဥ်မှု အတိုင်းအတာတစ်ခုအထိ ကြုံနေရတဲ့စစ်ကောင်စီ၊ ရုရှားနဲ့ တာလီဘန်တို့ တရုတ်သမ္မတ ဦးဆောင်တဲ့ ပိုးလမ်းမဖိုရမ်ကို တက်ရောက်နေကြပါတယ်။
အပစ်ရပ်စာချုပ် - ချန်လှပ်ခံရတဲ့ လက်နက်ကိုင် သုံးဖွဲ့ ဘယ်လောက် အင်အားကြီးလာသလဲ,"Sun, 15 Oct 2023 05:48:44 GMT",https://www.bbc.com/burmese/articles/c72mz5p7yv4o,https://www.bbc.com/burmese/articles/c72mz5p7yv4o,မြောက်ပိုင်းညီနောင် ၃ ဖွဲ့လို့သိကြတဲ့ MNDAA၊ AA နဲ့ TNLA တို့ဟာ လွန်ခဲ့တဲ့ ၈ နှစ်တုန်းက အပစ်ရပ်စာချုပ်(NCA)လက်မှတ်ရေးထိုးမယ့်အချိန်မှာ ‘‘ထိန်းချုပ်နယ်မြေ၊ လူအင်အားနဲ့ ပဏာမအပစ်ရပ်စာချုပ် ချုပ်ဆိုထားတာမရှိဘူး’’ ဆိုတဲ့ အကြောင်းပြချက်တွေနဲ့ ချန်လှပ်ထားခံခဲ့ရပါတယ်။
အိုက်ဟော့ - တရုတ်က ဝရမ်းထုတ်တဲ့ ‘ဝ’ အရာရှိ ,"Fri, 13 Oct 2023 13:42:22 GMT",https://www.bbc.com/burmese/articles/crg10xyxnjlo,https://www.bbc.com/burmese/articles/crg10xyxnjlo,"အွန်လိုင်းငွေလိမ်ဂိုဏ်းတွေနဲ့ ဆက်စပ်နေသူတွေကို တရုတ်ပြန်လွှဲပေးတာ စုစုပေါင်း ၂,၀၀၀ ကျော်အထိရှိလာတဲ့အထဲမှာ UWSA က အများဆုံး လွှဲပေးခဲ့တာ ဖြစ်ပါတယ်။"
ဘီဘီစီ မြန်မာ နေ့စဉ် ရုပ်သံအစီအစဉ်ကို မဇ္စျိမတီဗီ တွင် ကြည့်ရှုနိုင်ပြီ,"Mon, 26 Mar 2018 16:15:48 GMT",https://www.bbc.co.uk/burmese/institutional-43548528,https://www.bbc.co.uk/burmese/institutional-43548528,နိုင်ငံတကာ နှင့် ဒေသတွင်းဖြစ်ပျက်နေသည့် နေ့စဉ် အရေးကြီးသတင်းများကို ပရိသတ်ထံသို့ အရောက် သယ်ဆောင်လာပါပြီ။
ဂါဇာပဋိပက္ခ အရှိန်မြင့်နေချိန်မှာ ယူကရိန်းစစ်ပွဲ အခြေအနေ ဘယ်လိုရှိနေသလဲ,"Wed, 08 Nov 2023 16:51:34 GMT",https://www.bbc.com/burmese/articles/cw42103z38ko,https://www.bbc.com/burmese/articles/cw42103z38ko,အစ္စရေးရဲ့ ဂါဇာစစ်ပွဲကြောင့် ယူကရိန်းစစ်ပွဲအပေါ် ကမ္ဘာရဲ့ အာရုံစိုက်မှုက ပြောင်းသွားခဲ့ပါတယ်။ ပြီးခဲ့တဲ့လအတွင်း ယူကရိန်းစစ်ပွဲမှာ ဘယ်လို အပြောင်းအလဲတွေ ဖြစ်ခဲ့သလဲ
၁၀၂၇ စစ်ဆင်ရေးကြောင့် ကာလုံအစည်းအဝေး ခေါ်ယူ,"Wed, 08 Nov 2023 15:27:46 GMT",https://www.bbc.com/burmese/articles/c3g2x9zmngzo,https://www.bbc.com/burmese/articles/c3g2x9zmngzo,ရှမ်းပြည်နယ်(မြောက်ပိုင်း)မှာဖြစ်ပေါ်နေတဲ့ ၁၀၂၇ စစ်ဆင်ရေး နဲ့ စစ်ကိုင်းတိုင်းထဲက တိုက်ခိုက်မှုတွေအတွင်း မြို့တချို့ နဲ့ တပ်စခန်းတွေ အသိမ်းခံရပြီးတဲ့နောက်မှာ စစ်ကောင်စီက အမျိုးသားကာကွယ်‌ရေးနဲ့ လုံခြုံရေးကောင်စီ အစည်းအဝေးကို ဒီကနေ့မှာ ခေါ်ယူလိုက်ပါတယ်။
ဟားမတ်စ် လိုဏ်ခေါင်း၀င်ပေါက် ရာကျော် ဖျက်ဆီးပစ်ခဲ့တယ်လို့ အစ္စရေးပြော - နို၀င်ဘာ ၈ ရက် ညနေခင်း နိုင်ငံတကာသတင်းများ,"Wed, 08 Nov 2023 15:48:55 GMT",https://www.bbc.com/burmese/articles/c88dq8p94xvo,https://www.bbc.com/burmese/articles/c88dq8p94xvo,နို၀င်ဘာ ၈ ရက် ညနေခင်း နိုင်ငံတကာသတင်းများ
၉၉ တပ်မမှူး သေဆုံးမှု ဘာတွေထူးခြားလဲ,"Wed, 08 Nov 2023 16:12:12 GMT",https://www.bbc.com/burmese/articles/cj5pjl6p4pdo,https://www.bbc.com/burmese/articles/cj5pjl6p4pdo,မြန်မာစစ်တပ် သမိုင်းမှာ တိုက်ပွဲအတွင်း တပ်မမှူးတစ်ယောက်သေဆုံးတာ ဖြစ်တောင့်ဖြစ်ခဲဖြစ်ပြီး ဗိုလ်မှူးချုပ် အောင်ကျော်လွင် ဖြစ်စဉ်ပါထည့်ပေါင်းမှ နှစ်ဦးပဲ ရှိသေးတယ်လို့ အငြိမ်းစားတပ်မတော်အရာရှိတွေက ပြောကြပါတယ်။
နိုဝင်ဘာ ၈ ရက် ထိပ်တန်းသတင်းများ - SSPP ရဲ့ တိုက်နယ်မှူးကိုလွှတ်ပေးလိုက်တယ်လို့ TNLA ပြော ,"Wed, 08 Nov 2023 13:13:30 GMT",https://www.bbc.com/burmese/articles/c3g2ny1pwelo,https://www.bbc.com/burmese/articles/c3g2ny1pwelo,ကိုးကန့်ဒေသ၊ လောက်ကိုင်မြို့ပြင်အနီးတစ်ဝိုက်မှာ မနေ့ နိုဝင်ဘာ ၇ ရက် ည ၁၀ နာရီနောက်ပိုင်းကစပြီး ပစ်ခတ်မှုအကြီးအကျယ်ဖြစ်ခဲ့တာကြောင့် တရုတ် - မြန်မာနယ်စပ်မျဉ်း မိုင်တိုင်အမှတ် (၁၂၅) တိုက်ပွဲရှောင်စခန်းကိုသွားရောက်သူတွေများလာပြီလို့ ဒေသခံအချို့ကဘီဘီစီကိုပြောပါတယ်။
လောက်ကိုင်- တိုက်ပွဲတွေကြားကမြို့ဘာဆက်ဖြစ်မလဲ,"Wed, 08 Nov 2023 03:49:58 GMT",https://www.bbc.com/burmese/articles/cx01xx25vwjo,https://www.bbc.com/burmese/articles/cx01xx25vwjo,လက်ရှိ ကိုးကန့်အုပ်ချုပ်ရေးအဖွဲ့ကို လဲလှယ်ဖို့အရေးမှာ  မြို့မပျက်စေဖို့ တရုတ်ကဆန္ဒရှိပြီး ချင်းရွှေဟော်ကို သိမ်းခဲ့ပေမယ့် မြို့မပျက်ခဲ့တဲ့ပုံစံကို တရုတ်အရေးကျွမ်းကျင်သူတစ်ဦးက ထောက်ပြပါတယ်။
ဂါဇာမြို့ကနေ အရပ်သားတွေထွက်ခွာဖို့ အစ္စရေးစစ်တပ်က ၄ နာရီအချိန်ပေးထား - နို၀င်ဘာ ၇ ရက် ညပိုင်း နိုင်ငံတကာသတင်းများ,"Tue, 07 Nov 2023 16:16:38 GMT",https://www.bbc.com/burmese/articles/cyr2d512yy6o,https://www.bbc.com/burmese/articles/cyr2d512yy6o,နို၀င်ဘာ ၇ ရက် ညပိုင်း နိုင်ငံတကာသတင်းများ
မြန်မာ - အိန္ဒိယနယ်စပ်က ခမ်းပတ်မြို့ကို NUG ထပ်မံသိမ်းပိုက် ,"Tue, 07 Nov 2023 11:59:50 GMT",https://www.bbc.com/burmese/articles/c1r2j3vwl4no,https://www.bbc.com/burmese/articles/c1r2j3vwl4no,ခမ်းပတ်ဟာ အမျိုးသားညီညွတ်ရေးအစိုးရ(NUG)အတွက် ကောလင်းမြို့ပြီးရင် ဒုတိယမြောက် သိမ်းပိုက်တဲ့မြို့ဖြစ်လာပါတယ်။
အမေရိကန်က ထိုင်ဝမ်ကို တိတ်တဆိတ် လက်နက်တပ်ပေးနေ,"Tue, 07 Nov 2023 11:47:56 GMT",https://www.bbc.com/burmese/articles/cd1pqee33w1o,https://www.bbc.com/burmese/articles/cd1pqee33w1o,အမေရိကန်ဟာ နိုင်ငံတစ်နိုင်ငံအဖြစ် သူတရားဝင်အသိအမှတ်မပြုထားတဲ့ထိုင်ဝမ်ကျွန်းကို လက်နက်တွေပို့နိုင်ဖို့ ငွေကြေး အိတ်စိုက်ထုတ်သုံးနေပါတယ်။
နိုဝင်ဘာ ၇ ရက် ထိပ်တန်းသတင်းများ - လောက်ကိုင်ကထွက်လာသူတွေ လမ်းမှာပိတ်မိနေ,"Tue, 07 Nov 2023 12:04:58 GMT",https://www.bbc.com/burmese/articles/cv2zwlqnwl6o,https://www.bbc.com/burmese/articles/cv2zwlqnwl6o,ရှမ်းပြည်မြောက်ပိုင်းအတွင်း တိုက်ပွဲတွေနဲ့လမ်းပိတ်ဆို့ထားမှုတွေကြောင့် လောက်ကိုင်မြို့ကို ပြည်မကနေ ဆန်တင်ပို့လို့မရတော့တဲ့နောက် ဆန်စျေး အဆမတန်တက်နေသလို ရောင်းချမယ့်သူလည်းမရှိတာကြောင့် အများစုက ခေါက်ဆွဲခြောက်တွေနဲ့သာ စားသောက်ရေးဖြေရှင်းနေရတယ်လို့ ပြောပါတယ်။
တောင်ကိုရီးယားမှာ ကြမ်းပိုးတွေ ပြန့်ပွားနေလို့ အစိုးရ နှိမ်နင်းနေရ,"Tue, 07 Nov 2023 11:47:04 GMT",https://www.bbc.com/burmese/articles/cd1pn7xddwgo,https://www.bbc.com/burmese/articles/cd1pn7xddwgo,မြို့တော် ဆိုးလ်အပါအဝင် ဘူဆန်နဲ့ အင်ချွန်းမြို့တွေမှာ ကြမ်းပိုး ပြန့်ပွားမှု အနည်းဆုံး ၁၇ ခု ရှိတယ်လို့ ဒေသတွင်း မီဒီယာတွေမှာ ဖော်ပြထားပါတယ်။
“ကောလင်းဟာ နွေဦးတော်လှန်ရေးမှာ မြို့သိမ်းတိုက်ပွဲအနေနဲ့ ပထမဆုံးဆင်နွှဲနိုင်တဲ့မြို့ဖြစ်တယ်” – NUG ဒုတိယအတွင်းဝန် ဦးမောင်မောင်ဆွေ ,"Mon, 06 Nov 2023 09:36:17 GMT",https://www.bbc.com/burmese/articles/cn4pdp1p9l4o,https://www.bbc.com/burmese/articles/cn4pdp1p9l4o,အမှတ် (၁) စစ်ဒေသ၊ ကောလင်းခရိုင်ကွပ်ကဲရေးအစီအစဉ်နဲ့ ပြည်သူ့ကာကွယ်ရေးတပ်(PDF)နဲ့ မဟာမိတ် ပူးပေါင်းတပ်ဖွဲ့တွေက တိုက်ခိုက်သိမ်းပိုက်ခဲ့တာပါ။
၁၀ ရက်အတွင်း စစ်ကောင်စီ လက်လွှတ်လိုက်ရတဲ့နယ်မြေတိုးလာတဲ့ မြောက်ပိုင်းအခြေအနေ,"Mon, 06 Nov 2023 14:01:42 GMT",https://www.bbc.com/burmese/articles/cn0py5514kvo,https://www.bbc.com/burmese/articles/cn0py5514kvo,MNDAA ကိုးကန့်တပ်ဘက်ကတော့ စစ်ဆင်ရေး စတင်ချိန်ကနေ နိုဝင်ဘာ ၆ ရက် ညနေပိုင်းအထိ  စစ်ကောင်စီ တပ်စခန်းအကြီးအသေး စုစုပေါင်းပေါင်း ၁၁၂ ခုကို သိမ်းယူခဲ့တယ်လို့ ထုတ်ပြန်ပါတယ်။
ဂါဇာမှာ အပစ်ရပ်ဖို့ အမေရိကန်နဲ့ ပါလက်စတိုင်းဆွေးနွေး ,"Mon, 06 Nov 2023 04:15:16 GMT",https://www.bbc.com/burmese/articles/c89q01dvn1qo,https://www.bbc.com/burmese/articles/c89q01dvn1qo,အစ္စရေး-ဂါဇာအရေး အမေရိကန်နိုင်ငံခြားရေးဝန်ကြီးရဲ့ အရှေ့အလယ်ပိုင်းခရီးစဥ် တစ်ထောက် အနေနဲ့ ပါလက်စတိုင်းအာဏာပိုင်အဖွဲ့နဲ့တွေ့ဆုံတာဖြစ်ပါတယ်။
နိုဝင်ဘာ ၆ ရက် ထိပ်တန်းသတင်းများ - စစ်ရေးလေ့ကျင့်ဖို့ ရုရှားစစ်သင်္ဘောတွေ မြန်မာရောက်နေ,"Mon, 06 Nov 2023 10:24:37 GMT",https://www.bbc.com/burmese/articles/cllp2gqn270o,https://www.bbc.com/burmese/articles/cllp2gqn270o,ပထမဆုံး ရုရှား-မြန်မာ ရေတပ်ပူးတွဲစစ်ရေးလေ့ကျင့်ဖို့ ရုရှားရဲ့ ပစိဖိတ်ဆိုင်ရာ ရေတပ်စစ်သင်္ဘောအုပ်စုက ရေငုပ်သင်္ဘောဖျက် ရုရှား စစ်သင်္ဘော ၂ စီးနဲ့ ရာနဲ့ချီတဲ့ရေတပ်သားတွေ မြန်မာကို ရောက်နေပါတယ်။
လောက်ကိုင် - တိုက်ပွဲတွေဝန်းရံနေတဲ့မြို့ ,"Wed, 08 Nov 2023 03:49:58 GMT",https://www.bbc.com/burmese/articles/cx01xx25vwjo,https://www.bbc.com/burmese/articles/cx01xx25vwjo,လက်ရှိ ကိုးကန့်အုပ်ချုပ်ရေးအဖွဲ့ကို လဲလှယ်ဖို့အရေးမှာ  မြို့မပျက်စေဖို့ တရုတ်ကဆန္ဒရှိပြီး ချင်းရွှေဟော်ကို သိမ်းခဲ့ပေမယ့် မြို့မပျက်ခဲ့တဲ့ပုံစံကို တရုတ်အရေးကျွမ်းကျင်သူတစ်ဦးက ထောက်ပြပါတယ်။
သေဆုံးသူတစ်သောင်းကျော်ရှိလာတဲ့အာဏာသိမ်းရက်တစ်ထောင်,"Wed, 01 Nov 2023 02:18:53 GMT",https://www.bbc.com/burmese/articles/cle6egyx0p7o,https://www.bbc.com/burmese/articles/cle6egyx0p7o,ပိုမိုကျယ်ပြန့်လာတဲ့စစ်ပွဲတွေနဲ့ ပဋိပက္ခနယ်မြေတွေမှာ စစ်ပွဲတွင်းမှာရော စစ်ပွဲနဲ့မသက်ဆိုင်တဲ့အခြေအနေမှာပါ နှစ်ဖက် သတ်ဖြတ်မှုတွေက ရပ်တန့်မသွားဘဲ ပိုတိုးလာနေပါတယ်။
ဂျူးတွေရဲ့လေယာဥ်ကို လူအုပ်ကြီးက ဝိုင်းပိတ်ရှာမှု ဆိုရှယ်မီဒီယာကနေ ဘယ်လိုစခဲ့လဲ,"Tue, 31 Oct 2023 16:57:17 GMT",https://www.bbc.com/burmese/articles/c9xkxw622ywo,https://www.bbc.com/burmese/articles/c9xkxw622ywo,"
အကြမ်းဖက်မှု မဖြစ်လာခင်က တယ်လီဂရမ် ချန်နယ်တွေမှာ အမုန်းစကားတွေ ပြန့်နေခဲ့ပါတယ်။ အစ္စရေး နိုင်ငံ တယ်လ်အဗီးက လေယာဥ် ဆိုက်လာချိန်မှာ လူတွေကို လေဆိပ်မှာ စုဝေးကြဖို့ လှုံ့ဆော်တဲ့ မက်ဆေ့ချ်တွေကို ဘီဘီစီက ခြေရာခံကြည့်ခဲ့ပါတယ်။
"
ထိုင်ဝမ် တရားခွင်ထဲ ရောက်နေတဲ့ တရုတ်ရဲ့ “ကွန်မြူနစ် စပိုင်တွေ” ,"Thu, 09 Nov 2023 15:59:39 GMT",https://www.bbc.com/burmese/articles/c2x2n5vxl57o,https://www.bbc.com/burmese/articles/c2x2n5vxl57o,လာမယ့် ထိုင်ဝမ်‌ရွေးကောက်ပွဲမှာ တရုတ်နဲ့ ဆက်ဆံရေး ဘယ်လို လုပ်ကြမလဲ ဆိုတာကို ရွေးကြမှာဖြစ်
အစ္စရေး မပါတဲ့ နိုင်ငံတကာ ညီလာခံမှာ ဂါဇာမှာ အပစ်ရပ်ဖို့ ပန်ကြား - နို၀င်ဘာ ၉ ရက် ညနေခင်း နိုင်ငံတကာသတင်းများ,"Thu, 09 Nov 2023 14:09:57 GMT",https://www.bbc.com/burmese/articles/cedp2k3022eo,https://www.bbc.com/burmese/articles/cedp2k3022eo,နို၀င်ဘာ ၉ ရက် ညနေခင်း နိုင်ငံတကာသတင်းများ
ဒဏ်ခတ်ပိတ်ဆို့မှုတွေအောက်က မြန်မာနဲ့ ဆက်လုပ်ဖို့ပြင်တဲ့ ထိုင်းစွမ်းအင် PTTEP,"Thu, 09 Nov 2023 14:01:06 GMT",https://www.bbc.com/burmese/articles/c0x21dyj17po,https://www.bbc.com/burmese/articles/c0x21dyj17po,“ကုမ္ပဏီအနေနဲ့ ပိတ်ဆို့အရေးယူမှုတွေနဲ့ ဆက်နွယ်နေတဲ့ ဖြစ်လာနိုင်တဲ့အန္တရာယ်တွေလျော့ပါးစေရေးကို အကဲဖြတ်ပြီး နိုင်ငံတွင်းမှာ သဘာဝဓာတ်ငွေ့ ပြတ်တောက်မှုမရှိစေရေးအတွက် သတိကြီးကြီးထား လုပ်ကိုင်နေပါတယ်” လို့  PTTEP ဘက်က Upstream ကိုဖြေကြားပါတယ်။
နိုဝင်ဘာလ ၉ ရက် ထိပ်တန်းသတင်းများ- နောင်ချိုမှာ TNLA /PDF ပူးပေါင်းတပ်နဲ့ စစ်ကောင်စီတပ်တို့ တိုက်ပွဲဆက်ပြင်းထန်နေ ,"Thu, 09 Nov 2023 11:32:20 GMT",https://www.bbc.com/burmese/articles/cxw1ne1ydnlo,https://www.bbc.com/burmese/articles/cxw1ne1ydnlo,နိုဝင်ဘာ ၇ ရက်က ရှမ်းမြောက်၊နောင်ချိုမြို့ အုမ္မခါးကျေးရွာမှာ တအာင်းတပ်(TNLA)နဲ့ မန္တလေးပြည်သူ့ကာကွယ်ရေးပူးပေါင်းတပ်ဖွဲ့ MDY PDF ပူးပေါင်းတပ်တို့ကစစ်ကောင်စီတပ်ရဲ့ သံချပ်ကာ တစ်စီးကို ပစ်ခတ်ဖျက်ဆီးခဲ့ပြီးနောက် ဒီကနေ့မှာတိုက်ပွဲပြင်းထန် နေပါတယ်။
အစ္စရေး - ဂါဇာ စစ်ပွဲကို ပြဆိုနေတဲ့ ကိန်းဂဏန်းများ ,"Thu, 09 Nov 2023 14:18:45 GMT",https://www.bbc.com/burmese/articles/c6pxlpl4kkxo,https://www.bbc.com/burmese/articles/c6pxlpl4kkxo,တစ်လကြာလာပြီဖြစ်တဲ့ အစ္စရေးနဲ့ဟားမတ်စ်အဖွဲ့တို့ကြားက ပဋိပက္ခနဲ့ပတ်သက်ပြီး အဓိကကိန်းဂဏန်းတွေကို စေ့ငုထားပါတယ်။
မွေးနေ့လက်ဆောင် လက်ပစ်ဗုံးပေါက်လို့ ယူကရိန်းတပ်ချုပ်ရဲ့လက်ထောက် သေဆုံး,"Thu, 09 Nov 2023 13:57:03 GMT",https://www.bbc.com/burmese/articles/cp6p78w5768o,https://www.bbc.com/burmese/articles/cp6p78w5768o,ယူကရိန်းစစ်တပ် ကာကွယ်ရေးဦးစီးချုပ်ရဲ့ လက်ထောက် ဗိုလ်မှူးဟာ သူ့မွေးနေ့မှာ လက်ဆောင်ရတဲ့ အထုပ်တွေကို သားဖြစ်သူနဲ့ဖွင့်ဖောက်ရင်း လက်ဆောင်ထဲပါလာတဲ့လက်ပစ်ဗုံးပေါက်ကွဲမှုကြောင့်သေဆုံးခဲ့တာဖြစ်ပါတယ်။
မြန်မာပြည်မြောက်ပိုင်းနဲ့ ဂါဇာမှာ အပစ်ရပ်ဖို့ ကုလပန်ကြား- နို၀င်ဘာ ၁၀ ရက် ညပိုင်း နိုင်ငံတကာသတင်းများ,"Fri, 10 Nov 2023 14:20:32 GMT",https://www.bbc.com/burmese/articles/cy02x73rkl7o,https://www.bbc.com/burmese/articles/cy02x73rkl7o,နို၀င်ဘာ ၁၀ ရက် ညပိုင်း နိုင်ငံတကာသတင်းများ
အစ္စရေးက ဂါဇာမှာ တစ်ရက်လေးနာရီအပစ်ရပ်မယ်,"Fri, 10 Nov 2023 11:27:45 GMT",https://www.bbc.com/burmese/articles/cp3p21plrdjo,https://www.bbc.com/burmese/articles/cp3p21plrdjo,အမေရိကန်ကတော့ အစ္စရေးရဲ့ ဒီလုပ်ဆောင်မှုကို'' ထင်ရှားမြင်သာတဲ့ပထမခြေလှမ်း'' လို့ ပြောထားပါတယ်။ဒါပေမဲ့ ကုလသမဂ္ဂပြောခွင့်ရကတော့ တိုက်ပွဲတွေရပ်ဖို့လုပ်တဲ့ဘယ်လိုလုပ်ဆောင်မှုမဆို ကုလသမဂ္ဂနဲ့ညှိနှိုင်းလုပ်ဆောင်မှသာ အမှန်တကယ်ထိရောက်လိမ့်မယ်လို့တုံ့ပြန်ထားပါတယ်။
ချီကန်ဂန်ညာ (ဆင်တုပ်ကွေး) ကာကွယ်ဆေး အမေရိကန် ပထမဆုံး အတည်ပြု,"Fri, 10 Nov 2023 15:42:47 GMT",https://www.bbc.com/burmese/articles/c6p6qqj63pyo,https://www.bbc.com/burmese/articles/c6p6qqj63pyo,ဒီရောဂါဟာ နောက်ထပ် ဒေသအသစ်တွေမှာလည်း ပျံ့နှံ့နေတယ်လို့ FDA က ပြောပါတယ်။
နိုဝင်ဘာ ၁၀ ရက်ထိပ်တန်းသတင်းများ -ရိုဟင်ဂျာတွေနေရပ်ပြန်ရေး စစ်ကောင်စီနဲ့ ကုလဆွေးနွေး,"Fri, 10 Nov 2023 09:12:28 GMT",https://www.bbc.com/burmese/articles/c72q62jyw7no,https://www.bbc.com/burmese/articles/c72q62jyw7no,ဘင်္ဂလားဒေ့ရှ်ရောက် ရိုဟင်ဂျာတွေကိုပြန်လည်ခေါ်ဆောင်ရေး ဆွေးနွေးကြတာကို စစ်ကောင်စီနိုင်ငံခြားရေးဝန်ကြီးဌာနရဲ့ ထုတ်ပြန်ချက်အရ သိရပါတယ်။
အစ္စရေး ဂါဇာ စစ်ပွဲ - စစ်ရာဇဝတ်မှုတွေ ကျူးလွန်နေကြသလား,"Fri, 10 Nov 2023 16:40:07 GMT",https://www.bbc.com/burmese/articles/c51xdgk93wyo,https://www.bbc.com/burmese/articles/c51xdgk93wyo,"ကုလသမဂ္ဂက အစ္စရေးနဲ့ ဟားမတ်စ်တို့က ဂါဇာကမ်းမြောင်မှာ ""စစ်ရာဇဝတ်မှုတွေ"" ကျူးလွန်နေကြတယ်လို့ ပြောပါတယ်။ ""စစ်ရာဇဝတ်မှု""ဆိုတာကို ဘာလဲ။ ဒါတွေကို ဘယ်လို စီရင်သလဲ။"
လွိုင်ကော် - မြို့သိမ်းရေးနဲ့ထိန်းရေးကြားက ပြည်နယ်မြို့တော်တိုက်ပွဲ ,"Tue, 14 Nov 2023 12:26:38 GMT",https://www.bbc.com/burmese/articles/crgpzj7w4y1o,https://www.bbc.com/burmese/articles/crgpzj7w4y1o,တနေ့ထက်တနေ့ပြင်းထန်လာတဲ့တိုက်ပွဲကြားမှာ အခုလိုအရပ်သားသေဆုံးမှုကလည်း အယောက်နှစ်ဆယ် ကျော်ပြီး ထိခိုက်ဒဏ်ရာရသူဦးရေကလည်း ၃၅ ယောက်အထိရှိနေပြီလို့ ကရင်နီကြားကာလအုပ်ချုပ်ရေး ကောင်စီ IEC ရဲ့အချက်အလက်တွေအရသိရပါတယ်။
ရေခဲတိုက်တွေ မလည်ပတ်နိုင်လို့ အလောင်းတွေ ဆေးရုံမှာ မြှုပ်နေရတဲ့ ဂါဇာ - နို၀င်ဘာ ၁၄ ရက် ညပိုင်း နိုင်ငံတကာသတင်းများ,"Tue, 14 Nov 2023 14:02:42 GMT",https://www.bbc.com/burmese/articles/crgpxzxk0g2o,https://www.bbc.com/burmese/articles/crgpxzxk0g2o,နို၀င်ဘာ ၁၄ ရက် ညပိုင်း နိုင်ငံတကာသတင်းများ
‘‘ဘယ်တော့မှ အရှုံးမပေးဘူး’’- ဝတ်လစ်စလစ်နှိပ်စက်ခံရတဲ့အမျိုးသမီးတွေ ,"Tue, 14 Nov 2023 11:47:39 GMT",https://www.bbc.com/burmese/articles/ckdp51dgjdro,https://www.bbc.com/burmese/articles/ckdp51dgjdro,မဏိပူရပြည်နယ်မှာ ဝတ်လစ်စလစ်နဲ့လိင်ပိုင်းဆိုင်ရာစော်ကားခံရတဲ့ဗီဒီယိုထဲက ကူကီး အမျိုးသမီးနှစ်ဦးနဲ့ ဘီဘီစီက တွေ့ဆုံမေးမြန်းထားတာဖြစ်ပါတယ်။
နိုဝင်ဘာ ၁၄ ရက် ထိပ်တန်းသတင်းများ - လောက်ကိုင်မြို့ကို ဝင်တိုက်တော့မယ်လို့ MNDAA ပြော ,"Tue, 14 Nov 2023 14:25:50 GMT",https://www.bbc.com/burmese/articles/c162xpw5g32o,https://www.bbc.com/burmese/articles/c162xpw5g32o,NUG အစိုးရသိမ်းထားတဲ့ ကောလင်းမြို့ ရဲ့ ခရိုင်မြန်မာ့စီးပွားရေးဘဏ်ကနေ ငွေသားလက်ကျန် ကျပ်ငွေသန်းပေါင်း ၉၅၂ သန်းကျော်ကို လက်ခံသိမ်းဆည်းရမိထားတယ်လို့ အမျိုးသားညီညွတ်ရေးအစိုးရ ရဲ့ ကြားကာလဗဟိုဘဏ် ကထုတ်ပြန်ပါတယ်။
၁၀၂၇ စစ်ဆင်ရေး ရက်စွဲမှတ်တမ်း,"Tue, 14 Nov 2023 11:59:53 GMT",https://www.bbc.com/burmese/articles/c032my447j5o,https://www.bbc.com/burmese/articles/c032my447j5o,ရှမ်းမြောက်က ၁၀၂၇ စစ်ဆင်ရေးနဲ့ပတ်သက်ပြီး အဓိကကျတဲ့နေ့ရက်တွေအကြောင်း ရုပ်မြင်အထူးပြုလုပ်ချက်နဲ့စုစည်းတင်ဆက်မှု
ရခိုင်တိုက်ပွဲ အေအေ ဘာပြောလဲ,"Mon, 13 Nov 2023 10:29:05 GMT",https://www.bbc.com/burmese/articles/ce4pjd3z8lvo,https://www.bbc.com/burmese/articles/ce4pjd3z8lvo,ရသေ့တောင်မြို့ထဲကနေရာအချို့နဲ့ မင်းပြားမြို့နယ်ထဲ တိုက်ပွဲတွေဖြစ်နေပြီး ရသေ့တောင်က တပ်စခန်းအချို့ကိုသိမ်းပိုက်ရရှိထားတယ်လို့ ‌ရက္ခိုင့်တပ်တော်(အေအေ)ပြောခွင့်ရ ခိုင်သုခက ဘီဘီစီကို အတည်ပြုပါတယ်။
ကြင်ရာရှာပေးတဲ့တရုတ်မိခင်တွေနောက်ကွယ်ကမဟာမိတ် ဘယ်သူလဲ,"Mon, 13 Nov 2023 11:15:50 GMT",https://www.bbc.com/burmese/articles/c252jjvydwgo,https://www.bbc.com/burmese/articles/c252jjvydwgo,တရုတ်လူငယ်တွေ လက်ထပ်ကြဖို့နဲ့ ကလေးယူကြဖို့ တရုတ်အာဏာပိုင်တွေ တိုက်တွန်းချက်က လူမှုအသိုက်အဝန်းမှာ ဒီလူငယ်တွေကြုံနေရတဲ့ဖိအားတွေကို ပိုတိုးလာနေစေပါတယ်။
ဒေးဗစ်ကင်မရွန်း ယူကေ နိုင်ငံခြားရေးဝန်ကြီးဖြစ်လာ,"Mon, 13 Nov 2023 11:36:10 GMT",https://www.bbc.com/burmese/articles/cn0p2d63wgyo,https://www.bbc.com/burmese/articles/cn0p2d63wgyo,"ဗြိတိန်မှာ နိုင်ငံခြားရေးဝန်ကြီးသစ်အဖြစ် အရင်ဝန်ကြီးချုပ်ဟောင်း ဒေးဗစ် ကင်မရွန်း ဖြစ်လာပါတယ်။
ဝန်ကြီးချုပ် ရီရှီဆူးနက်က ပြည်ထဲရေးနဲ့ နိုင်ငံခြားရေးဝန်ကြီးနေရာတွေအပြောင်းအလဲ လုပ်ရာမှာ ရှေ့တန်းနိုင်ငံရေးကနေ ပျောက်ကွယ်နေတဲ့ မစ္စတာ ကင်မရွန်းပါဝင်လာတာ ဖြစ်ပါတယ်။ "
ဒေဝါလီပွဲတော်အပြီး ဒေလီ လေထုက ပိုဆိုးဝါးလာနေ ဆိုတဲ့ သတင်းနဲ့အတူ  (နိုဝင်ဘာလ ၁၃ ရက် - နိုင်ငံတကာ သတင်းများ) ,"Mon, 13 Nov 2023 14:12:42 GMT",https://www.bbc.com/burmese/articles/cq5pd5d4n7qo,https://www.bbc.com/burmese/articles/cq5pd5d4n7qo,ဒေဝါလီ ပွဲတော် ဆင်နွှဲကြပြီးတဲ့နောက် အိန္ဒိယ မြို့တော် ‌ဒေလီမှာ မီးခိုးမြူတွေ ထူထပ်စွာဖုံးနေသလို ကောင်းကင်ကမှောင်နေကာ လေထု အရည် အသွေးက ဆိုးဆိုးဝါးဝါး ကျဆင်းနေပါတယ်။
နိုဝင်ဘာ ၁၃ ရက် ထိပ်တန်းသတင်းများ - တိုက်ပွဲဆက်ပြင်းထန်နေတဲ့ လွိုင်ကော်မှာ အရပ်သားတွေပိတ်မိနေဆဲ ,"Mon, 13 Nov 2023 10:45:37 GMT",https://www.bbc.com/burmese/articles/cz42vg5x5e7o,https://www.bbc.com/burmese/articles/cz42vg5x5e7o,ပြီးခဲ့တဲ့ရက်ပိုင်းက ရန်ကုန်အပါအဝင်မြို့ကြီးအချို့မှာ စက်သုံးဆီပြတ်လပ်တာကြုံတွေ့ခဲ့ရပြီးနောက်မှာပဲ  စက်သုံးဆီသင်္ဘောတွေဆိုက်ကပ်လာပြီဖြစ်တယ်လို့ စစ်ကောင်စီဘက်က ပြောလာပါတယ်။
လောက်ကိုင်ကို တရုတ်အထူးတပ်ဖွဲ့ဝင်ရောက်,"Sun, 12 Nov 2023 18:00:18 GMT",https://www.bbc.com/burmese/articles/c282rwwmgl9o,https://www.bbc.com/burmese/articles/c282rwwmgl9o,"လောက်ကိုင်မြို့မှာ ခိုအောင်းနေတဲ့ အွန်လိုင်းငွေလိမ်ဂိုဏ်းတွေ ကို နှိမ်နင်းဖို့ တရုတ်နိုင်ငံရဲ့ အထူးတပ်ဖွဲ့တွေကို မြန်မာနိုင်ငံထဲ ပထမဆုံးခြေချခွင့်ပြုလိုက်ပြီလို့ ဘီဘီစီက စုံစမ်းသိရှိရပါတယ်။
အွန်လိုင်းငွေလိမ်ဂိုဏ်းတွေနဲ့ အပြန်အလှန် ပစ်ခတ်မှု ကြုံရနိုင်တဲ့ အခုလို အထူးစစ်ဆင်ရေးမျိုး နှစ်နိုင်ငံကြားမှာ အရင်ကမရှိခဲ့ပါဘူး။
"
“တပ်ကိုတပ်နဲ့တူအောင်တည်ဆောက်ပြီး စစ်ကိုစစ်နဲ့တူအောင်တိုက်ခိုက်မယ်” - မန္တလေး PDF ကွပ်ကဲရေးမှူး,"Sun, 12 Nov 2023 12:47:26 GMT",https://www.bbc.com/burmese/articles/cp4pdzvrjnno,https://www.bbc.com/burmese/articles/cp4pdzvrjnno,မန္တလေး PDF ဟာ ၁၀၂၇ စစ်ဆင်ရေးရဲ့ ရှမ်းပြည်နယ်မြောက်ပိုင်းက ထိုးစစ်တိုက်ပွဲတွေဆီ စစ်ကူသွားဖို့ စစ်ကောင်စီတပ်ဖြတ်သန်းရတဲ့ မိုးကုတ်၊ နောင်ချို၊ ကျောက်မဲတကြောမှာ စစ်တပ်ကို မြောက်ပိုင်းညီနောင်မဟာမိတ်အဖွဲ့တစ်ဖွဲ့ဖြစ်တဲ့ တအာင်းတပ်(TNLA)နဲ့ ပူးပေါင်း တိုက်ခိုက်နေပါတယ်။
ကောလင်း -မြို့ပြန်ရဖို့ကြိုးစားတဲ့စစ်ကောင်စီတပ်ဘယ်လိုတိုက်ခိုက်ခံရလဲ,"Sat, 11 Nov 2023 13:01:36 GMT",https://www.bbc.com/burmese/articles/c1e2zdjlgvno,https://www.bbc.com/burmese/articles/c1e2zdjlgvno,NUG အစိုးရက ထိန်းချုပ်ထားတဲ့ ကောလင်းမြို့ကို ပြန်ရဖို့ တောင်ဘက် ကန့်ဘလူမြို့၊ အရှေ့ဘက် ထီးချိုင့်မြို့ နဲ့ ဘေးကပ်ရပ်တည်ရှိနေတဲ့ ဝန်းသိုမြို့တို့ကနေ တပ်အင်အားတွေ ဖြည့်ဖို့ စစ်ကောင်စီ ကြိုးစားနေတယ်လို့ ဒေသအသီးသီးမှာရှိတဲ့ PDF တွေဆီက သိရပါတယ်။
၁၀၂၇ စစ်ဆင်ရေးမှာ ဒရုန်းနဲ့ဘယ်လိုတိုက်ခိုက်လဲ,"Wed, 15 Nov 2023 13:12:13 GMT",https://www.bbc.com/burmese/articles/c51e8kl0kleo,https://www.bbc.com/burmese/articles/c51e8kl0kleo,၁၀၂၇ စစ်ဆင်ရေးအတွင်းမှာ မြောက်ပိုင်းမဟာမိတ်တပ်တွေဟာ စခန်းကုန်းတစ်ခုကို ဝင်တိုက်တဲ့အခါ အနည်းဆုံး ဒရုန်းအစင်းရေ ၃၀ ကနေ  ၄၀ ကြား အသုံးပြုခဲ့တဲ့အကြောင်း ရှေ့တန်းစစ်မျက်နှာပြင်ကို ကွပ်ကဲနေသူတွေထံက ဘီဘီစီက စုံစမ်းသိရပါတယ်။
အစ္စရေးစစ်တပ်တွေ ဂါဇာက အယ်ရှီဖာ ဆေးရုံထဲ၀င်စီး - နို၀င်ဘာ ၁၅ ရက် ညနေခင်း သတင်းများ,"Wed, 15 Nov 2023 15:05:36 GMT",https://www.bbc.com/burmese/articles/ce4pg5rv94eo,https://www.bbc.com/burmese/articles/ce4pg5rv94eo,နို၀င်ဘာ ၁၅ ရက် ညနေခင်း သတင်းများ
နိုဝင်ဘာ ၁၅ ရက် ထိပ်တန်းသတင်းများ -  မတ္တရာမှာ တိုက်ပွဲပြင်းထန်,"Wed, 15 Nov 2023 12:43:34 GMT",https://www.bbc.com/burmese/articles/crgpdy6d93eo,https://www.bbc.com/burmese/articles/crgpdy6d93eo,မန္တလေးတိုင်း၊ မတ္တရာမြို့နယ်ရဲ့အရှေ့ဘက်ခြမ်းမှာ တအာင်းတပ်(TNLA)၊ မန္တလေးနဲ့ မတ္တရာ PDF ပူးပေါင်းတပ်ဖွဲ့တွေနဲ့ စစ်ကောင်စီတပ်တို့ကြား ၃ ရက်တိုက် တိုက်ပွဲဖြစ်ခဲ့ပြီး စစ်ကောင်စီတပ်က လေကြောင်းကနေ အကြိမ်ကြိမ်ဗုံးကြဲတိုက်ခိုက်နေတယ်လို့  ဘီဘီစီကသိရပါတယ်။
‘‘ဘယ်တော့မှ အရှုံးမပေးဘူး’’- ဝတ်လစ်စလစ်နှိပ်စက်ခံရတဲ့အမျိုးသမီးတွေ ,"Wed, 15 Nov 2023 02:25:58 GMT",https://www.bbc.com/burmese/articles/ckdp51dgjdro,https://www.bbc.com/burmese/articles/ckdp51dgjdro,မဏိပူရပြည်နယ်မှာ ဝတ်လစ်စလစ်နဲ့လိင်ပိုင်းဆိုင်ရာစော်ကားခံရတဲ့ဗီဒီယိုထဲက ကူကီး အမျိုးသမီးနှစ်ဦးနဲ့ ဘီဘီစီက တွေ့ဆုံမေးမြန်းထားတာဖြစ်ပါတယ်။
၁၀၂၇ စစ်ဆင်ရေး ရက်စွဲမှတ်တမ်း,"Wed, 15 Nov 2023 04:56:42 GMT",https://www.bbc.com/burmese/articles/c032my447j5o,https://www.bbc.com/burmese/articles/c032my447j5o,ရှမ်းမြောက်က ၁၀၂၇ စစ်ဆင်ရေးနဲ့ပတ်သက်ပြီး အဓိကကျတဲ့နေ့ရက်တွေအကြောင်း ရုပ်မြင်အထူးပြုလုပ်ချက်နဲ့စုစည်းတင်ဆက်မှု
အယ်လ်ရှီဖာဆေးရုံထဲမှာ ဟားမတ်စ်တွေရဲ့ လက်နက်တွေ သိမ်းဆည်းမိတယ်လို့ အစ္စရေးပြော - နိုဝင်ဘာလ ၁၆ ရက်ညပိုင်း သတင်းများ,"Thu, 16 Nov 2023 15:05:31 GMT",https://www.bbc.com/burmese/articles/c142rv2dqg7o,https://www.bbc.com/burmese/articles/c142rv2dqg7o,နိုဝင်ဘာလ ၁၆ ရက်ညပိုင်း သတင်းများ
မြန်မာမှာ ဒုက္ခသည် ၂ သန်းကျော်သွားပြီ,"Thu, 16 Nov 2023 12:02:45 GMT",https://www.bbc.com/burmese/articles/ce7p0ejx5d3o,https://www.bbc.com/burmese/articles/ce7p0ejx5d3o,ရခိုင်ပြည်နယ်အထိ ပဋိပက္ခကျယ်ပြန့်လာချိန်မှာပဲ စစ်အာဏာသိမ်းမှုအောက်က မြန်မာနိုင်ငံမှာ ဒုက္ခသည် ၂ သန်းကျော်သွားပြီလို့ ကုလသမဂ္ဂက ပြောလာပါတယ်။
ဟားမတ်စ်တို့နည်းနဲ့ မြောက်ကိုရီးယားက တိုက်ခိုက်လာမှာကို တောင်ကိုရီးယား စိုးရိမ် ,"Thu, 16 Nov 2023 16:33:28 GMT",https://www.bbc.com/burmese/articles/c518e83x975o,https://www.bbc.com/burmese/articles/c518e83x975o,"မြောက်ကိုရီးယားက တောင်ကိုရီးယားကို စစ်ပြုလာရင် ""ဟားမတ်စ်တို့ ကျူးကျော်ခဲ့ပုံနဲ့ အလားတူတဲ့ နည်းတွေ သုံးနိုင်တယ်"" ဆိုတဲ့ အထောက် အထားတွေ တွေ့ရတယ်လို့ တောင်ကိုရီးယားရဲ့ စစ်ဦးစီးချုပ်များအဖွဲ့ ဥက္ကဋ္ဌက အရင်လအတွင်းမှာ ပြောခဲ့ပါတယ်။ "
တရုတ်ဝရမ်းထုတ်ထားတဲ့ ကိုးကန့်သူဌေးကြီး မြီရှောက်ချန်း သေဆုံး,"Thu, 16 Nov 2023 11:53:45 GMT",https://www.bbc.com/burmese/articles/c4n42w49y9mo,https://www.bbc.com/burmese/articles/c4n42w49y9mo,အွန်လိုင်းငွေလိမ်လုပ်ငန်းတွေနဲ့ဆက်နွှယ်ပြီး တရုတ်ဘက်ကရော စစ်ကောင်စီဘက်ကပါ ဝရမ်းထုတ်ထားတဲ့ ကိုးကန့်သူဌေး ဦးမြီရှောက်ချန်း လောက်ကိုင်မြို့မှာ နိုဝင်ဘာ ၁၆ ရက်က သေဆုံးသွားပြီလို့ ဘီဘီစီက စုံစမ်းသိရှိရပါတယ်။
နိုဝင်ဘာ ၁၆ ရက် ထိပ်တန်းသတင်းများ - စစ်ရေးတင်းမာနေတဲ့ ဒေသတွေက ပုဂ္ဂလိကဘဏ်တချို့ ပိတ်ထား,"Thu, 16 Nov 2023 10:34:31 GMT",https://www.bbc.com/burmese/articles/crgp8r7p85yo,https://www.bbc.com/burmese/articles/crgp8r7p85yo,တိုက်ပွဲပြင်းထန်ဖြစ်ပွားနေတဲ့ဒေသတွေက ပုဂ္ဂလိကဘဏ်တချို့ ပိတ်ထားတာနဲ့ ဘဏ်ဝန်ထမ်းတွေကို လစာကြိုထုတ်ပေးတယ်ဆိုတဲ့သတင်းတွေကြောင့် ဘဏ်တွေနဲ့ပတ်သက်ပြီး စိုးရိမ်နေရတယ်လို့ လူထုတွေက ဘီဘီစီကိုပြောလာသလို လူမှုကွန်ရက်မှာလည်းရေးသားနေကြပါတယ်။
အဆင့်မြင့်အရာရှိအဆင့် စစ်ဘက်ဆက်ဆံရေးပြန်စဖို့ ကန်နဲ့ တရုတ်သဘောတူ,"Thu, 16 Nov 2023 05:56:03 GMT",https://www.bbc.com/burmese/articles/c5175jg6xw3o,https://www.bbc.com/burmese/articles/c5175jg6xw3o,မစ္စတာဘိုင်ဒန်ကတော့ နှစ်နိုင်ငံခေါင်းဆောင်တွေကြား သဘောမတူနိုင်တာတွေရှိနေပေမဲ့ သမ္မတ ရှီဟာ ‘‘ပွင့်ပွင့်လင်းလင်းပဲ ဆွေးနွေးထားပါတယ်’’ လို့ ပြောပါတယ်။
ယူကေ အပါအဝင် ၆ နိုင်ငံက ICJ မှာ မြန်မာကိုတရားစွဲတဲ့ ဂမ်ဘီယာဘက်ကနေကြားဝင်,"Fri, 17 Nov 2023 13:00:08 GMT",https://www.bbc.com/burmese/articles/c6px56yr1exo,https://www.bbc.com/burmese/articles/c6px56yr1exo,အပြည်ပြည်ဆိုင်ရာတရားရုံး ICJ မှာ ဂမ်ဘီယာနိုင်ငံက မြန်မာနိုင်ငံအပေါ် တရားစွဲဆိုထားတဲ့အပေါ် ယူကေ အပါအဝင် ၆ နိုင်ငံက ပူးတွဲကြားဝင်ဆောင်ရွက်မှုဆိုင်ရာ ကြေညာချက်တစ်ရပ်ကို တင်သွင်းလိုက်တယ်လို့ ယူကေအစိုးရနဲ့သက်ဆိုင်ရာနိုင်ငံတွေကထုတ်ပြန်ပါတယ်။
ဂါဇာကို တစ်ရက် ဆီကား နှစ်စီး ဝင်ခွင့်ပြု - နိုဝင်ဘာ ၁၇ ရက် ညပိုင်း နိုင်ငံတကာသတင်းများ,"Fri, 17 Nov 2023 15:21:35 GMT",https://www.bbc.com/burmese/articles/c3g2z08pmvgo,https://www.bbc.com/burmese/articles/c3g2z08pmvgo,နိုဝင်ဘာ ၁၇ ရက် ညပိုင်း နိုင်ငံတကာသတင်းများ
ပေါက်တောမြို့မှာစစ်ရှောင်ပြည်သူတွေ ပစ်ခတ်ခံရလို့ သေဆုံး,"Fri, 17 Nov 2023 10:27:03 GMT",https://www.bbc.com/burmese/articles/c9w3rnw7j33o,https://www.bbc.com/burmese/articles/c9w3rnw7j33o,ပေါက်တောမြို့ရဲ့ အနောက်မြောက်ဘက်မှာရှိတဲ့ လောကထိပ်ပန်ဘုရား တောင်ကုန်းပေါ်ကို စစ်ကောင်စီတပ်ဖွဲ့ဝင်တွေ တပ်စွဲခဲ့ကြပြီး စစ်ရှောင်ပြည်သူတွေကို ပစ်ခတ်ခဲ့တာကြောင့် လူဆယ်နဲ့ချီ သေဆုံးခဲ့တယ်လို့ ဒေသခံတွေကပြောသလို ဒေသတွင်းမီဒီယာတွေမှာပါ ဖော်ပြထားပါတယ်။
နိုဝင်ဘာ ၁၇ ရက် ထိပ်တန်းသတင်းများ -  ရိခေါဒါရ်မြို့ ကို ချင်းကာကွယ်ရေးတပ်တွေသိမ်းပိုက်ထားပြီးနယ်မြေရှင်းလင်း,"Fri, 17 Nov 2023 10:23:36 GMT",https://www.bbc.com/burmese/articles/c9xrp86yp6po,https://www.bbc.com/burmese/articles/c9xrp86yp6po,ချင်းကာကွယ်ရေးတပ်တွေသိမ်းထားတဲ့ အိန္ဒိယ-မြန်မာနယ်စပ်အနီး ချင်းပြည်နယ်၊ဖလမ်းခရိုင် ထဲက ရိခေါဒါရ်မြို့ မှာ ချင်းအမျိုးသားတပ်မတော် - CNA ဦးဆောင်တဲ့ ချင်းကာကွယ်ရေးတပ်ပေါင်းစုတွေက နယ်မြေရှင်းလင်း‌ရေးလုပ်ပြီး မြို့ကို ထိန်းချုပ်ထားတယ်လို့ ထုတ်ပြန်ထားပါတယ်။
ဒေလီမြို့တော်က မီးခိုးမြူကို မိုးတုရွာပြီး ရှင်းနိုင်မလား,"Fri, 17 Nov 2023 12:28:17 GMT",https://www.bbc.com/burmese/articles/ce9pvpvw33wo,https://www.bbc.com/burmese/articles/ce9pvpvw33wo,ဒေလီမြို့တော်ဟာ စက်သုံးယာဉ်တွေနဲ့ စက်မှုလုပ်ငန်းတွေက ထုတ်လွှတ်တဲ့ မီးခိုးတွေနဲ့ အမှုန်အမွှားတွေကြောင့် တနှစ်ပတ်လုံး လေထုညစ်ညမ်းမှုနဲ့ ရင်ဆိုင်နေရပါတယ်။
မြန်မာမှာ ဒုက္ခသည် ၂ သန်းကျော်သွားပြီ,"Fri, 17 Nov 2023 08:18:51 GMT",https://www.bbc.com/burmese/articles/ce7p0ejx5d3o,https://www.bbc.com/burmese/articles/ce7p0ejx5d3o,ရခိုင်ပြည်နယ်အထိ ပဋိပက္ခကျယ်ပြန့်လာချိန်မှာပဲ စစ်အာဏာသိမ်းမှုအောက်က မြန်မာနိုင်ငံမှာ ဒုက္ခသည် ၂ သန်းကျော်သွားပြီလို့ ကုလသမဂ္ဂက ပြောလာပါတယ်။
နိုဝင်ဘာ ၁၈ ရက်ထိပ်တန်းသတင်းများ -  လောက်ကိုင်စစ်ဘေးရှောင်စခန်း စားနပ်ရိက္ခာခက်ခဲနေ  မြို့ထဲမှာ မီး နဲ့ ရေ ပြတ်တောက်,"Sat, 18 Nov 2023 08:46:07 GMT",https://www.bbc.com/burmese/articles/cn0pk6g6yeyo,https://www.bbc.com/burmese/articles/cn0pk6g6yeyo,"ရှမ်းပြည်နယ်(မြောက်ပိုင်း) လောက်ကိုင်မြို့၊ တရုတ်နယ်စပ်က ရန်လုံကျိုင်း စစ်ရှောင်စခန်းနဲ့ မြို့ထဲမှာရှိတဲ့ စစ်ရှောင်စခန်း နှစ်ခုမှာ စားနပ်ရိက္ခာ မလုံလောက်တော့ဘူးလို့ ကယ်ဆယ်ရေးအဖွဲ့ဝင်တစ်ဦးက ဘီဘီစီကိုပြောပါတယ်။
“ကျွန်တော်ထင်တယ်။ အလွန်ဆုံး ရက်ပိုင်းလောက်ပဲတောင့်ခံနိုင်တော့မယ်” လို့ သူက ပြောပါတယ်။"
ဖရဲသီးက ပါလက်စတိုင်းရဲ့ သင်္ကေတ ဘယ်လို ဖြစ်လာသလဲ ,"Sat, 18 Nov 2023 17:09:52 GMT",https://www.bbc.com/burmese/articles/c2l2vk4xq93o,https://www.bbc.com/burmese/articles/c2l2vk4xq93o,အနီ၊ အနက်၊ အဖြူ၊ အစိမ်းစတဲ့ အ‌ရောင်တွေက ဖရဲသီးမှာတင် ရှိတာမဟုတ်ပါဘူး၊ ပါလက်စတိုင်းအလံက အရောင်တွေကလည်း ဒီအတိုင်းပါပဲ။
ကတ်ကိုဘိန်းရဲ့  ဂစ်တာ နောက်တစ်လက် ဒေါ်လာတစ်သန်းကျော် ထပ်ရပြန်ပြီ - နိုဝင်ဘာ ၁၈ ရက်  နိုင်ငံတကာ သတင်းများ,"Sat, 18 Nov 2023 15:03:13 GMT",https://www.bbc.com/burmese/articles/cm5pmrj1991o,https://www.bbc.com/burmese/articles/cm5pmrj1991o,နီဗားနားရဲ့ နောက်ဆုံး ခရီးစဉ်မှာ ကက်ကိုဘိန်း တီးခဲ့တဲ့ ဂစ်တာကို လေလံပွဲမှာ ဒေါ်လာ တစ်သန်းခွဲမက ပေးပြီးဝယ်သွား
X မှာ ကြော်ငြာမထည့်ဖို့ လှုပ်ရှားမှု အရှိန်ရနေ,"Sat, 18 Nov 2023 11:48:34 GMT",https://www.bbc.com/burmese/articles/c4n82xd4djyo,https://www.bbc.com/burmese/articles/c4n82xd4djyo,နာဇီဆိုင်ရာအကြောင်းအရာတွေကို မဖယ်ရှားတာကြောင့် ကြော်ငြာရှင်တွေ စိုးရိမ်နေကြပါတယ် လို့ တွစ်တာရင်းနှီးမြှုပ်နှံသူ ရော့စ် ဂါဘာက လွန်ခဲ့တဲ့အပတ်မှာ ဘီဘီစီကိုပြောပါတယ်။
ရေနဲ့ အောက်စီဂျင်တွေ ပြတ်နေပြီလို့ အယ်လ်ရှီဖာဆေးရုံဒါရိုက်တာပြော,"Sat, 18 Nov 2023 12:05:35 GMT",https://www.bbc.com/burmese/articles/cx813yjgp97o,https://www.bbc.com/burmese/articles/cx813yjgp97o,ဂါဇာကမ်းမြောင်ဒေသရဲ့ အဓိကဆေးရုံဟာ အစ္စရေးစစ်တပ်ရဲ့ ဝင်ရောက်စီးနင်းတိုက်ခိုက်ခြင်း ခံနေရပြီး လက်ရှိမှာတော့ အောက်ဆီဂျင်နဲ့ ရေတွေပြတ်နေတာကြောင့် လူနာတွေ “ရေငတ်ပြီးအော်ဟစ်ကုန်ကြပြီ” လို့ အယ်လ်ရှီဖာဆေးရုံဒါရိုက်တာက ဘီဘီစီကို ပြောပါတယ်။
နိုဝင်ဘာ ၁၈ ရက်ထိပ်တန်းသတင်းများ -  လောက်ကိုင်စစ်ဘေးရှောင်စခန်း စားနပ်ရိက္ခာခက်ခဲနေ  မြို့ထဲမှာ မီး နဲ့ ရေ ပြတ်တောက်,"Sat, 18 Nov 2023 08:46:07 GMT",https://www.bbc.com/burmese/articles/cn0pk6g6yeyo,https://www.bbc.com/burmese/articles/cn0pk6g6yeyo,ကရင်ပြည်နယ်၊ ကော့ကရိတ်မြို့နယ်ထဲမှာရှိတဲ့ စစ်ကောင်စီရဲ့ အုပ်ချုပ်ရေးအောက်မှာပါဝင်ပြီး တာဝန်ထမ်းဆောင်နေသူတွေအားလုံး (၇)ရက်အတွင်း မြို့ထဲကနေ အမြန်ဆုံးထွက်ခွာသွားပေးဖို့ ‌ကရင်အမျိုးသားအစည်းအရုံး KNU က နိုဝင်ဘာ ၁၇ ရက်မှာ ထုတ်ပြန်ပါတယ်။
စစ်မြေပြင်က တက္ကသိုလ်တွေနဲ့ ပိတ်မိနေတဲ့ကျောင်းသားတွေ,"Sun, 19 Nov 2023 11:25:12 GMT",https://www.bbc.com/burmese/articles/c0326ner1x1o,https://www.bbc.com/burmese/articles/c0326ner1x1o,ရှမ်းပြည်နယ်မြောက်ပိုင်းက ၁၀၂၇ စစ်ဆင်ရေးနဲ့အတူ ကရင်နီ၊ ရခိုင် စတဲ့ပြည်နယ်တွေမှာပါ တိုက်ပွဲတွေ ပြင်းထန်လာခဲ့တဲ့နောက်မှာတော့ စစ်မြေပြင်မှာရှိတဲ့စစ်ကောင်စီဖွင့်လှစ်ထားတဲ့တက္ကသိုလ်တွေလည်း ရုတ်တရက်ဆိုသလို ရပ်နားလိုက်ကြပါပြီ။
ရွှေကျင်ဂိုဏ်း- တွဲဖက်သာသနာပိုင် စည်ရှင်ဆရာတော်ကြီးပျံလွန်တော်မူ,"Sun, 19 Nov 2023 13:00:06 GMT",https://www.bbc.com/burmese/articles/c72rdn444ygo,https://www.bbc.com/burmese/articles/c72rdn444ygo,လက်မှတ်ထိုးမေတ္တာရပ်ခံတဲ့ဆရာတော်ကြီးတွေထဲ စည်ရှင်ဆရာတော်ကြီးလည်းတစ်ပါးအပါအဝင်ဖြစ်ပါတယ်။ စာထဲမှာ ဆရာနဲ့ ဒကာဝတ္တရားရှိတာနဲ့ အညီမေတ္တာရပ်ခံတယ်လို့ပြောထားပြီး လက်နက်မဲ့ပြည်သူတွေကို အကြမ်းဖက်သတ်ဖြတ် နှိမ်နင်းတာရပ်ဖို့၊မေတ္တာရှေ့ထားပြီး ဗုဒ္ဓဘာသာကောင်းပီသမှုကိုပြဖို့ဆိုတဲ့အချက်တွေ ပါဝင်ပါတယ်။
နိုဝင်ဘာ ၁၉ ရက် ထိပ်တန်းသတင်းများ - လောက်ကိုင်မှာပိတ်မိတဲ့ ထိုင်းရာချီ တရုတ်နိုင်ငံရောက်ပြီ,"Sun, 19 Nov 2023 11:54:43 GMT",https://www.bbc.com/burmese/articles/cd1pydxep8go,https://www.bbc.com/burmese/articles/cd1pydxep8go,တရုတ်-မြန်မာ နယ်စပ်၊ ရှမ်းပြည်နယ်မြောက်ပိုင်း၊ လောက်ကိုင်မြို့က တိုက်ပွဲတွေမှာ ပိတ်မိနေခဲ့တဲ့ ထိုင်းနိုင်ငံသား ၂၆၆ ဦးဟာ အခုတော့ တရုတ်အာဏာပိုင်တွေ လက်ခံလို့ တရုတ်နိုင်ငံထဲကို ရောက်နေပြီလို့ ထိုင်းနိုင်ငံခြားရေးဝန်ကြီးဌာနဘက်က သတင်းထုတ်ပြန်လာပါတယ်။
ကျည်ဆန်ထက် သတ်အားပြင်းတဲ့ အိမ်သာမလုံလောက်မှု ,"Sun, 19 Nov 2023 03:57:02 GMT",https://www.bbc.com/burmese/articles/cldpl4qvl05o,https://www.bbc.com/burmese/articles/cldpl4qvl05o,မိလ္လာနဲ့ ရေဆိုးစနစ်မသန့်တာကြောင့် ရောဂါဖြစ်ပြီး တစ်နေ့ကို ကလေးငယ် တစ်ထောင် သေဆုံးနေတယ်လို့ ကုလသမဂ္ဂ ကလေးများရန်ပုံငွေအဖွဲ့(UNICEF) က ပြောပါတယ်။
ဂါဇာထဲ လောင်စာဆီ နောက်ထပ်တချို့ အစ္စရေး ဝင်ခွင့်ပြု  - နိုဝင်ဘာ ၂၁ မနက်ခင်း ထိပ်တန်း သတင်း,"Mon, 20 Nov 2023 21:00:27 GMT",https://www.bbc.com/burmese/articles/c7291d569m3o,https://www.bbc.com/burmese/articles/c7291d569m3o,လောင်စာဆီတင် ထရပ်ကား ၆ စင်း ဂါဇာထဲ ဝင်သွား တာမှာ ဆီဂါလံ ပေါင်း တစ်သောင်းရှစ်ထောင် သယ်ဆောင်သွား
ဂါဇာက နောက်ထပ်ဆေးရုံတစ်ခု တိုက်ခိုက်ခံရ-နိုဝင်ဘာလ ၂၀ ရက် ညပိုင်း နိုင်ငံတကာသတင်းများ,"Mon, 20 Nov 2023 15:34:50 GMT",https://www.bbc.com/burmese/articles/clmpdng8kz7o,https://www.bbc.com/burmese/articles/clmpdng8kz7o,နိုဝင်ဘာလ ၂၀ ရက်ညပိုင်း နိုင်ငံတကာသတင်းများ
စာကျက်သံတွေပျောက်သွားတဲ့ရွာ- လေကြောင်းပစ်ခတ်မှု ၁ ခုအတွက် စစ်တပ်ဘယ်လောက်သုံးလဲ ,"Mon, 20 Nov 2023 11:11:09 GMT",https://www.bbc.com/burmese/articles/c3gl5pn1gldo,https://www.bbc.com/burmese/articles/c3gl5pn1gldo,‘‘စစ်တပ်ကို ကျွန်တော်တို့ မေးချင်တယ်။ကျွန်တော်တို့ရွာက သူတို့ကိုဘာလုပ်လို့လဲ။ ဘာလို့အပြစ်မဲ့ ပြည်သူတွေကို သတ်နေတာလဲ။ ရွာမှာဘာတိုက်ပွဲမှမရှိဘဲ ဒီလိုအကြောင်းမဲ့ ဗုံးကြဲသတ်တာကို တာဝန်ယူပေးပါ’’
နိုဝင်ဘာ ၂၀ ရက်ထိပ်တန်းသတင်းများ - ကရင်နီစစ်ရှောင် ၆၀၀ နီးပါး ထိုင်းကိုထွက်ပြေး,"Mon, 20 Nov 2023 08:24:04 GMT",https://www.bbc.com/burmese/articles/cd1pnell0zwo,https://www.bbc.com/burmese/articles/cd1pnell0zwo,မြန်မာ - ထိုင်းနယ်စပ် မြန်မာဘက်ခြမ်းမှာရှိတဲ့ ဒေါနိုးကူးစစ်ရှောင်စခန်းတဝိုက်ကို လက်နက်ကြီးကျရောက်တာတွေခပ်စိပ်စိပ်ရှိလာတာကြောင့် ကလေးသူငယ်နဲ့သက်ကြီးရွယ်အိုရာနဲ့ချီ ထိုင်းနိုင်ငံဘက်ခြမ်း ထွက်ပြေးလာတယ်လို့ သိရပါတယ်။
အမေရိကန်သမ္မတကတော်ဟောင်း ရိုစလင်းကာတာ အသက် ၉၆ နှစ်အရွယ်မှာ ကွယ်လွန်,"Mon, 20 Nov 2023 10:18:34 GMT",https://www.bbc.com/burmese/articles/crgpvrej1jpo,https://www.bbc.com/burmese/articles/crgpvrej1jpo,သမ္မတကတော်ဟောင်း ရိုစလင်းကာတာဟာ စိတ်ကျန်းမာရေးနဲ့ပတ်သက်ပြီး အသိပညာမြှင့်တင်ရေး ဦးဆောင်ဦးရွက်ပြုခဲ့သူတစ်ဦးဖြစ်ပြီး သူတို့ဇနီးမောင်နှံတည်ထောင်တဲ့ ကာတာစင်တာဟာ မြန်မာပြည်တွင်းမှာ ရွေးကောက်ပွဲနဲ့ ငြိမ်းချမ်းရေးမှာ အမျိုးသမီးတွေပါဝင်ရေး အားထုတ်ခဲ့ပါတယ်။
စစ်မှုမထမ်းရအောင် ယူကရိန်းအမျိုးသားတွေ ဘယ်လိုတိမ်းရှောင်နေကြလဲ,"Mon, 20 Nov 2023 04:54:29 GMT",https://www.bbc.com/burmese/articles/c292jepy2zro,https://www.bbc.com/burmese/articles/c292jepy2zro,ရုရှားကျူးကျော်မှုဖြစ်ပြီးတဲ့နောက်မှာ ယူကရိန်းအမျိုးသားအများစု နိုင်ငံထဲကနေ ထွက်ခွာခွင့် တားမြစ်ခံပေမဲ့ အများစုဟာ ပြည်ပကို ထွက်ခွာနေကြဆဲဖြစ်ပါတယ်။
ပုံမှန်အခြေအနေဆိုရင် ကုဖို့လွယ်တဲ့ ရောဂါတွေနဲ့ ဂါဇာကလေးငယ်တွေ သေဆုံးနေကြရ,"Tue, 21 Nov 2023 20:53:04 GMT",https://www.bbc.com/burmese/articles/cq5pe17xe2ro,https://www.bbc.com/burmese/articles/cq5pe17xe2ro,ဂါဇာမြောက်ပိုင်း ပုံမှန် လည်ပတ်နိုင်တဲ့ ဆေးရုံရယ်လို့ မရှိတော့ဘူးဆိုပြီး ကမ္ဘာ့ကျန်းမာရေး အဖွဲ့ သတိပေး
ဟားမတ်စ် အစ္စရေးအပစ်ရပ်ရေး နီးလာ-နိုဝင်ဘာလ ၂၁ ရက် ညပိုင်း နိုင်ငံတကာသတင်းများ,"Tue, 21 Nov 2023 15:27:34 GMT",https://www.bbc.com/burmese/articles/c90x1vz1evgo,https://www.bbc.com/burmese/articles/c90x1vz1evgo,နိုဝင်ဘာလ ၂၁ ရက် ညပိုင်း နိုင်ငံတကာ သတင်းများ
ကိုးကန့် ဘီလီယံနာမိသားစုတွေ သောကပွေချိန်,"Tue, 21 Nov 2023 12:42:01 GMT",https://www.bbc.com/burmese/articles/cljp718k44go,https://www.bbc.com/burmese/articles/cljp718k44go,"ဖုန်ကြားရှင်ရဲ့ သြဇာခံဟောင်းတွေဖြစ်တဲ့ ပယ် မိသားစု၊ မြီ မိသားစု၊ ဝေ မိသားစု နဲ့ လျို မိသားစု တို့ဟာ ဖုန်မိသားစု ခေတ်အလွန်မှာ သြဇာရော ဓနပါ အင်အားကြီးထွားလာကြတာပါ။
ဒီမိသားစု လေးစု ပိုင်တဲ့ ကာစီနိုဝိုင်းတွေရဲ့ နှစ်ချုပ်စာရင်းဟာ ယွမ်သန်းချီ အထိ အလျှော်အစား ရှိနိုင်တယ်လို့ ကိုးကန့်စီးပွားရေးအသိုင်းအဝိုင်းကခန့်မှန်းကြပါတယ်။
"
‘‘သက်ငယ်လက်ထပ်မှုကို မျိုးဆက်တစ်ခုအတွင်း ကျွန်မတို့ အဆုံးသတ်နိုင်ပါတယ်’’,"Tue, 21 Nov 2023 13:00:08 GMT",https://www.bbc.com/burmese/articles/cmmp860e353o,https://www.bbc.com/burmese/articles/cmmp860e353o,သက်ငယ်အရွယ်လက်ထပ်မှု အဆုံးသတ်ဖို့ လိုတယ်လို့ မီရှဲလ် အိုဘားမား၊ အမယ်လ် ကလူနီနဲ့ မလင်ဒါ ဖရန့်ချ် ဂိတ်စ်တို့က ဘီဘီစီကို ပြောပါတယ်။
နိုဝင်ဘာလ ၂၁ ရက်ထိပ်တန်းသတင်းများ - ပေါက်တောမြို့ပေါ်မှာ တိုက်ပွဲပြင်းထန်နေ,"Tue, 21 Nov 2023 10:23:32 GMT",https://www.bbc.com/burmese/articles/c4nvjd0dp2lo,https://www.bbc.com/burmese/articles/c4nvjd0dp2lo,စစ်ကောင်စီတပ်စွဲထားတဲ့ လွိုင်ကော်တက္ကသိုလ်မှာ ရင်ဆိုင်တိုက်ပွဲတွေဖြစ်ခဲ့ကြချိန် တော်လှန်ရေးအင်အားစုတွေကယ်ထုတ်ထားတဲ့ ပညာရေးဝန်ထမ်းတွေ ‌ဘေးကင်း‌ကြောင်း မနေ့က ဗီဒီယိုဖိုင်နဲ့ထုတ်ပြန်လာပါတယ်။
အပစ်ရပ် မစခင် ဂါဇာမှာ အစ္စရေးက တိုက်ခိုက်မှုတွေ ဆက်လုပ်နေ-နိုဝင်ဘာလ ၂၂ ရက် ညပိုင်းနိုင်ငံတကာသတင်းများ,"Wed, 22 Nov 2023 14:58:33 GMT",https://www.bbc.com/burmese/articles/c4nv79pvn30o,https://www.bbc.com/burmese/articles/c4nv79pvn30o,နိုဝင်ဘာ ၂၂ ရက် ညပိုင်းနိုင်ငံတကာသတင်းများ
နိုဝင်ဘာလ ၂၂ ရက် ထိပ်တန်းသတင်းများ - အွန်လိုင်းငွေကြေးလိမ်လည်မှုနဲ့ သံသယရှိသူ ၃ သောင်းကျော်ကို တရုတ်ဘက်ကိုလွှဲပြောင်း,"Wed, 22 Nov 2023 07:57:55 GMT",https://www.bbc.com/burmese/articles/c6pxnpzrvl1o,https://www.bbc.com/burmese/articles/c6pxnpzrvl1o,မြန်မာနိုင်ငံ‌မြောက်ပိုင်း မှာ အခြေချလုပ်ကိုင်နေတဲ့ အွန်လိုင်းငွေလိမ်ဂိုဏ်း(ကျားဖြန့်)တွေမှာ ပါဝင်ပတ်သက်နေတယ်လို့ သံသယရှိတဲ့ တရုတ်နိုင်ငံသား ၃ သောင်း‌ကျော်ကို စစ်ကောင်စီအာဏာပိုင်တွေဘက်က တရုတ်နိုင်ငံကို လွှဲပြောင်းပေးထားတယ်လို့ တရုတ်ပြည်သူ့လုံခြုံရေးဝန်ကြီးဌာနက ထုတ်ပြန်ပါတယ်။
နိုဝင်ဘာလ ၂၂ ရက် ထိပ်တန်းသတင်းများ - အွန်လိုင်းငွေကြေးလိမ်လည်မှုနဲ့ သံသယရှိသူ ၃ သောင်းကျော်ကို တရုတ်ဘက်ကိုလွှဲပြောင်း,"Wed, 22 Nov 2023 07:57:55 GMT",https://www.bbc.com/burmese/articles/c6pxnpzrvl1o,https://www.bbc.com/burmese/articles/c6pxnpzrvl1o,ရန်ကုန်မြို့ က မြို့နယ်အချို့က အခြေခံပညာအဆင့်ကျောင်းတွေမှာ စစ်ကောင်စီတပ်တွေက တပ်စွဲဝင်ရောက်နေထိုင်တာတွေလုပ်နေတယ်လို့ ‌ရန်ကုန်မြို့ခံအချို့ကဘီဘီစီကိုပြောလာပါတယ်။
ဂါဇာမှာ သောကြာနေ့ ယာယီအပစ်ရပ်စမယ် - နိုဝင်ဘာ ၂၃ ရက် ညပိုင်း နိုင်ငံတကာသတင်းများ,"Thu, 23 Nov 2023 15:04:06 GMT",https://www.bbc.com/burmese/articles/c4nv7y8q3q5o,https://www.bbc.com/burmese/articles/c4nv7y8q3q5o,နိုဝင်ဘာ ၂၃ ရက် ညပိုင်း နိုင်ငံတကာသတင်းများ
အပစ်ရပ်မစသေးခင် ဂါဇာက ပစ်မှတ် ၃၀၀ ကို တိုက်ခိုက်ခဲ့တယ်လို့ အစ္စရေးပြော,"Thu, 23 Nov 2023 11:47:25 GMT",https://www.bbc.com/burmese/articles/c292r89yrkno,https://www.bbc.com/burmese/articles/c292r89yrkno,မနေ့က တိုက်ခိုက်မှုတွေကို လေကြောင်းကို ပြုလုပ်ခဲ့ပြီး ဟားမတ်စ် ဌာနချုပ်စခန်းတွေ၊ မြေအောက်လိုဏ်ခေါင်းတွေ၊ ဖောက်ခွဲရေးပစ္စည်း ဂိုဒေါင်တွေ၊ ဖောက်ခွဲရေးပစ္စည်း ထုတ်လုပ်တဲ့နေရာတွေနဲ့ တင့်ဖျက်ဒုံးနေရာတွေကို တိုက်ခိုက်ခဲ့တယ်လို့ ဆိုပါတယ်။
နိုဝင်ဘာလ ၂၃ ရက် ထိပ်တန်းသတင်းများ - မူဆယ်၊ ကျင်စန်းကျော့နယ်စပ်ကုန်သွယ်ရေးဂိတ် လက်နက်ကြီးကျ,"Thu, 23 Nov 2023 06:11:35 GMT",https://www.bbc.com/burmese/articles/cz92rr2g36do,https://www.bbc.com/burmese/articles/cz92rr2g36do,တရုတ် - မြန်မာနယ်စပ် မူဆယ် ၁၀၅ မိုင်ကုန်သွယ်ရေးအနီးက ကျင်စန်းကျော့ နယ်စပ်ကုန်သွယ်ရေးဂိတ်မှာ ဒီကနေ့ နိုဝင်ဘာ ၂၃ ရက် မနက်ပိုင်းမှာ ရပ်နားထားတဲ့ကုန်တင်ကားတွေပေါ် လက်နက်ကြီးကျလို့ အစီးရေအများအပြား မီးလောင်နေတယ်လို့ ‌ကုန်သည်တချို့ကပြောပါတယ်။
‘‘သက်ငယ်လက်ထပ်မှုကို မျိုးဆက်တစ်ခုအတွင်း ကျွန်မတို့ အဆုံးသတ်နိုင်ပါတယ်’’,"Thu, 23 Nov 2023 04:45:44 GMT",https://www.bbc.com/burmese/articles/cmmp860e353o,https://www.bbc.com/burmese/articles/cmmp860e353o,သက်ငယ်အရွယ်လက်ထပ်မှု အဆုံးသတ်ဖို့ လိုတယ်လို့ မီရှဲလ် အိုဘားမား၊ အမယ်လ် ကလူနီနဲ့ မလင်ဒါ ဖရန့်ချ် ဂိတ်စ်တို့က ဘီဘီစီကို ပြောပါတယ်။
နိုဝင်ဘာ ၂၄ ရက်ထိပ်တန်းသတင်းများ - ကျန်းမာရေးဝန်ထမ်းတွေ မရှိတော့လို့ ဘုတလင်ပြည်သူ့ဆေးရုံ ပိတ်လိုက်ရ,"Fri, 24 Nov 2023 10:56:02 GMT",https://www.bbc.com/burmese/articles/ce9pqyj8nrjo,https://www.bbc.com/burmese/articles/ce9pqyj8nrjo,စစ်ကိုင်းတိုင်း၊ မုံရွာခရိုင် ဘုတလင်မြို့နယ်ပြည်သူ့ဆေးရုံမှာ ဆေးရုံအုပ်အပါအဝင် ကျန်းမာရေးဝန်ထမ်းတွေ တစ်ဦးမှမရှိတော့တာကြောင့် နိုဝင်ဘာ ၁၉ ရက်တည်းက ဆေးရုံပိတ်ထားရတယ်လို့ ဒေသခံတွေက ဘီဘီစီကိုပြောပါတယ်။
ယူကရိန်းရဲ့ ပူဆွေးဖွယ် “ဟိုလိုဒိုမော အောက်မေ့ဖွယ်နေ့” မှာ စံချိန်တင် ဒရုန်းအရေအတွက် သုံးပြီး ရုရှားတိုက်ခိုက် - နိုဝင်ဘာ ၂၅ ညပိုင်း ထိပ်တန်းသတင်းများ,"Sat, 25 Nov 2023 13:05:45 GMT",https://www.bbc.com/burmese/articles/clepx0p9zlwo,https://www.bbc.com/burmese/articles/clepx0p9zlwo,စတာလင်လက်ထက် ဂျီနိုဆိုက်အဆင့် ယူကရိန်းတို့ ခံစားခဲ့ရကြောင်း သတ်မှတ်ထားတဲ့ ဟိုလိုဒိုမော အောက်မေ့ဖွယ်နေ့မှာ ရုရှားက တိုက်ခိုက်
နိုဝင်ဘာ ၂၅ ရက်ထိပ်တန်းသတင်းများ - နယ်စပ်ခြံစည်းရိုးနား ကပ်လာတဲ့ စစ်ရှောင်တွေကို တရုတ်ဘက်က မျက်ရည်ယိုဗုံးကြဲ,"Sat, 25 Nov 2023 15:33:57 GMT",https://www.bbc.com/burmese/articles/cj5p1v2z5dno,https://www.bbc.com/burmese/articles/cj5p1v2z5dno,လောက်ကိုင်မြို့နယ်ထဲက တရုတ်-မြန်မာ နယ်စပ်မျဉ်း BP-127 ခြံစည်းရိုးနားကို ကပ်လာတဲ့ စစ်ဘေးရှောင်တွေကို တရုတ်ဘက်က နိုဝင်ဘာ ၂၅ ရက်မှာ မျက်ရည်ယိုဗုံးကြဲခဲ့တယ်လို့ စစ်ရှောင်တွေထံက သိရပါတယ်။
အစ္စရေးနဲ့ ဟားမတ်စ်ကြား ဘာတွေသဘောတူခဲ့လဲ,"Sat, 25 Nov 2023 08:12:55 GMT",https://www.bbc.com/burmese/articles/c032918lwr2o,https://www.bbc.com/burmese/articles/c032918lwr2o,မစ္စတာအန်ဆာရီကတော့ ကြားဝင်စေ့စပ်တဲ့ကာတာရဲ့ မျှော်လင့်ချက်က လေးရက်ဆိုတာထက် ပိုတဲ့ အပစ်ရပ်စဲရေးကို ဆွဲဆန့်ထားနိုင်ဖို့ဖြစ်ပြီး ဓားစာခံတွေအားလုံးအိမ်ပြန်ရရေးဖြစ်တယ်လို့ပြောပါတယ်။ဒါအပြင် ဂါဇာကမ်းမြောင်ဒေသမှာ ပိုမိုရေရှည်တည်တံ့တဲ့ အပစ်အခတ်ရပ်စဲရေးဆိုင်ရာ အယူအဆတစ်ရပ်အဖြစ် သက်သေပြနိုင်ဖို့လည်း မျှော်လင့်ထားကြောင်းသူကပြောပါတယ်။
ဗုံးလာကြဲရင်းဖမ်းဆီးခံလိုက်ရတဲ့စစ်လေယာဉ်မှူး,"Sat, 25 Nov 2023 01:59:50 GMT",https://www.bbc.com/burmese/articles/clepx1lvdq2o,https://www.bbc.com/burmese/articles/clepx1lvdq2o,စစ်အာဏာသိမ်းမှုကို လက်နက်ကိုင်တော်လှန်မှုအား‌ကောင်းတဲ့ ကရင်နီပြည်နယ်မှာ အပေါ့စား တိုက်ခိုက်ရေးလေယာဉ်အမျိုးအစားဖြစ်တဲ့ K-8 ဒါမှမဟုတ် အဆင့်မြှင့်ထားတဲ့ K-8W တွေနဲ့ စစ်ကောင်စီက ဗုံးကြဲ တိုက်ခိုက်လေ့ရှိတယ်လို့ တော်လှန်ရေးအင်အားစုတွေရော CDM လေတပ်အသိုင်းအဝိုင်းကပါ တပြေးညီပြောကြပါတယ်။
ဟားမတ်စ်တွေရဲ့ ဓားစာခံတွေ ပြန်လွှတ်ရေး အစီအစဉ်  ရှေ့ဆက်နေ - နိုဝင်ဘာ ၂၆ ထိပ်တန်း နိုင်ငံတကာ သတင်းများ,"Sun, 26 Nov 2023 13:08:48 GMT",https://www.bbc.com/burmese/articles/cv2zpvn3yjwo,https://www.bbc.com/burmese/articles/cv2zpvn3yjwo,အစ္စရေး နိုင်ငံသား ၁၃ ယောက်၊ နိုင်ငံခြားသား ၇ ယောက် ထပ်ပြီး လွတ်လာဖို့ စာရင်းရထား
၁၀၂၇ စစ်ဆင်ရေး - မြောက်ပိုင်းမဟာမိတ်တွေ ရက်ရှည်တိုက်ယူခဲ့ရတဲ့ စစ်တပ်စခန်းတွေ,"Sun, 26 Nov 2023 11:42:04 GMT",https://www.bbc.com/burmese/articles/c510xl1wzpjo,https://www.bbc.com/burmese/articles/c510xl1wzpjo,မြောက်ပိုင်းမဟာမိတ်အဖွဲ့တွေရဲ့ ၁၀၂၇ စစ်ဆင်ရေးစတင်ခဲ့တဲ့ လာမယ့်နိုဝင်ဘာ ၂၇ ရက်ဆို တစ်လတိတိ ပြည့်ပါတော့မယ်။ ဒီတစ်လတာအတွင်း မဟာမိတ် သုံးဖွဲ့လှုပ်ရှားတဲ့ နေရာသုံးခုမှာ စစ်ကောင်စီရဲ့ တပ်စခန်း အခု ၂၀၀ နီးပါးအထိသိမ်းယူနိုင်ပြီလို့ တရားဝင်ပြောပါတယ်။
ဟားမတ်စ်ဖမ်းထားတဲ့ အစ္စရေးဓားစာခံ ဒုတိယအသုတ်ပြန်လွတ်လာ,"Sun, 26 Nov 2023 09:42:18 GMT",https://www.bbc.com/burmese/articles/c2x256dnyjeo,https://www.bbc.com/burmese/articles/c2x256dnyjeo,ဂါဇာကနေ ပြန်လွတ်လာတဲ့ အစ္စရေး နိုင်ငံသား ၁၃ ဦးရှိပြီး အပြန်အလှန်အနေနဲ့ ပါလက်စတိုင်းအကျဥ်းသား ၃၉ ဦးကို အနောက်ဘက်ကမ်းကနေ အစ္စရေးဘက်က ပြန်လွှဲပြောင်းပေးခဲ့ရတယ်လို့ အစ္စရေးစစ်တပ်က ပြောပါတယ်။ ဟားမတ်စ်အဖွဲ့ဟာ ဓားစာခံ ထိုင်းနိုင်ငံသား ၄ ဦးကိုလည်း လွှတ်ပေးခဲ့ပါတယ်။
နိုဝင်ဘာ ၂၆ ရက်ထိပ်တန်းသတင်းများ - ဟုမ္မလင်းမှာ စစ်တပ်စခန်းတိုက်ခိုက်ခံရပြီး စစ်ရေးတင်းမာ,"Sun, 26 Nov 2023 08:48:58 GMT",https://www.bbc.com/burmese/articles/cnep0ye2lzgo,https://www.bbc.com/burmese/articles/cnep0ye2lzgo,စစ်ကိုင်းတိုင်း၊ ဟုမ္မလင်းမြို့က လွှစင်ကုန်းကျေးရွာမှာရှိတဲ့ ရှမ်းနီတပ်(SNA)နဲ့ စစ်ကောင်စီတို့ တပ်စခန်းကို ဟုမ္မလင်းကာကွယ်ရေးတပ်ဖွဲ့(PDF)နဲ့ ကချင်လွတ်လပ်ရေးတပ်မတော်(KIA)တို့က နိုဝင်ဘာ ၂၃ ရက်မှာ တိုက်ခိုက်ခဲ့ပြီးတဲ့နောက်မှာ ဒီနေ့အထိ စစ်ရေးတင်းမာနေပါတယ်။
ဂါဇာ ဓားစာခံကိစ္စ ဆက်ညှိနှိုင်း - နိုဝင်ဘာ ၂၇ ညပိုင်း နိုင်ငံတကာသတင်းများ,"Mon, 27 Nov 2023 14:52:23 GMT",https://www.bbc.com/burmese/articles/cevpz21vqx2o,https://www.bbc.com/burmese/articles/cevpz21vqx2o,နိုဝင်ဘာ ၂၇ ညပိုင်း နိုင်ငံတကာသတင်းများ
နိုဝင်ဘာ ၂၇ ရက် ထိပ်တန်းသတင်းများ - မူဆယ် ၁၀၅ မိုင်ကုန်သွယ်ရေးဇုန်မှာ တိုက်ပွဲပြင်းထန်,"Mon, 27 Nov 2023 06:12:28 GMT",https://www.bbc.com/burmese/articles/cmlpx7e44zlo,https://www.bbc.com/burmese/articles/cmlpx7e44zlo,မူဆယ် ၁၀၅ မိုင်ကုန်သွယ်ရေးဇုန်မှာ မနေ့ နိုဝင်ဘာ ၂၆ ရက်ညပိုင်းက တိုက်ပွဲပြင်းထန်ခဲ့ပြီး ဇုန်ဝင်းအတွင်း သုံးနေရာထက်မနည်းလက်နက်ကြီးကျ ရောက်ပေါက်ကွဲလို့ အဆောက်အဦတချို့ နဲ့ ကုန်တင်ယာဥ်အချို့ ထိခိုက်ပျက်စီးခဲ့တယ်လို့ ကုန်သည်အချို့ကပြောပါတယ်။
‘‘လှိမ့်လုံးလို့ထင်မိခဲ့တဲ့ ရာသီဥတုပြောင်းလဲမှုအကြောင်းကို အခုတော့ ကိုယ်တိုင်ပြန်သင်ပေးနေပါပြီ’’,"Mon, 27 Nov 2023 12:28:36 GMT",https://www.bbc.com/burmese/articles/cerpnd9dmvyo,https://www.bbc.com/burmese/articles/cerpnd9dmvyo,ဆာရာ အော့ထ် ဟာ ရာသီဥတုပြောင်းလဲမှုကို နှစ်နဲ့ချီကြာအောင် မယုံကြည် လက်မခံခဲ့သူဖြစ်ပါတယ်။ ဒါပေမဲ့ အခုတော့ သူဟာ ပြည့်ဖြိုးမြဲစွမ်းအင်တွေကို လူတွေ တွင်တွင်ကျယ်ကျယ်အသုံးပြုဖို့ ပညာပေးလှုံ့ဆော်သူဖြစ်နေပါပြီ။
ထိုင်းမင်္ဂလာပွဲမှာ သတို့သားက သတို့သမီးကို ပစ်သတ်,"Mon, 27 Nov 2023 04:46:26 GMT",https://www.bbc.com/burmese/articles/cmjp4mmm7m6o,https://www.bbc.com/burmese/articles/cmjp4mmm7m6o,ထိုင်းနိုင်ငံအရှေ့မြောက်ပိုင်း နာခွနမ်ရာချာဆီမာပြည်နယ်က ရွာတစ်ရွာမှာ စနေနေ့ညက လုပ်ခဲ့တဲ့ မင်္ဂလာပွဲမှာ သတို့သားက ဇနီးလောင်းနဲ့သူ့မိခင်၊ ညီမဖြစ်သူတို့ကို ပစ်သတ်ခဲ့ပြီး သူ့ကိုယ်သူလည်း ပစ်ခတ်အဆုံးစီရင်သွားခဲ့ပါတယ်။  သတို့သားပစ်ခတ်တဲ့သေနတ်ကျည်ထိမှန်ပြီး ပွဲတက်လာသူ ဧည့်သည်တစ်ဦးလည်း သေဆုံးခဲ့ပါတယ်။
၁၀၂၇ စစ်ဆင်ရေး - မြောက်ပိုင်းမဟာမိတ်တွေ ရက်ရှည်တိုက်ယူခဲ့ရတဲ့ စစ်တပ်စခန်းတွေ,"Mon, 27 Nov 2023 09:26:31 GMT",https://www.bbc.com/burmese/articles/c510xl1wzpjo,https://www.bbc.com/burmese/articles/c510xl1wzpjo,မြောက်ပိုင်းမဟာမိတ်အဖွဲ့တွေရဲ့ ၁၀၂၇ စစ်ဆင်ရေးစတင်ခဲ့တဲ့ လာမယ့်နိုဝင်ဘာ ၂၇ ရက်ဆို တစ်လတိတိ ပြည့်ပါတော့မယ်။ ဒီတစ်လတာအတွင်း မဟာမိတ် သုံးဖွဲ့လှုပ်ရှားတဲ့ နေရာသုံးခုမှာ စစ်ကောင်စီရဲ့ တပ်စခန်း အခု ၂၀၀ နီးပါးအထိသိမ်းယူနိုင်ပြီလို့ တရားဝင်ပြောပါတယ်။
အိန္ဒိယလုပ်သားတွေ ကယ်ထုတ်ခါနီးပြီ - နိုဝင်ဘာ ၂၈ ညပိုင်း နိုင်ငံတကာသတင်းများ,"Tue, 28 Nov 2023 14:44:31 GMT",https://www.bbc.com/burmese/articles/ck5p3lx60d2o,https://www.bbc.com/burmese/articles/ck5p3lx60d2o,နိုဝင်ဘာ ၂၈ ညပိုင်း နိုင်ငံတကာသတင်းများ
၁၀၂၇ စစ်ဆင်ရေး တစ်လပြည့် ရက်စွဲမှတ်တမ်း - ဘယ်နေ့မှာ ဘာတွေဖြစ်ခဲ့လဲ,"Tue, 28 Nov 2023 05:18:47 GMT",https://www.bbc.com/burmese/articles/c032my447j5o,https://www.bbc.com/burmese/articles/c032my447j5o,ညီနောင်မဟာမိတ် ၃ ဖွဲ့ရဲ့ ရှမ်းမြောက်က ၁၀၂၇ စစ်ဆင်ရေး ၁ လပြည့်မြောက်ပြီဖြစ်ပါတယ်။ စစ်ကောင်စီတပ်စခန်းကြီးငယ် ရာချီကို တိုက်ခိုက်ခဲ့တဲ့အဓိကကျတဲ့နေ့ရက်တွေအကြောင်း ရုပ်မြင်အထူးပြုလုပ်ချက်နဲ့စုစည်းတင်ဆက်မှုကို ဖတ်ရှုနိုင်ပါတယ်။
နိုဝင်ဘာ ၂၈ ရက် ထိပ်တန်းသတင်းများ - စစ်အာဏာသိမ်းထားတဲ့ မြန်မာမှာ ရာသီဥတုအန္တရာယ်ပိုဆိုးလာတယ်လို့ ကုလပြော,"Tue, 28 Nov 2023 10:54:56 GMT",https://www.bbc.com/burmese/articles/cmjp1k3nldvo,https://www.bbc.com/burmese/articles/cmjp1k3nldvo,ရှမ်းပြည်တပ်မတော် - SSPP/SSA က သူ့ထိန်းချုပ်နယ်မြေ နမ့်ခမ်းမြို့နယ်ထဲရှိနေတဲ့ အွန်လိုင်းငွေလိမ်ဂိုဏ်း( ကျားဖြန့်) တစ်ခုကို ဝင်ရောက်ဖမ်းဆီးပြီး သံသယတရားခံ ကိုးဆယ်နီးပါးကို တရုတ်ဘက်ကိုလွှဲပေးလိုက်တယ်လို့ ထုတ်ပြန်ပါတယ်။
ဂျနင်းမှာ အစ္စရေး စီးနင်း- နိုဝင်ဘာ ၂၉ ညပိုင်း နိုင်ငံတကာသတင်းများ,"Wed, 29 Nov 2023 15:09:19 GMT",https://www.bbc.com/burmese/articles/cyx215lp18po,https://www.bbc.com/burmese/articles/cyx215lp18po,နိုဝင်ဘာ ၂၉ ညပိုင်း နိုင်ငံတကာသတင်းများ
လာအိုသံအမတ်ကြီး ဗိုလ်ချုပ်(ငြိမ်း) မြတ်သက်ဦး စစ်ဆေးခံနေရ,"Wed, 29 Nov 2023 04:19:29 GMT",https://www.bbc.com/burmese/articles/ce9pnnmm6jgo,https://www.bbc.com/burmese/articles/ce9pnnmm6jgo,‘‘အစစ်ဆေးခံနေရတာက မြောက်ပိုင်းတိုင်းတိုင်းမှူးတုန်းက ကိစ္စတွေ’’ လို့ ဒီစစ်ဆေးမှုကို သိရှိသူတစ်ဦးက ဘီဘီစီကို ပြောပါတယ်။
အမေရိကန်စစ်လေယာဥ် ဂျပန်ကမ်းလွန်မှာ ပျက်ကျ,"Wed, 29 Nov 2023 12:02:39 GMT",https://www.bbc.com/burmese/articles/c3g2x1220jwo,https://www.bbc.com/burmese/articles/c3g2x1220jwo,ဂျပန်နိုင်ငံအရှေ့တောင်ပိုင်းက ယာကူရှီမာကျွန်း ကမ်းလွန်မှာ ပျက်ကျသွားခဲ့တဲ့ အမေရိကန်စစ်ဘက်လေယာဥ်ကို ဂျပန်ကမ်းခြေစောင့်တပ်ဖွဲ့က ရှာဖွေရေးလုပ်နေပါတယ်။
နိုဝင်ဘာ ၂၉ ရက် ထိပ်တန်းသတင်းများ - ပြန်ကြားရေးဝန်ကြီးဟောင်းဦးရဲထွဋ် ကို စစ်ကောင်စီက နှစ်ရှည် ထောင်ဒဏ်ချ,"Wed, 29 Nov 2023 12:51:05 GMT",https://www.bbc.com/burmese/articles/c252z054nnvo,https://www.bbc.com/burmese/articles/c252z054nnvo,ပြန်ကြားရေးဝန်ကြီးဟောင်း ဦးရဲထွဋ် ကို နိုဝင်ဘာ ၂၉ ရက်က စစ်ကောင်စီရဲ့ ထောင်တွင်းတရားရုံးကနေ ထောင်ဒဏ် ၁၀ နှစ်ချမှတ်လိုက်တယ်လို့ မိသားစုနဲ့နီးစပ်သူတွေကပြောပါတယ်။
‘‘ကျွန်တော် အပစ်ခံလိုက်ရပြီ ဖွားဖွား’’ - ဗားမောင့်မှာ ပစ်ခတ်ခံရတဲ့ ပါလက်စတိုင်းကျောင်းသား,"Wed, 29 Nov 2023 05:18:48 GMT",https://www.bbc.com/burmese/articles/cndpege162jo,https://www.bbc.com/burmese/articles/cndpege162jo,စနေနေ့ညနေခင်းတုန်းက ဖြစ်ခဲ့တဲ့ပစ်ခတ်မှုကြောင့် ကျောရိုးထဲကျည်ဝင်နေတုန်းမှာပဲ မစ္စတာ အဝါတာနီတစ်ယောက် အဖွားဖြစ်သူဆီ ဖုန်းဆက်ခဲ့တာဖြစ်ပါတယ်။
COP28 - ရေနံထုတ်နိုင်ငံမှာကျင်းပတဲ့ရာသီဥတုညီလာခံ တစုံတရာပြောင်းလဲနိုင်မှာလား,"Thu, 30 Nov 2023 13:37:19 GMT",https://www.bbc.com/burmese/articles/c0j292ww74wo,https://www.bbc.com/burmese/articles/c0j292ww74wo,ကမ္ဘာ့အရေးအကြီးဆုံး ရာသီဥတုဆိုင်ရာထိပ်သီးညီလာခံအတွက် စုဝေးကြမယ့် ကမ္ဘာတဝန်းက ခေါင်းဆောင်တွေဟာ အကြီးမားဆုံးပြဿနာတွေကို ခေါင်းချင်းဆိုင် ဖြေရှင်းကြဖို့ ရှိပါတယ်။
နီပေါမှာ လိင်တူ လက်ထပ်ခွင့်ပြုပြီ - နိုဝင်ဘာ ၃၀ ညပိုင်း နိုင်ငံတကာသတင်းများ,"Thu, 30 Nov 2023 13:34:18 GMT",https://www.bbc.com/burmese/articles/cn0p391rx92o,https://www.bbc.com/burmese/articles/cn0p391rx92o,နိုဝင်ဘာ ၃၀ ညပိုင်း နိုင်ငံတကာသတင်းများ
ဟားမတ်စ်လွှတ်ပေးလိုက်တဲ့ ထိုင်းနိုင်ငံသားတွေ အမိမြေပြန်ရောက်,"Thu, 30 Nov 2023 12:42:38 GMT",https://www.bbc.com/burmese/articles/cv2zl8vz4x7o,https://www.bbc.com/burmese/articles/cv2zl8vz4x7o,ဒီကနေ့ ပြန်လည်လွတ်မြောက်လာသူတွေ လေဆိပ်ကိုဆိုက်ရောက်ချိန်မှာ မိသားစုဝင်အချို့က ကြိုဆိုခဲ့ကြပါတယ်။ပြန်လည်လွတ်မြောက်လာသူတွေထဲက ထိုင်းအမျိုးသား ပွန်ဆာဝမ်ရဲ့ ဖခင်ကတော့ သူ့ရဲ့ သားဖြစ်သူကိုဆုံးရှုံးခဲ့ရပြီလို့ ထင်ခဲ့တဲ့အထိ မျှော်လင့်ချက်မဲ့ခဲ့တယ်လို့ ပြောပါတယ်။
အမေရိကန်နိုင်ငံခြားရေးဝန်ကြီးဟောင်း ဟင်နရီကစ်ဆင်ဂျာ အသက် ၁၀၀ မှာ ကွယ်လွန်,"Thu, 30 Nov 2023 03:43:35 GMT",https://www.bbc.com/burmese/articles/c0x26vn7vwwo,https://www.bbc.com/burmese/articles/c0x26vn7vwwo,အမေရိကန်ရဲ့ နိုင်ငံ့ထိပ်ပိုင်းခေါင်းဆောင်ထဲ တာဝန်ထမ်းဆောင်ခဲ့တဲ့ သံတမန်တစ်ဦးဖြစ်သလို အမျိုးသားလုံခြုံရေး‌ကောင်စီအကြံပေး မစ္စတာဟင်နရီကစ်ဆင်ဂျာဟာ အသက် ၁၀၀ မှာ ကွယ်လွန်သွားပြီဖြစ်ပါတယ်။
တရုတ်ဆန့်ကျင်ရေးပေါ်လာအောင် ဖန်တီးနေတယ်လို့ NUG နဲ့ စစ်ကောင်စီ အပြန်အလှန်ပြော,"Thu, 30 Nov 2023 13:16:25 GMT",https://www.bbc.com/burmese/articles/cd1pmm57g7do,https://www.bbc.com/burmese/articles/cd1pmm57g7do,တရုတ်ဆန့်ကျင်ရေးပေါ်လာအောင် စစ်ကောင်စီက ကြိုးပမ်းနေတယ်လို့ NUG ဘက်က ပြောပြီး စစ်ကောင်စီဘက်ကတော့ တရုတ်-မြန်မာ နှစ်နိုင်ငံကြားမှာ အထင်အမြင်လွဲမှားအောင် ပဋိပက္ခများဖြစ်ပွားအောင် အမျိုးမျိုးသွေးထိုး လှုံ့ဆော်နေတဲ့အဖွဲ့အစည်းတွေရှိနေတယ်လို့ အပြန်အလှန်ပြောဆိုနေပါတယ်။
နိုဝင်ဘာ ၃၀ ရက် ထိပ်တန်းသတင်းများ - ကျိုက်မရောမြို့ ချောင်းနှစ်ခွမှာ စစ်တပ်နဲ့ PDF တို့ တိုက်ပွဲပြင်းထန်နေဆဲ,"Thu, 30 Nov 2023 06:37:44 GMT",https://www.bbc.com/burmese/articles/c252qgl9352o,https://www.bbc.com/burmese/articles/c252qgl9352o,မွန်ပြည်နယ်၊ ကျိုက်မရောမြို့နယ် ချောင်းနှစ်ခွကျေးရွာအပါအဝင် လှကဇိုင်း၊ ဖက်တေးကုန်းနဲ့ မယ်တရိုရွာတွေမှာ ကရင်အမျိုးသားလွတ်မြောက်ရေး တပ်မတော် (KNLA) ၊PDF ပူးပေါင်း တပ်ဖွဲ့တွေနဲ့ စစ်ကောင်စီတပ်တို့ ကြား တိုက်ပွဲဖြစ်နေတယ်လို့ ဒေသခံအချို့ကပြောပါတယ်။
နိုင်ငံတဝန်းက စစ်မျက်နှာပြင်တွေအကြောင်း စစ်ခေါင်းဆောင် ဘာပြောလဲ,"Fri, 01 Dec 2023 12:59:10 GMT",https://www.bbc.com/burmese/articles/c6p66gvlgl7o,https://www.bbc.com/burmese/articles/c6p66gvlgl7o,၁၀၂၇ စစ်ဆင်ရေးနဲ့ တိုက်ခိုက်ခံရတဲ့ကာလအတွင်း ပထမဆုံးခေါ်ယူတဲ့ စစ်ကောင်စီအစည်းအဝေးမှာ ရှမ်းပြည်နယ်(မြောက်ပိုင်း)က တပ်စခန်းတွေ ဘာကြောင့် ဆုံးရှုံးရလဲ ဆိုတာကို ဗိုလ်ချုပ်မှူးကြီး မင်းအောင်လှိုင်က ပြောပြပါတယ်။
ဒီဇင်ဘာ ၁ ရက် ထိပ်တန်းသတင်းများ - ရန်ကုန်မှာ ပါတီဥက္ကဋ္ဌ တစ်ဦး ပစ်သတ်ခံရ,"Fri, 01 Dec 2023 07:04:47 GMT",https://www.bbc.com/burmese/articles/cxe11ky07rxo,https://www.bbc.com/burmese/articles/cxe11ky07rxo,စစ်ကောင်စီဝင်ဟောင်း ဦးသိန်းညွန့်တည်ထောင်တဲ့ အမျိုးသားဒီမိုကရေစီပါတီသစ် ရဲ့ လက်ရှိဥက္ကဋ္ဌ ဦးသန်းထွန်း ရန်ကုန်မြို့၊သင်္ဃန်းကျွန်းနေအိမ်မှာ ဒီမနက်ပိုင်းက သေနတ်နဲ့ ပစ်ခတ်ခံရပြီး သေဆုံးသွားတယ်လို့ ပါတီအသိုင်းအဝိုင်းက သိရပါတယ်။
၁၀၂၇ စစ်ဆင်ရေးကနေ တရုတ်ဘာရသွားလဲ,"Sat, 02 Dec 2023 10:22:54 GMT",https://www.bbc.com/burmese/articles/cw822644d2go,https://www.bbc.com/burmese/articles/cw822644d2go,မြင်သာထင်သာရှိတဲ့အချက်ဆိုရင် တရုတ်နိုင်ငံရဲ့ အထူးတပ်ဖွဲ့တွေက မြန်မာနိုင်ငံထဲ ပထမဆုံးခြေချပြီး တရားခံလို့ သတ်မှတ်ခံရသူတွေ၊ သံသယရှိသူတွေနဲ့ ဒီလုပ်ငန်းတွေထဲသားကောင်ဖြစ်နေတဲ့ တရုတ်နိုင်ငံသားတွေကို အသာအယာ ခေါ်ထုတ်သွားနိုင်ခဲ့တာပါ။
မြန်မာစစ်ရှောင်တွေကို အတင်းမပြန်ခိုင်းဖို့ ထိုင်းကို HRW တိုက်တွန်း,"Sat, 02 Dec 2023 07:16:16 GMT",https://www.bbc.com/burmese/articles/cz922z171qdo,https://www.bbc.com/burmese/articles/cz922z171qdo,ထိုင်း - မြန်မာနယ်စပ်က ထိုင်းဘက်ခြမ်းမှာဝင်ရောက်ခိုလှုံနေတဲ့ မြန်မာစစ်ပြေးဒုက္ခသည်တွေကို ထိုင်းအာဏာပိုင်တွေက အတင်းပြန်ခိုင်းတာတွေရှိနေတာကြောင့် စစ်ရှောင်တွေမှာ အသက်ဘေးနဲ့ ရင်ဆိုင်ရတဲ့ အခြေအနေရှိနေတယ်လို့ လူ့အခွင့်အရေးစောင့်ကြည့်ရေးအဖွဲ့ ( HRW) က ပြီးခဲ့တဲ့ရက်က ထုတ်ပြန်ပါတယ်။
အမေရိကန်လွှတ်တော်အမတ် ထုတ်ပယ်ခံရမှု ဘာတွေထူးခြားလဲ,"Sat, 02 Dec 2023 09:01:02 GMT",https://www.bbc.com/burmese/articles/c1w22x0v6v6o,https://www.bbc.com/burmese/articles/c1w22x0v6v6o,ကိုယ်ကျင့်တရားပိုင်ဆိုင်ရာ ရှုတ်ချတဲ့ အစီရင်ခံစာနဲ့ ရာဇဝတ်မှုစွဲချက် ဒါဇင်ပေါင်းများစွာရှိခဲ့ပြီးတဲ့နောက် အမေရိကန်အောက်လွှတ်တော်ဟာ လွှတ်တော်အမတ် ဂျော့ ဆန်းတို့စ်ကို ထုတ်ပယ်လိုက်ပြီဖြစ်ပါတယ်။
ဒီဇင်ဘာ ၂ ရက် ထိပ်တန်းသတင်းများ - စဥ့်အင် တံတားကျိုးလို့ လားရှိုးနဲ့သီပေါ အဆက်အသွယ်ပြတ်တောက်,"Sat, 02 Dec 2023 05:58:19 GMT",https://www.bbc.com/burmese/articles/cjqppgzygddo,https://www.bbc.com/burmese/articles/cjqppgzygddo,ဝေဟင်ရန်၊ရေပြင်ရန်၊ရေအောက်ရန်ကာကွယ်ရေးလေ့ကျင့်ခန်းတွေပါဝင်တဲ့ မြန်မာ-တရုတ် ရေကြောင်းလုံခြုံရေးဆိုင်ရာပူးတွဲလေ့ကျင့်မှု စတင်ပြီလို့စစ်ကောင်စီက ထုတ်ပြန်ပါတယ်။
ကြာပိုင်ရွာက မီးလောင်ရုပ်အလောင်းတွေ,"Sun, 03 Dec 2023 12:36:20 GMT",https://www.bbc.com/burmese/articles/c517zqvele8o,https://www.bbc.com/burmese/articles/c517zqvele8o,ဒီဇင်ဘာ ၂ ရက်က မုံရွာမြို့နဲ့ ၆ မိုင်ပဲဝေးတဲ့ ကြာပိုင်ရွာကို စစ်ကောင်စီတပ်နဲ့ ပျူစောထီးတပ်ဖွဲ့တွေပေါင်းပြီး စစ်ကြောင်းထိုးဝင်ရောက်မီးရှို့ခဲ့ပါတယ်။ စစ်တပ်ထွက်သွားချိန်မှာတော့ကြာပိုင်ရွာကနေအိမ်တွေ မီးရှို့ခံရသလို ရွာသား ၁၀ယောက်ရဲ့ မီးလောင်ထားတဲ့ရုပ်အလောင်းတွေကိုလည်း ရှာတွေ့ခဲကြပါတယ်။
ဒီဇင်ဘာ ၃ ရက်ထိပ်တန်းသတင်းများ - မူဆယ်မှာ ‌ဗုံးကြဲတိုက်ခိုက်တာတွေကြောင့် ၂၄ နာရီအတွင်း ကလေးငယ်တစ်ဦးသေဆုံး၊ လေးဦး ဒဏ်ရာရ,"Sun, 03 Dec 2023 10:39:11 GMT",https://www.bbc.com/burmese/articles/cjlpgrp10epo,https://www.bbc.com/burmese/articles/cjlpgrp10epo,မူဆယ်မြို့နဲ့ တစ်မိုင်ခန့်သာကွာဝေးတဲ့ နမ့်ခွမ်ရွာအနီးကို  ဗုံးကြဲတိုက်ခိုက်တာကြောင့် လေးလသားအရွယ် ‌ကလေးငယ်တစ်ဦးသေဆုံးပြီး ကလေးမိခင်ဒဏ်ရာရရှိခဲ့တယ်လို့ သိရပါတယ်။
ထိုင်းသင်္ကြန်ကို ဧပြီတစ်လလုံးကျင်းပဖို့စီစဉ်,"Sun, 03 Dec 2023 07:00:41 GMT",https://www.bbc.com/burmese/articles/cx81v9yp75do,https://www.bbc.com/burmese/articles/cx81v9yp75do,နိုင်ငံခြားသားခရီးသည်တွေကို ဆွဲဆောင်နိုင်ဖို့အတွက် လာမယ့် ၂၀၂၄ ခုနှစ်ကစလို့ ထိုင်းသင်္ကြန်ပွဲတော် (ဆုန်ခရမ်ပွဲ) ကို သုံးရက်တာကျင်းပတာမျိုးမဟုတ်ဘဲ ဧပြီတစ်လတာလုံး ကျင်းပနိုင်ဖို့ စီစဉ်နေပြီလို့ ထိုင်းဘက်ကလာတဲ့သတင်းတွေအရ သိရပါတယ်။
ဖိလစ်ပိုင် - ကက်သလစ်ဘာသာဝင်တွေဆုတောင်းပွဲမှာပေါက်ကွဲမှုဖြစ် ၃ ဦးသေဆုံး,"Sun, 03 Dec 2023 04:32:15 GMT",https://www.bbc.com/burmese/articles/c032y4zex60o,https://www.bbc.com/burmese/articles/c032y4zex60o,ဖိလစ်ပိုင်မှာ ဒီကနေ့ ဒီဇင်ဘာ ၃ ရက် တနင်္ဂနွေနေ့ မနက်အစောပိုင်း က ပေါက်ကွဲမှုကြောင့် လူ ၃ ဦးသေပြီး ၉ ဦးဒဏ်ရာရထားတယ်လို့ အာဏာပိုင်တွေကပြောပါတယ်။
ပါလက်စတိုင်းတွေကို တောက်ဘက်ပိုင်းပိုကျတဲ့ နေရာတွေကို ထပ်ရွှေ့ဖို့ အစ္စရေးပြော - ဒီဇင်ဘာ ၄ ရက် ထိပ်တန်း နိုင်ငံတကာ သတင်းများ,"Mon, 04 Dec 2023 13:02:46 GMT",https://www.bbc.com/burmese/articles/c9w34k1nrzvo,https://www.bbc.com/burmese/articles/c9w34k1nrzvo,ပါလက်စတိုင်း အရပ်သားတွေအပေါ် အကာအကွယ်ပေးဖို့ အစ္စရေးစစ်တပ် ပျက်ကွက်တယ်လို့ လူ့အခွင့်အရေး အဖွဲ့တွေ ဝေဖန်
မုန်းမြို့က စစ်တပ်စခန်းတွေ KNU အတွက်ဘယ်လောက်အရေးကြီးလဲ,"Mon, 04 Dec 2023 12:33:13 GMT",https://www.bbc.com/burmese/articles/cd1pw7176dxo,https://www.bbc.com/burmese/articles/cd1pw7176dxo,"ပဲခူးတိုင်း၊ မုန်းမြို့က စစ်ကောင်စီတပ်ရဲ့ အဓိကတပ်စခန်းနေရာတွေကို  KNLA/PDF ပူး​ပေါင်းတပ်တွေက တိုက်ခိုက်သိမ်းပိုက်ရရှိတယ်လို့ KNU က တရားဝင်ထုတ်ပြန်ပါတယ်။
မုန်းမြို့ကစစ်တပ်စခန်းတွေကို ဘာကြောင့်တိုက်ခိုက်ရတာလဲနဲ့ မုန်းမြို့က KNU အတွက်ဘယ်လောက်အရေးကြီးလဲဆိုတာကို ဘီဘီစီက KNU ကိုမေးခွန်းထုတ်ခဲ့ပါတယ်။"
အင်ဒိုနီးရှားက မာရာပီ မီးတောင်ပေါက်ကွဲမှု တောင်တက်သမား ၁၁ ဦးသေဆုံး,"Mon, 04 Dec 2023 07:37:30 GMT",https://www.bbc.com/burmese/articles/c973810j9zwo,https://www.bbc.com/burmese/articles/c973810j9zwo,အင်ဒိုနီးရှားက မာရာပီ မီးတောင်ဝ အနီးနားမှာ တောင်တက်သမား ၁၁ ဦးရဲ့ အလောင်းကို ပြန်တွေ့ထားတယ်လို့ ရှာဖွေကယ်ဆယ်ရေးလုပ်နေသူတွေက ပြောပါတယ်။
ဒီဇင်ဘာ ၄ ရက် ထိပ်တန်းသတင်းများ - မိကျောင်းမုန်တိုင်းကြောင့် မိုးရွာသွန်းမှုများပြီး လေပြင်းတိုက်ခတ်နိုင်,"Mon, 04 Dec 2023 10:16:52 GMT",https://www.bbc.com/burmese/articles/c3g2ygv265ro,https://www.bbc.com/burmese/articles/c3g2ygv265ro,မုန်တိုင်း မိကျောင်းဟာ မြန်မာနိုင်ငံကို ဝင်ရောက်နိုင်ခြေမရှိတာကြောင့် အဝါရောင်အဆင့်သာ သတ်မှတ်ထားတယ်လို့ ဆိုပါတယ်။
ကြာပိုင်ရွာက မီးလောင်ရုပ်အလောင်းတွေ,"Mon, 04 Dec 2023 13:55:52 GMT",https://www.bbc.com/burmese/articles/c517zqvele8o,https://www.bbc.com/burmese/articles/c517zqvele8o,ဒီဇင်ဘာ ၂ ရက်က မုံရွာမြို့နဲ့ ၆ မိုင်ပဲဝေးတဲ့ ကြာပိုင်ရွာကို စစ်ကောင်စီတပ်နဲ့ ပျူစောထီးတပ်ဖွဲ့တွေပေါင်းပြီး စစ်ကြောင်းထိုးဝင်ရောက်မီးရှို့ခဲ့ပါတယ်။ စစ်တပ်ထွက်သွားချိန်မှာတော့ကြာပိုင်ရွာကနေအိမ်တွေ မီးရှို့ခံရသလို ရွာသား ၁၀ယောက်ရဲ့ မီးလောင်ထားတဲ့ရုပ်အလောင်းတွေကိုလည်း ရှာတွေ့ခဲကြပါတယ်။
ဒီဇင်ဘာ ၃ ရက်ထိပ်တန်းသတင်းများ - မူဆယ်မှာ ‌ဗုံးကြဲတိုက်ခိုက်တာတွေကြောင့် ကလေး တစ်ဦးသေဆုံး၊ လေးဦး ဒဏ်ရာရ,"Sun, 03 Dec 2023 10:39:11 GMT",https://www.bbc.com/burmese/articles/cjlpgrp10epo,https://www.bbc.com/burmese/articles/cjlpgrp10epo,မူဆယ်မြို့နဲ့ တစ်မိုင်ခန့်သာကွာဝေးတဲ့ နမ့်ခွမ်ရွာအနီးကို  ဗုံးကြဲတိုက်ခိုက်တာကြောင့် လေးလသားအရွယ် ‌ကလေးငယ်တစ်ဦးသေဆုံးပြီး ကလေးမိခင်ဒဏ်ရာရရှိခဲ့တယ်လို့ သိရပါတယ်။
နိုင်ဂျီးရီးယားစစ်တပ် ဒရုန်းနဲ့ မှားတိုက်ခိုက်လို့ အရပ်သား ၈၅ ယောက် သေဆုံး - ဒီဇင်ဘာ ၅ ရက် ထိပ်တန်း နိုင်ငံတကာ သတင်း,"Tue, 05 Dec 2023 15:17:55 GMT",https://www.bbc.com/burmese/articles/c0d27yne28zo,https://www.bbc.com/burmese/articles/c0d27yne28zo,လူသေအလောင်း တချို့ဟာ ဘေးပတ်ချာလည်က သစ်ပင်တွေ၊ အိမ်ခေါင်မိုးတွေပေါ် တွဲလောင်းဖြစ်နေတာမျိုး အထိ ပြင်းထန်
ဒုတိယဗိုလ်ချုပ်ကြီးညိုစော နောက်ထပ်အရေးကြီးတဲ့ ရာထူးတစ်ခုယူ,"Tue, 05 Dec 2023 12:33:37 GMT",https://www.bbc.com/burmese/articles/cnkpn3pn3kjo,https://www.bbc.com/burmese/articles/cnkpn3pn3kjo,စစ်ကောင်စီ ဥက္ကဋ္ဌ ဗိုလ်ချုပ်မှူးကြီးမင်းအောင်လှိုင်က သူ့ရဲ့ အကြံပေး ဒုတိယဗိုလ်ချုပ်ကြီးညိုစော ကို စစ်ကောင်စီရဲ့ ဘတ်ဂျက် အသုံးစရိတ်တွေကို ကြိုတင်စိစစ်ဖြတ်တောက်ဖို့ တာဝန်ပေးလိုက်ပါတယ်။
ဆစ်ခ် ခွဲထွက်ရေးသမား ကနေဒါမှာ သတ်ဖြတ်မခံရခင် အမေရိကန် အေးဂျင့်တွေ ဘာတွေသိထားခဲ့လဲ,"Tue, 05 Dec 2023 08:58:17 GMT",https://www.bbc.com/burmese/articles/c042rgxl7l8o,https://www.bbc.com/burmese/articles/c042rgxl7l8o,အမေရိကန်မှာ ဖော်နိုင်ခဲ့တဲ့ လူသတ်ရန်လျှို့ဝှက်ကြံစည်မှုဟာ ကနေဒါနဲ့ အိန္ဒိယကြား သံတမန်ဆက်ဆံရေး တင်းမာမှုဖြစ်စေခဲ့တဲ့ ကနေဒါက လူသတ်မှုတစ်ခုနဲ့ ချိတ်ဆက်နေပါတယ်။
ဒီဇင်ဘာ ၅ ရက် ထိပ်တန်းသတင်းများ - ရန်ကုန်၊နေပြည်တော် အပါအဝင်မြို့အများစုမှာ စက်သုံးဆီပြတ်လပ်လို့ ဆိုင်အများစုပိတ်ထား,"Tue, 05 Dec 2023 11:08:28 GMT",https://www.bbc.com/burmese/articles/cqlp93gez4yo,https://www.bbc.com/burmese/articles/cqlp93gez4yo,ရန်ကုန်၊ မန္တလေး၊နေပြည်တော်အပါအဝင် မြို့အများစုမှာ စက်သုံးဆီပြတ်တောက်မှုတွေဖြစ်နေပြီး မနေ့ ဒီဇင်ဘာ ၄ ရက်နဲ့ ဒီကနေ့ ဒီဇင်ဘာ ၅ ရက်မှာ အဆိုးဆုံးဖြစ်နေတယ်လို့ ရန်ကုန်မြို့ခံတွေနဲ့ စက်သုံးဆီလက်ခွဲရောင်းချသူတွေကပြောပါတယ်။
ဂါဇာတောင်ပိုင်းဆေးရုံတွေမှာ လူနာတွေ စုပုံနေ - ဒီဇင်ဘာ ၆ ရက် နိုင်ငံတကာ ထိပ်တန်းသတင်းများ,"Wed, 06 Dec 2023 14:40:00 GMT",https://www.bbc.com/burmese/articles/c4n9j8lyy8go,https://www.bbc.com/burmese/articles/c4n9j8lyy8go,ခန်းယူနစ် အတွင်းပိုင်းထဲထိ အစ္စရေး တင့်ကားတွေဝင်လာ၊ ဝေဟင် မြေပြင် ထိုးစစ်တွေ တိုးမြှင့်
အစ္စရေးကို အောက်တိုဘာ ၇ ရက်တိုက်ခိုက်မှုအတွက် တပ်ဖွဲ့ကို ဟားမတ်စ် ဘယ်လိုတည်ဆောက်ခဲ့လဲ,"Wed, 06 Dec 2023 13:02:53 GMT",https://www.bbc.com/burmese/articles/ckmpp5vx1k4o,https://www.bbc.com/burmese/articles/ckmpp5vx1k4o,အောက်တိုဘာ ၇ ရက် တိုက်ခိုက်မှုအတွက် ဂါဇာက လက်နက်ကိုင်တပ်ဖွဲ့တွေ တစုတစည်းတည်း ဘယ်လို လေ့ကျင့်ခဲ့ကြလဲဆိုတာကို ဘီဘီစီ အာရဗီဘာသာဌာနနဲ့ Verify တို့က စုစည်းလေ့လာ ထားပါတယ်။
အေအေ သိမ်းလိုက်တဲ့ တရွန်အိုင်ဗျူဟာကုန်း စစ်ရေးအရ ဘယ်လောက်အရေးကြီးလဲ,"Wed, 06 Dec 2023 12:54:02 GMT",https://www.bbc.com/burmese/articles/c4n7m213n61o,https://www.bbc.com/burmese/articles/c4n7m213n61o,'' စခန်းကတော့ ပလက်ဝမြို့အထက်ပိုင်းမှာရှိတဲ့ အကြီးဆုံးစခန်းလည်းဖြစ်တယ်။ ရဟတ်ယာဉ်ကွင်းနှစ်ခုပါတဲ့ အခြေချစစ်ဗျူဟာတစ်ခုလည်းဖြစ်တယ်ဗျ။ ဒါကြောင့်မို့လို့ စစ်ရေးအရ အရေးပါတဲ့စခန်းတစ်ခုဖြစ်တယ်လို့ ပြောနိုင်ပါတယ်။ ဒီစခန်းကို သိမ်းပိုက်တုန်းက ရန်သူ့လက်နက်တွေအလောင်းတွေ စစ်သုံ့ပန်းတွေသိမ်းပိုက်ရရှိခဲ့ ပါတယ်'' လို့ ‌အေအေပြောခွင့်ရ ခိုင်သုခက ပြောပါတယ်။
ဒီဇင်ဘာ ၆ ရက် ထိပ်တန်းသတင်းများ - ဗဟိုဘဏ်ရဲ့  နိုင်ငံခြားငွေ လွတ်လပ်စွာရောင်းချခွင့် ဘာသဘောဆောင်လဲ,"Wed, 06 Dec 2023 09:49:38 GMT",https://www.bbc.com/burmese/articles/cjepx4nnjjro,https://www.bbc.com/burmese/articles/cjepx4nnjjro,စျေးကွက်အတွင်းမှာ နိုင်ငံခြားသုံးငွေရောင်းဝယ်ဖောက်ကားတာကို ဈေးကွက်ပေါက်ဈေးအတိုင်း လွတ်လပ်စွာရောင်းချနိုင်တယ်လို့  ဗဟိုဘဏ်က မနေ့ဒီဇင်ဘာ ၅ ရက် က ထုတ်ပြန်ပါတယ်။
မုန်တိုင်းမိ‌ကျောင်းကြောင့် အိန္ဒိယမှာ သေဆုံးသူ ၁၀ ဦးထက်မနည်းရှိလာ,"Wed, 06 Dec 2023 08:48:38 GMT",https://www.bbc.com/burmese/articles/cndpjyng25yo,https://www.bbc.com/burmese/articles/cndpjyng25yo,အင်အားပြင်းထန်တဲ့ ဆိုင်ကလုန်းမုန်တိုင်း မိကျောင်းဟာ အိန္ဒိယနိုင်ငံတောင်ပိုင်း ကုန်းတွင်းပိုင်းကို ဝင်ရောက်ခဲ့ပြီးတဲ့နောက်မှာပဲ မုန်တိုင်းတိုက်ခတ်သွားတဲ့လမ်းတစ်လျှောက်မှာ သေဆုံးသူ ၁၀ ဦးထက်မနည်းရှိလာပါတယ်။
Blackpink အဖွဲ့ စာချုပ်သစ်ထပ်ချုပ်လိုက်ပြီ,"Wed, 06 Dec 2023 06:09:19 GMT",https://www.bbc.com/burmese/articles/cpwp0ne5gn9o,https://www.bbc.com/burmese/articles/cpwp0ne5gn9o,Blackpink အဖွဲ့ဟာ အဖွဲ့လိုက်အနေနဲ့ပဲ စာချုပ်သက်တမ်းတိုးလိုက်ပြီလို့ သူတို့ရဲ့ အေဂျင်စီ YG Entertainment က ထုတ်ပြန်ပြောဆိုလိုက်ပါတယ်။
စစ်ခေါင်းဆောင်ရဲ့ လက်ရုံးကို ဘတ်ဂျက်ဖြတ်ဖို့ တာဝန်ပေး,"Tue, 05 Dec 2023 12:33:37 GMT",https://www.bbc.com/burmese/articles/cnkpn3pn3kjo,https://www.bbc.com/burmese/articles/cnkpn3pn3kjo,စစ်ကောင်စီ ဥက္ကဋ္ဌ ဗိုလ်ချုပ်မှူးကြီးမင်းအောင်လှိုင်က သူ့ရဲ့ အကြံပေး ဒုတိယဗိုလ်ချုပ်ကြီးညိုစော ကို စစ်ကောင်စီရဲ့ ဘတ်ဂျက် အသုံးစရိတ်တွေကို ကြိုတင်စိစစ်ဖြတ်တောက်ဖို့ တာဝန်ပေးလိုက်ပါတယ်။
ပုန်းနေတဲ့ ဟားမတ်စ်ခေါင်းဆောင် အိမ် ဝန်းကျင်ကို အစ္စရေးတပ်တွေ ဝိုင်းထား - ဒီဇင်ဘာ ၇ ရက် ထိပ်တန်း နိုင်ငံတကာ သတင်းများ,"Thu, 07 Dec 2023 14:49:59 GMT",https://www.bbc.com/burmese/articles/c51971keekwo,https://www.bbc.com/burmese/articles/c51971keekwo,ခန်းယူနစ်မှာ ဟားမတ်စ်အဖွဲ့ရဲ့ ခေါင်းဆောင် ယာဟ်ယာ ဆင်ဝါ ပုန်းအောင်းနေတယ်လို့ အစ္စရေး စစ်တပ်ပြော
ဒီဇင်ဘာ ၇ ရက် ထိပ်တန်းသတင်းများ - နမ့်ခမ်းမှာ စစ်တပ်နဲ့ TNLA တို့ တိုက်ပွဲပြင်းထန်နေ,"Thu, 07 Dec 2023 12:03:33 GMT",https://www.bbc.com/burmese/articles/c2528w19zp2o,https://www.bbc.com/burmese/articles/c2528w19zp2o,ရှမ်းပြည်နယ်၊ နမ့်ခမ်းမြို့မှာရှိတဲ့ စစ်တပ်ရဲ့ စခန်းသစ်ကုန်းကို တအာင်းတပ်(TNLA) ဦးဆောင်တဲ့ ပူးပေါင်းတပ်တွေ တိုက်ခိုက်နေတယ်လို့ မြောက်ပိုင်းမဟာမိတ်တပ်တွေက ဒီဇင်ဘာ ၆ ရက်မှာ ထုတ်ပြန်ထားပါတယ်။
ဆိုင်ကလုန်းမုန်တိုင်း မိကျောင်းကြောင့် အိန္ဒိယမြို့ကြီး ရေလွှမ်းနေဆဲ,"Thu, 07 Dec 2023 14:58:05 GMT",https://www.bbc.com/burmese/articles/cndpjyng25yo,https://www.bbc.com/burmese/articles/cndpjyng25yo,အင်အားပြင်းထန်တဲ့ ဆိုင်ကလုန်းမုန်တိုင်း မိကျောင်းဟာ အိန္ဒိယနိုင်ငံတောင်ပိုင်း ကုန်းတွင်းပိုင်းကို ဝင်ရောက်ခဲ့ပြီးတဲ့နောက်မှာပဲ မုန်တိုင်းတိုက်ခတ်သွားတဲ့လမ်းတစ်လျှောက်မှာ သေဆုံးသူ ၁၈ ဦးထက်မနည်းရှိခဲ့သလို ချန်နိုင်းမြို့ကြီးမှာ ရေကြီးမှု ဆက်ရှိနေပါတယ်။
BTS က သူတို့ပရိသတ်တွေကို ဘာကြောင့် စစ်စခန်း မလာခိုင်းသလဲ,"Thu, 07 Dec 2023 11:51:09 GMT",https://www.bbc.com/burmese/articles/c72q0g794j6o,https://www.bbc.com/burmese/articles/c72q0g794j6o,BTS အဖွဲ့ဝင် လေးဦးက သူတို့ စစ်မှုမထမ်းခင်မှာ ပရိသတ်ကို နှုတ်ဆက်တဲ့အနေနဲ့ ရုပ်သံ တိုက်ရိုက် ထုတ်လွှင့် မိတ်ဆက်ခဲ့တာဖြစ်ပါတယ်။
စောချစ်သူအပါအဝင် ရွှေကုက္ကိုနဲ့ ပတ်သက်သူ ၃ ယောက်ကို ယူကေ အရေးယူပိတ်ဆို့,"Fri, 08 Dec 2023 15:27:43 GMT",https://www.bbc.com/burmese/articles/c2l2e445j34o,https://www.bbc.com/burmese/articles/c2l2e445j34o,ရွှေကုက္ကိုကို ထိန်းချုပ်ထားတဲ့ နယ်ခြားစောင့်တပ် အကြီးအကဲနဲ့ မြန်မာရတိုင်း ကုမ္ပဏီ ရှယ်ရာရှင်တွေကို ယူကေ ပိတ်ဆို့အရေးယူ
ဘာကြောင့် စက်သုံးဆီပြတ်လပ်ရှားပါးနေတာလဲ,"Fri, 08 Dec 2023 15:01:53 GMT",https://www.bbc.com/burmese/articles/c4n7mn1ex84o,https://www.bbc.com/burmese/articles/c4n7mn1ex84o,‘’ ဗဟိုဘဏ်က ဒေါ်လာရမယ့်နေရာကို ရှာပေးတာပဲလုပ်‌တော့တာ။သူမရောင်းပေးတော့ဘူး။ ဘယ်မှာဒေါ်လာရှိတယ်။ ဘယ်လောက်ရောင်းပေးဆိုတာကို ညွှန်ကြားပေးတာပဲလုပ်‌တော့တာ။ ဗဟိုဘဏ်နဲ့ ဘဏ်တွေနဲ့ ချိတ်ထားပြီးသား။ သဘောက ဘဏ်မှာ ရှိသလောက်ပဲ ဒေါ်လာကရတယ်။ အပြင်စျေး လည်းဖြစ်သွားတယ် ’’ လို့ ဆီတင်သွင်းနေတဲ့လုပ်ငန်းရှင်က ရှင်းပြပါတယ်။
ကာတာ မှာ ‌သေဒဏ်ချခံထားရတဲ့ ‌အိန္ဒိယရေတပ်အရာရှိဟောင်း ၈ ဦးကို သံအမတ်က ကြိုးတိုက်မှာ‌သွားတွေ့,"Fri, 08 Dec 2023 11:57:18 GMT",https://www.bbc.com/burmese/articles/c983znx5z75o,https://www.bbc.com/burmese/articles/c983znx5z75o,အတိအကျဖော်ပြမထားတဲ့စွဲချက်တွေနဲ့ ကာတာမှာ သေဒဏ်ချမှတ်ခံထားရတဲ့ အိန္ဒိယ ရေတပ်အရာရှိဟောင်း ရှစ်ဦးကို ကာတာနိုင်ငံဆိုင်ရာ အိန္ဒိယသံအမတ်ကြီးက အကျဥ်းထောင်ထဲမှာ သွားရောက် တွေ့ဆုံခဲ့ပါတယ်။
ဒီဇင်ဘာ ၈ ရက် ထိပ်တန်းသတင်းများ - အာဏာသိမ်း ၃ နှစ်နီးပါးမှာ သေဆုံးတဲ့အမျိုးသမီး ရာနဲ့ချီရှိ,"Fri, 08 Dec 2023 05:40:13 GMT",https://www.bbc.com/burmese/articles/c727peylyr1o,https://www.bbc.com/burmese/articles/c727peylyr1o,တိုးတက်လာတဲ့ ခေတ်မီစစ်လက်နက်ပစ္စည်းတွေကြောင့် ပြောင်းလဲလာနေတဲ့ ၂၁ ရာစုစစ်ပွဲပုံစံတွေ နဲ့ စစ်ဗျူဟာတွေကို ကြိုတင်မျှော်တွေးထားရမယ်လို့  စစ်ခေါင်းဆောင်ကပြောပါတယ်။
ဒီဇင်ဘာ ၉ ရက် စနေညနေခင်း သတင်းများ - ဂါဇာမှာ ချက်ချင်းအပစ်ရပ်ဖို့ မဲခွဲ၊ အမေရိကန်တနိုင်ငံထဲက ကန့်ကွက်,"Sat, 09 Dec 2023 13:49:54 GMT",https://www.bbc.com/burmese/articles/cjqpq2dznkjo,https://www.bbc.com/burmese/articles/cjqpq2dznkjo,ပါလက်စတိုင်း သမ္မတ မာမွတ်အာဘတ်စ်က အမေရိကန်ဟာ စစ်ရာဇဝတ်မှုမှာ ပူးပေါင်းပါဝင်နေတယ်လို့ စွပ်စွဲ ပြောကြားလိုက်ပါတယ်။
တရုတ်ကြက်သွန်ဖြူ နဲ့ အမေရိကန်အမျိုးသားလုံခြုံရေးအန္တရာယ်ဘယ်လိုပတ်သက်သွားသလဲ,"Sat, 09 Dec 2023 08:35:31 GMT",https://www.bbc.com/burmese/articles/cglpvk1z3yro,https://www.bbc.com/burmese/articles/cglpvk1z3yro,တရုတ်ကတင်ပို့တဲ့ ကြက်သွန်ဖြူတွေဟာ အမေရိကန်အမျိုးသားလုံခြုံရေးအပေါ် သက်ရောက်မှုရှိတာမို့ အစိုးရအနေနဲ့ စုံစမ်းစစ်ဆေးပေးသင့်တယ်လို့ အမေရိကန်အထက်လွှတ်တော်အမတ်တစ်ဦးက တောင်းဆိုလိုက်ပါပြီ။
ကန့်ကွက်မှုတွေကြားက ချင်းပြည်ကောင်စီ,"Sat, 09 Dec 2023 06:33:47 GMT",https://www.bbc.com/burmese/articles/crgpylpe4z2o,https://www.bbc.com/burmese/articles/crgpylpe4z2o,ကန့်ကွက်မှုတွေရှိနေတဲ့ကြားကပဲ ချင်းပြည်ကောင်စီရဲ့ ချင်းပြည်ဖွဲ့စည်းပုံအခြေခံဥပဒေ ၂၀၂၃ ထွက်ပေါ်လာပါတယ်။ ချင်းပြည်ကောင်စီဖွဲ့ပြီး ရက် ၆၀ အတွင်း ချင်းပြည်နယ် လွှတ်တော် နဲ့ အစိုးရအဖွဲ့  ဖွဲ့စည်းသွားမယ်လို့ ထုတ်ပြန်လာပါတယ်။
ဒီဇင်ဘာ ၉ ရက် ထိပ်တန်းသတင်းများ - မင်းလှမြို့က စစ်ဆေးရေးဂိတ်ကို PDF တွေ တိုက်ခိုက်လို့ စစ်ကောင်စီဘက်က ၃ ဦးသေဆုံး,"Sat, 09 Dec 2023 09:42:30 GMT",https://www.bbc.com/burmese/articles/clkpemn9yjno,https://www.bbc.com/burmese/articles/clkpemn9yjno,ပဲခူးတိုင်း၊ မင်းလှမြို့၊ စမ်းဘုတ်ရွာထိပ်က စစ်ဆေးရေးဂိတ်ကို PDF တွေ ဒီဇင်ဘာ ၈ ရက်က ဝင်ရောက် စီးနင်းတိုက်ခိုက်ခဲ့လို့ ရဲနဲ့တပ်သား စုစုပေါင်း ၃ ဦး သေဆုံးခဲ့တယ်လို့ သာယာဝတီခရိုင် ပြည်သူ့ကာကွယ်ရေးတပ်ဖွဲ့ဘက်က ကြေညာထားပါတယ်။
TNLA ထိန်းချုပ်ထားတဲ့ နမ့်ခမ်းမြို့ စစ်ရေးဘာဆက်ဖြစ်နေလဲ,"Sun, 10 Dec 2023 14:06:08 GMT",https://www.bbc.com/burmese/articles/cv2z23ddgpgo,https://www.bbc.com/burmese/articles/cv2z23ddgpgo,ရှမ်းပြည်မြောက်ပိုင်း မူဆယ်မြို့ရဲ့ တဖက်တချက်က နမ့်ခမ်း နဲ့ မူဆယ် ၁၀၅ မိုင်မှာ တိုက်ပွဲတွေဆက်ဖြစ်နေပါတယ်။ နမ့်ခမ်းကို TNLA တအာင်းတပ်သိမ်းထားပေမဲ့ စစ်တပ်ရဲ့ စခန်းသစ်စစ်စခန်းကို ရက် ၄၀ ကျော်တိုက်ခိုက်နေရဆဲဖြစ်ပါတယ်။
ဒီဇင်ဘာ ၁၀ ရက် ထိပ်တန်းသတင်းများ - လွိုင်ကော်မှာ တိုက်ပွဲဆက်ပြင်းထန်နေ ၊တိုက်ပွဲထဲ အရပ်သား ၈၀ ကျော်သေဆုံးထားပြီလို့ IEC ပြော,"Sun, 10 Dec 2023 08:21:22 GMT",https://www.bbc.com/burmese/articles/c72k2mzjgdzo,https://www.bbc.com/burmese/articles/c72k2mzjgdzo,ကယား (ကရင်နီ) ပြည်နယ် မြို့တော်လွိုင်ကော်မှာ တိုက်ပွဲဆက်ပြင်းထန်နေပြီး ခရိုင်ရဲရုံးကို မနေ့ ဒီဇင်ဘာ ၉ ရက် ညပိုင်းက သိမ်းပိုက်နိုင်ပြီလို့ ကရင်နီပြည်ကြားကာလအုပ်ချုပ်ရေးကောင်စီ IEC က အတည်ပြုပြောပါတယ်။
ဂါဇာမှာ အစ္စရေးစစ်တပ်လက်က လွတ်လာသူတွေရဲ့ ပြောပြချက်,"Sun, 10 Dec 2023 10:21:10 GMT",https://www.bbc.com/burmese/articles/c3g2g92d9kxo,https://www.bbc.com/burmese/articles/c3g2g92d9kxo,အစ္စရေးတပ်ဖွဲ့တွေရဲ့ ထိန်းသိမ်းခံထားရတဲ့ ပါလက်စတိုင်း အမျိုးသား အတော်များများကို အတွင်းခံဘောင်းဘီလောက်ပဲ ပေးဝတ်ထားပြီး ဒူးထောက်ခိုင်းထားတဲ့ ပုံတွေ ထွက်ပေါ်လာပါတယ်။
ကက်ရှ်မီးယား အထူးအဆင့်အတန်းပေးတာကို ပယ်ဖျက်- ဒီဇင်ဘာ ၁၁ ညချမ်း နိုင်ငံတကာ သတင်းများ,"Mon, 11 Dec 2023 15:18:23 GMT",https://www.bbc.com/burmese/articles/cd1p64z5n05o,https://www.bbc.com/burmese/articles/cd1p64z5n05o,ဒီဇင်ဘာ ၁၁ ညချမ်း နိုင်ငံတကာ သတင်းများ
၁၁၁၁ စစ်ဆင်ရေး - ညောင်ရွှေရောက် လွိုင်ကော်ဟင်းထုပ်,"Mon, 11 Dec 2023 11:34:05 GMT",https://www.bbc.com/burmese/articles/c4n4gzg5yneo,https://www.bbc.com/burmese/articles/c4n4gzg5yneo,စစ်အာဏာသိမ်းမှုကို ခုခံတော်လှန်စစ်အားကောင်းတဲ့ ကယား(ကရင်နီ)ပြည်နယ်မှာ မြို့တော်လွိုင်ကော်ထဲ တိုက်ပွဲဖြစ်နေတာ တစ်လတိတိပြည့်ပြီဖြစ်သလို ဒေသခံတွေရဲ့ ဘဝတွေလည်း ကစဥ့်ကလျားဖြစ်ကုန်ကြပါတယ်။
ဂါဇာမှာ အပစ်ရပ်ရေး ဖြစ်နိုင်ခြေနည်းလာနေတယ်လို့ ကာတာပြော,"Mon, 11 Dec 2023 09:10:13 GMT",https://www.bbc.com/burmese/articles/c4n0g7l3rp0o,https://www.bbc.com/burmese/articles/c4n0g7l3rp0o,အစ္စရေးဝန်ကြီးချုပ် ဘန်ဂျမင် နေတန်ညာဟုကတော့ ‘‘စစ်ပွဲက အင်ပြည့်အားပြည့်ဖြစ်နေပြီ’’ လို့ ပြောပြီး ဟားမတ်စ်တိုက်ခိုက်ရေးသမားတွေကိုလည်း လက်နက်ချဖို့ တိုက်တွန်းလိုက်ပါတယ်။
ဒီဇင်ဘာလ ၁၁ ရက် ထိပ်တန်းသတင်းများ - မြန်မာစစ်တပ်နဲ့ ဆက်နွှယ်နေသူ ပုဂ္ဂိုလ် ၄ ဦးနဲ့ ကုမ္ပဏီ ၂ ခုကို ဥရောပသမဂ္ဂ ဒဏ်ခတ်,"Mon, 11 Dec 2023 17:05:38 GMT",https://www.bbc.com/burmese/articles/cyr276gnk7jo,https://www.bbc.com/burmese/articles/cyr276gnk7jo,မြောက်ပိုင်းမဟာမိတ်သုံးဖွဲ့ရဲ့ ၁၀၂၇ စစ်ဆင်ရေးကြောင့် စစ်ရေးတင်းမာနေတဲ့ ရှမ်းမြောက်၊ လားရှိုးမြို့ကို စစ်ခေါင်းဆောင် ဗိုလ်ချုပ်မှူးကြီးမင်းအောင်လှိုင် မနေ့က ရောက်ရှိခဲ့ပြီး နယ်မြေတည်ငြိမ်မှုရအောင် အမြန်ဆုံးလုပ်ပေးမယ့်အကြောင်း ပြောခဲ့ပါတယ်။
မုန်းမြို့က စစ်တပ်စခန်းတွေ KNU အတွက်ဘယ်လောက်အရေးကြီးလဲ,"Mon, 04 Dec 2023 12:33:13 GMT",https://www.bbc.com/burmese/articles/cd1pw7176dxo,https://www.bbc.com/burmese/articles/cd1pw7176dxo,"ပဲခူးတိုင်း၊ မုန်းမြို့က စစ်ကောင်စီတပ်ရဲ့ အဓိကတပ်စခန်းနေရာတွေကို  KNLA/PDF ပူး​ပေါင်းတပ်တွေက တိုက်ခိုက်သိမ်းပိုက်ရရှိတယ်လို့ KNU က တရားဝင်ထုတ်ပြန်ပါတယ်။
''ဒီဇင်ဘာလ ၄ ရက်၊ ညနေ ၅ နာရီခွဲအချိန်မှာ စခန်းတွေအားလုံးသိမ်းပိုက်ရရှိပါတယ်။ တပ်ဖွဲ့ဝင်အင်အား ၁,၅၀၀ နဲ့ နယ်မြေ ရှင်းလင်းရေးလုပ်ငန်းတွေ လုပ်ဆောင်နေပါတယ်'' လို့ ‌ကေအဲန်ယူဗဟိုရဲ့  ပြောခွင့်ရက ပြောပါတယ်။ "
ကမ္ဘာ့ ဘိန်းအထွက်ဆုံး နိုင်ငံ မြန်မာဖြစ်လာ,"Tue, 12 Dec 2023 15:48:05 GMT",https://www.bbc.com/burmese/articles/c3g2redp23ro,https://www.bbc.com/burmese/articles/c3g2redp23ro,မြန်မာနိုင်ငံဟာ  အာဖဂန်နစ္စတန်ကို ကျော်ပြီး ကမ္ဘာပေါ်မှာ ဘိန်းထုတ်လုပ်မှု အများဆုံး နိုင်ငံဖြစ်လာ
သီရိလင်္ကာရဲ့ အကြီးဆုံး နေစွမ်းအင်စီမံကိန်း သြစတြေးလျယူ- ဒီဇင်ဘာ ၁၂ ညပိုင်း နိုင်ငံတကာ သတင်းများ ,"Tue, 12 Dec 2023 15:29:00 GMT",https://www.bbc.com/burmese/articles/cj5p0g11pgdo,https://www.bbc.com/burmese/articles/cj5p0g11pgdo,ဒီဇင်ဘာ ၁၂ ညပိုင်း နိုင်ငံတကာ သတင်းများ
စစ်တပ်နဲ့ မြောက်ပိုင်းသုံးဖွဲ့ ဘာတွေဆွေးနွေးခဲ့လဲ,"Tue, 12 Dec 2023 12:07:50 GMT",https://www.bbc.com/burmese/articles/c6pd2504ze7o,https://www.bbc.com/burmese/articles/c6pd2504ze7o,ဒီဆွေးနွေးပွဲမှာ ဘယ်အဖွဲ့က အဓိကဆွေးနွေးတာလဲ၊ ဘယ်လိုအချက်တွေကိုဆွေးနွေးတာလဲနဲ့ ဘယ်လောက်သဘောတူနိုင်ခဲ့လဲဆိုတဲ့ စောကြောမေးခွန်းထုတ်မှုတွေရှိလာပါတယ်။
အချစ်-အမုန်းဆက်ဆံရေးကို အသက်ပြန်သွင်းမယ့် တရုတ်သမ္မတရှီရဲ့ ဗီယက်နမ်ခရီး,"Tue, 12 Dec 2023 11:24:02 GMT",https://www.bbc.com/burmese/articles/crgp4kz7e0ko,https://www.bbc.com/burmese/articles/crgp4kz7e0ko,သမ္မတရှီရဲ့ အခုခရီးစဥ်ဟာ ဗီယက်နမ်နဲ့မဟာမိတ်ဖြစ်ရေး အပြိုင်ကြိုးစားနေတဲ့ အမေရိကန်ထက် ခြေတစ်လှမ်းသာနိုင်ခြေရှိလာပါတယ်။
ဒီဇင်ဘာလ ၁၂ ရက် ထိပ်တန်းသတင်းများ - ခမ်းပတ်မှာ စစ်တပ်နဲ့ PDF ပူးပေါင်းတပ်တို့ တိုက်ပွဲဖြစ်နေ,"Tue, 12 Dec 2023 09:12:01 GMT",https://www.bbc.com/burmese/articles/cp9pv7p3vzpo,https://www.bbc.com/burmese/articles/cp9pv7p3vzpo,အမျိုးသားညီညွတ်ရေးအစိုးရ - NUG ရဲ့ ပြည်သူ့ကာကွယ်ရေးပူးပေါင်းတပ်တွေ ပြီးခဲ့တဲ့ နိုဝင်ဘာ ၇ ရက်က  ထိန်းချုပ်ထားခဲ့တဲ့ စစ်ကိုင်းတိုင်း၊ ခမ်းပတ်မြို့မှာ စစ်တပ်နဲ့ PDF ပူးပေါင်းတပ်တို့ ဒီဇင်ဘာ ၁၁ ရက်နေ့ကစပြီး ထိတွေ့တိုက်ပွဲ ဖြစ်ပွားနေတယ်လို့ တမူးပြည်သူ့အုပ်ချုပ်ရေးအဖွဲ့ဝင်တစ်ဦးက ဘီဘီစီကို အတည်ပြုပြောဆိုပါတယ်။
ဘာကြောင့် စက်သုံးဆီပြတ်လပ်ရှားပါးနေတာလဲ,"Fri, 08 Dec 2023 15:01:53 GMT",https://www.bbc.com/burmese/articles/c4n7mn1ex84o,https://www.bbc.com/burmese/articles/c4n7mn1ex84o,"ဒါပေမဲ့လည်း ဆီစျေးကွက်မှာ  လက်ရှိ တစ်လီတာပေါက်စျေးထက် ၂ ဆစျေးမြင့်တက်သွားမယ်လို့ စက်သုံးဆီစျေးကွက် ကျွမ်းကျင်သူတချို့က သုံးသပ်ပါတယ်။
‘’ နောက်ဆိုဆီက ပေါသွားမယ်။ ဒါပေမဲ့ အပြင် ဒေါ်လာပေါက်စျေးနဲ့တွက်ရောင်းမှာဖြစ်လို့ ဆီစျေးတက်လာမယ်’’ လို့ ဆီတင်သွင်းနေတဲ့ ဆီလုပ်ငန်းရှင်တစ်ဦးကပြောပါတယ်။ "
စစ်ကောင်စီက ဘယ်သူတွေကို သူရဘွဲ့ပေးခဲ့သလဲ,"Wed, 13 Dec 2023 10:59:57 GMT",https://www.bbc.com/burmese/articles/ck7pg9r2e33o,https://www.bbc.com/burmese/articles/ck7pg9r2e33o,၂၀၂၃ ခုနှစ်ထဲမှာပဲ စစ်ကောင်စီက သူရဘွဲ့ ပေးသူ ၆ ဦး ရှိလာတာ ဖြစ်ပြီး အများစုက တိုက်ပွဲတွေမှာ သေဆုံးခဲ့သူတွေဖြစ်ပါတယ်။
တရုတ်-ဗီယက်နမ် မဟာဗျူဟာရပ်ဝန်း ထူထောင် - ဒီဇင်ဘာ ၁၃ ညပိုင်း နိုင်ငံတကာ သတင်းများ,"Wed, 13 Dec 2023 15:12:27 GMT",https://www.bbc.com/burmese/articles/cp0rnmrr21po,https://www.bbc.com/burmese/articles/cp0rnmrr21po,ဒီဇင်ဘာ ၁၃ ညပိုင်း နိုင်ငံတကာ သတင်းများ
ဘုရင်စနစ်ကို အသရေညှိုးစေတဲ့ပို့စ်တွေကြောင့် ထိုင်းအမတ် ထောင် ၆ နှစ်ချမှတ်ခံရ,"Wed, 13 Dec 2023 12:51:42 GMT",https://www.bbc.com/burmese/articles/c16ylwjepk5o,https://www.bbc.com/burmese/articles/c16ylwjepk5o,၂၀၂၀ ဆန္ဒပြပွဲတွေပေါ်ခဲ့ပြီးကတည်းက ထိုင်းဘုရင်စနစ်ကို ဝေဖန်ထောက်ပြတာမျိုးလုပ်လို့ မရအောင် အကာအကွယ်ပေးထားတဲ့ lese-majeste ဥပ‌ဒေနဲ့ တရားစွဲခံရမှု ၂၆၀ ကျော်ရှိတယ်လို့ လူ့အခွင့်အရေးအဖွဲ့တွေက ပြောပါတယ်။
ဒီဇင်ဘာ ၁၃ ရက်ထိပ်တန်းသတင်းများ -  မော်လူးမြို့ကို ထိန်းချုပ်ထားပြီလို့ ကျောင်းသားတပ်ပြော,"Wed, 13 Dec 2023 10:32:00 GMT",https://www.bbc.com/burmese/articles/c3gy9xgy4r7o,https://www.bbc.com/burmese/articles/c3gy9xgy4r7o,စစ်ကိုင်းတိုင်း၊ အင်းတော်မြို့နယ်ထဲက မော်လူးမြို့ ရဲစခန်းကို မြန်မာနိုင်ငံလုံးဆိုင်ရာကျောင်းသားများ ဒီမိုကရက်တစ်တပ်ဦး (ABSDF) အပါအဝင် KIA/PDF နဲ့ တော်လှန်ရေးအင်အားစုတွေက ဒီနေ့မနက်အစောပိုင်းမှာ တိုက်ခိုက်ခဲ့ပြီးတဲ့နောက် မြို့ကို ထိန်းချုပ်ထားလိုက်ပြီလို့ ABSDF က သတင်းထုတ်ပြန်ပါတယ်။
စစ်ဆက်တိုက်မယ့် ပူတင် သတင်းစာရှင်းပွဲ - ဒီဇင်ဘာ ၁၄ ညပိုင်း နိုင်ငံတကာ သတင်းများ ,"Thu, 14 Dec 2023 14:55:01 GMT",https://www.bbc.com/burmese/articles/ckv45v7wzqqo,https://www.bbc.com/burmese/articles/ckv45v7wzqqo,ဒီဇင်ဘာ ၁၄ ညပိုင်း နိုင်ငံတကာ သတင်းများ
ရွှေဖီဦး - ပလောင်တပ်တွေ သိမ်းလိုက်တဲ့ တပ်မတော်လက်ဖက်ခြောက်စက်ရုံ,"Thu, 14 Dec 2023 05:35:57 GMT",https://www.bbc.com/burmese/articles/c0jyelwjn78o,https://www.bbc.com/burmese/articles/c0jyelwjn78o,ဗိုလ်ချုပ်မှူးကြီးမင်းအောင်လှိုင် ဓာတ်ပုံ ချိတ်ဆွဲထားတဲ့ စက်ရုံရုံးခန်းထဲမှာ မကြာသေးခင်က အစည်းအဝေးလုပ်နေခဲ့တဲ့အနေအထားကို တွေ့ရကာ စစ်ကောင်စီအရာရှိတွေရဲ့ I Pad တွေ၊ ဂဏန်းပေါင်းစက်တွေအပါအဝင် မြေပုံညွှန်းတွေပြန့်ကျဲနေပြီး ယူဆောင်မသွားနိုင်ခဲ့တာကို တွေ့ရပါတယ်။
အဂတိအရှုပ်တော်ပုံကြောင့် ဂျပန်ဝန်ကြီး ၄ ဦး နုတ်ထွက်,"Thu, 14 Dec 2023 11:53:08 GMT",https://www.bbc.com/burmese/articles/c872x7p5x37o,https://www.bbc.com/burmese/articles/c872x7p5x37o,"
ဝန်ကြီးတွေအခုလို နုတ်ထွက်မှုဟာ လူထုအမြင်သဘောထားစစ်တမ်းကောက်ယူမှုမှာ ထောက်ခံနှုန်းကျဆင်းနေတဲ့ ဂျပန်ဝန်ကြီးချုပ် ဖူမီယို ခီရှီဒါအစိုးရအတွက် နောက်ထပ် ထိုးနှက်ချက်တစ်ခုဖြစ်လာပါတယ်။ "
ဒီဇင်ဘာ ၁၄ ရက် ထိပ်တန်းသတင်းများ - ထိုင်းရောက်မြန်မာတွေ ဝင်ငွေခွန် ၂ ရာခိုင်နှုန်း ပေးဆောင်ရမယ်လို့ မြန်မာသံရုံးထုတ်ပြန်,"Thu, 14 Dec 2023 11:02:32 GMT",https://www.bbc.com/burmese/articles/c6p18105y06o,https://www.bbc.com/burmese/articles/c6p18105y06o,ထိုင်းနိုင်ငံမှာ အလုပ်လုပ်ကိုင်နေကြတဲ့ မြန်မာနိုင်ငံသားတွေအနေနဲ့ လုပ်ငန်းခွင်အမျိုးအစား (Blue Collar နဲ့ White Collar) အလိုက် မြန်မာနိုင်ငံကို ဝင်ငွေခွန် ၂ ရာခိုင်နှုန်း ပေးဆောင်ရတော့မယ်လို့ ဘန်ကောက်မှာရှိတဲ့မြန်မာသံရုံးက  ဒီဇင်ဘာ ၁၃ ရက်နေ့က သတင်းထုတ်ပြန်လာပါတယ်။
ရုပ်ကြွင်းလောင်စာနဲ့ COP28 ရာသီဥတု ဆွေးနွေးပွဲ - ဒီဇင်ဘာ ၁၃ ညပိုင်း နိုင်ငံတကာ သတင်းများ,"Wed, 13 Dec 2023 15:12:27 GMT",https://www.bbc.com/burmese/articles/cp0rnmrr21po,https://www.bbc.com/burmese/articles/cp0rnmrr21po,ဒီဇင်ဘာ ၁၃ ညပိုင်း နိုင်ငံတကာ သတင်းများ
TNLA ထိန်းချုပ်ထားတဲ့ နမ့်ခမ်းမြို့ စစ်ရေးဘာဆက်ဖြစ်နေလဲ,"Sun, 10 Dec 2023 14:06:08 GMT",https://www.bbc.com/burmese/articles/cv2z23ddgpgo,https://www.bbc.com/burmese/articles/cv2z23ddgpgo,ရှမ်းပြည်မြောက်ပိုင်း မူဆယ်မြို့ရဲ့ တဖက်တချက်က နမ့်ခမ်း နဲ့ မူဆယ် ၁၀၅ မိုင်မှာ တိုက်ပွဲတွေဆက်ဖြစ်နေပါတယ်။ နမ့်ခမ်းကို TNLA တအာင်းတပ်သိမ်းထားပေမဲ့ စစ်တပ်ရဲ့ စခန်းသစ်စစ်စခန်းကို ရက် ၄၀ ကျော်တိုက်ခိုက်နေရဆဲဖြစ်ပါတယ်။
ယူကရိန်း အီးယူအကူ ဟန်ဂေရီပယ်ချ - ဒီဇင်ဘာ ၁၅ ညပိုင်း နိုင်ငံတကာသတင်းများ,"Fri, 15 Dec 2023 15:09:43 GMT",https://www.bbc.com/burmese/articles/cp9321wvpv9o,https://www.bbc.com/burmese/articles/cp9321wvpv9o,ဒီဇင်ဘာ ၁၅ ညပိုင်း နိုင်ငံတကာသတင်းများ
ခြောက်နှစ်ကြာပျောက်ဆုံးနေတဲ့ ဗြိတိန်ဆယ်ကျော်သက် ပြင်သစ်မှာ ပြန်တွေ့,"Fri, 15 Dec 2023 12:31:06 GMT",https://www.bbc.com/burmese/articles/cyj9dx1gn7lo,https://www.bbc.com/burmese/articles/cyj9dx1gn7lo,‘’အဘွားကိုချစ်တယ်။ အိမ်ပြန်ချင်တယ်’’ လို့ ယာဉ်မောင်းရဲ့ ဖုန်းကို ဌားပြီး အဲလက်စ် က သူ့အဘွား ကို မက်ဆေ့ပို့ခဲ့ပါတယ်။
ဒီဇင်ဘာ ၁၅ ရက် ထိပ်တန်းသတင်းများ - မူဆယ် ၁၀၅ မိုင်အနီးက ဗျူဟာကုန်းမှာ တိုက်ပွဲပြင်းထန်,"Fri, 15 Dec 2023 12:03:32 GMT",https://www.bbc.com/burmese/articles/cd1wxgj8lrlo,https://www.bbc.com/burmese/articles/cd1wxgj8lrlo,ရှမ်းပြည်နယ်မြောက်ပိုင်း၊ မူဆယ် ၁၀၅ မိုင်ကုန်သွယ်ရေးဇုန်အနီးက စစ်တပ်ရဲ့ အ‌ရေးပါတဲ့ ၅ မိုင် ဗျူဟာကုန်းစခန်းကို ကိုးကန့်တပ် (MNDAA) ဦးဆောင်တဲ့ မြောက်ပိုင်းမဟာမိတ်တပ်တွေက ဒီဇင်ဘာ ၁၄ ရက်ညပိုင်းမှာ ထိုးစစ်ဆင်တိုက်ခိုက်ခဲ့ပြီး ဒီနေ့မနက်ပိုင်းမှာ သိမ်းပိုက်လိုက်တယ်လို့ ဒေသခံတွေက ဘီဘီစီ ကို ပြောပါတယ်။
ဒီဇင်ဘာ ၁၆ ရက် ထိပ်တန်းသတင်းများ - ခမ်းပတ်တိုက်ပွဲမှာ စစ်တပ်ဘက်က ၁၀ ဦး သေဆုံးတယ်လို့ NUG ထုတ်ပြန်,"Sat, 16 Dec 2023 11:36:10 GMT",https://www.bbc.com/burmese/articles/c4ny51gln48o,https://www.bbc.com/burmese/articles/c4ny51gln48o,ပြည်သူ့ကာကွယ်ရေးတပ်ဖွဲ့ (PDF) တွေထိန်းချုပ်ထားတဲ့ စစ်ကိုင်းတိုင်း၊ ခမ်းပတ်မြို့မှာ စစ်တပ်နဲ့ PDF ပူးပေါင်းတပ်တွေကြား ဒီနေ့မနက်မှာ တိုက်ပွဲပြင်းထန်ခဲ့ပြီး စစ်တပ်ဘက်က ၁၀ ဦးသေဆုံးခဲ့တယ် လို့ အမျိုးသားညီညွတ်‌ရေးအစိုးရ - NUG ကနေ ထုတ်ပြန်လိုက်ပါတယ်။
ထောင့်သန်းနာရောဂါဆိုတာ ဘာလဲ၊ အသက် သေစေနိုင်လား,"Sat, 16 Dec 2023 09:12:02 GMT",https://www.bbc.com/burmese/articles/cnd7l73dr9no,https://www.bbc.com/burmese/articles/cnd7l73dr9no,အာဖရိကတောင်ပိုင်းနဲ့ အရှေ့တောင်ပိုင်းမှာ ထောင့်သန်းနာ ကူးစက်မှုတွေဖြစ်ပွားနေတယ်လို့ ကမ္ဘာ့ကျန်းမာရေးအဖွဲ့(WHO)က သတင်းဖော်ပြလာတာကြောင့် ဒီရောဂါ ဘယ်လိုပုံစံရှိလဲ၊ ဘယ်လောက်အထိ သေစေနိုင်လဲ၊ အဲဒီရောဂါကို လက်နက်သဖွယ် ပြောင်းလဲအသုံးပြုနိုင်တဲ့အန္တရာယ်ကို ရှင်းပြထားပါတယ်။
ပုပ်ရဟန်းမင်းကြီးရဲ့အကြံပေးဟောင်း ရဟန်းအမတ် ထောင်ဒဏ်ချမှတ်ခံရ,"Sun, 17 Dec 2023 12:39:37 GMT",https://www.bbc.com/burmese/articles/czqvj7e1edeo,https://www.bbc.com/burmese/articles/czqvj7e1edeo,အီတလီ ရဟန်းအမတ် အန်ဂျလို ဘတ်ချူးဟာ ဘဏ္ဍာရေးဆိုင်ရာ ရာဇဝတ်မှုတွေအတွက် ထောင်ဒဏ် ၅ နှစ်ခွဲ ချမှတ်ခံရတာဖြစ်ပါတယ်။
ဂါဇာအပစ်ရပ်မှု ရေရှည်တည်တံ့မှ ထောက်ခံမယ်လို့ ဗြိတိန်နဲ့ ဂျာမနီပြော - ဒီဇင်ဘာ ၁၇ ရက်ညပိုင်းသတင်းများ,"Sun, 17 Dec 2023 11:28:06 GMT",https://www.bbc.com/burmese/articles/cd1j75gn62zo,https://www.bbc.com/burmese/articles/cd1j75gn62zo,ဂါဇာအပစ်ရပ်မှု ရေရှည်တည်တံ့မှ ထောက်ခံမယ်လို့ ဗြိတိန်နဲ့ ဂျာမနီနိုင်ငံခြားရေးဝန်ကြီးတွေပြောလိုက်သလို ဂါဇာမှာ အပစ်ရပ်ရေး သံခင်းတမန်ခင်း ဆက်ပြီးကြိုးပမ်းနေတယ်လို့ ကာတာဝန်ကြီးချုပ်လည်း ပြောလိုက်ပါတယ်၊ နောက် အာဆီယံနဲ့ ဂျပန်ခေါင်းဆောင်တွေကလည်း ပင်လယ်ရေကြောင်း ပူးပေါင်းဆောင်ရွက်မှုတွေလုပ်ဖို့ သဘောတူလိုက်ကြတဲ့သတင်းတွေအပါအဝင် ဒီဇင်ဘာလ ၁၇ ရက်ညချမ်း နိုင်ငံတကာသတင်းတွေကို ဖတ်ရှုပါ။
ရန်ကုန် ဘာသာရေးကျောင်းက လိင်ပိုင်းဆိုင်ရာ ကျူးလွန်မှု,"Sun, 17 Dec 2023 04:23:16 GMT",https://www.bbc.com/burmese/articles/cv2q5dznvqeo,https://www.bbc.com/burmese/articles/cv2q5dznvqeo,ကျောင်းသားကလေးငယ်တွေအပေါ်  လိင်ပိုင်းဆိုင်ရာကျူးလွန်ခဲ့တယ်ဆိုတဲ့စွပ်စွဲချက်နဲ့ ရန်ကုန်မြို့၊ ပန်းဘဲတန်းမြို့နယ်၊  ၂၆ လမ်းက အစ္စလာမ်ဘာသာရေးစာသင်ကျောင်းတစ်ခုက ကျောင်းဆရာနှစ်ယောက် ရဲစခန်းမှာ အမှုဖွင့်ခံထားရပါတယ်။
ဒီဇင်ဘာ ၁၇ ရက်ထိပ်တန်းသတင်းများ - ကော့ကရိတ်၊ ကော့နွဲ့တံတားကျိုး,"Sun, 17 Dec 2023 10:16:16 GMT",https://www.bbc.com/burmese/articles/c4nymkpyv30o,https://www.bbc.com/burmese/articles/c4nymkpyv30o,ရှမ်းပြည်နယ်မြောက်ပိုင်း၊ လောက်ကိုင်မြို့မှာပိတ်မိနေခဲ့တဲ့ထိုင်းနိုင်ငံသား ၁၁၁ ဦးကို အမှတ် (၂) ထိုင်း - မြန်မာချစ်ကြည်ရေးတံတားကတဆင့် မြန်မာကနေ ထိုင်းဘက်ကို ဒီဇင်ဘာ ၁၅ ရက်နေ့က ပြန်လည်လွှဲပြောင်းပေးခဲ့ပြီး အဲဒီထဲက ၁၀ ဦးကတော့ အွန်လိုင်းငွေကြေးမှုတွေပါဝင်နေတာကြောင့် ဖမ်းဆီးထိန်းသိမ်းခံလိုက်ရပါတယ်။
အာဆီယံ - ဂျပန်ဆက်ဆံရေး နှစ် ၅၀ ပြည့်မှာ မြန်မာ့အရေး ဘာပြောခဲ့ကြလဲ,"Mon, 18 Dec 2023 12:42:28 GMT",https://www.bbc.com/burmese/articles/cz9q51qp4n1o,https://www.bbc.com/burmese/articles/cz9q51qp4n1o,ရာစုနှစ်ဝက်ကျိုးလာတဲ့ အာဆီယံ-ဂျပန်ဆက်ဆံရေး ထိပ်သီးဆွေးနွေးပွဲမှာ မြန်မာ့အရေးကိုလည်း မချန်လှပ်ဘဲ ခေါင်းဆောင်တွေ ဆွေးနွေးခဲ့ကြပါတယ်။
ဆာနေတဲ့ ကလေးတွေကို အိပ်ဆေးပေး ထိန်းနေရတဲ့ အာဖဂန်နစ္စတန်,"Mon, 18 Dec 2023 13:36:04 GMT",https://www.bbc.com/burmese/articles/c6p1wl4042ko,https://www.bbc.com/burmese/articles/c6p1wl4042ko,စားနပ်ရိက္ခာအကူအညီပေးရေးတွေဖြတ်တောက်ခံရပြီးနောက်မှာ အချို့သော အာဖဂန်တွေဟာ ကလေးတွေအစားအစာမတောင်းဖို့ စိတ်ငြိမ်ဆေးတွေတိုက်ပြီး ရုန်းကန်နေကြပါတယ်။
ဂျဘလီယာ ဒုက္ခသည်စခန်းပေါ် အစ္စရေး လေကြောင်းတိုက်ခိုက်မှုကြောင့် လူ ၁၁၀ သေဆုံး - ဒီဇင်ဘာ ၁၈ ရက် ညနေခင်း နိုင်ငံတကာသတင်းများ ,"Mon, 18 Dec 2023 13:17:04 GMT",https://www.bbc.com/burmese/articles/cevqxg2kq2po,https://www.bbc.com/burmese/articles/cevqxg2kq2po,ဒီဇင်ဘာ ၁၈ ရက် ညနေခင်း နိုင်ငံတကာသတင်းများ
၁၀၂၇ စစ်ဆင်ရေး - စစ်တပ်လက်နက်အများဆုံးသိမ်းယူခဲ့တဲ့ နမ့်ဆန်တိုက်ပွဲ,"Mon, 18 Dec 2023 06:41:04 GMT",https://www.bbc.com/burmese/articles/c3gyee5xe0jo,https://www.bbc.com/burmese/articles/c3gyee5xe0jo,နမ့်ဆန်မြို့တိုက်ပွဲမှာ စစ်တပ်ရဲ့ လက်နက်တွေ စံချိန်တင်သိမ်းဆည်းရမိခဲ့တယ်လို့ တအာင်းအမျိုးသားလွတ်မြောက်ရေးတပ်(TNLA)က ဘီဘီစီကို အတည်ပြုပါတယ်။
ဒီဇင်ဘာ ၁၈ ရက်ထိပ်တန်းသတင်းများ - ထိုင်း-မြန်မာနယ်စပ် ကရင်ပြည်နယ်ထဲက စစ်ကောင်စီတပ်စခန်း သိမ်းပိုက်ခံရ,"Mon, 18 Dec 2023 09:23:17 GMT",https://www.bbc.com/burmese/articles/cd1e0v5zn0qo,https://www.bbc.com/burmese/articles/cd1e0v5zn0qo,ကယား(ကရင်နီ)ပြည်နယ်နဲ့ ကရင်ပြည်နယ်အစပ်မှာရှိသလို သံလွင်မြစ်ကမ်းပေါ်မှာအခြေချထားတဲ့ စစ်ကောင်စီရဲ့ မို့လို့ကျိုး စခန်းကို မနေ့ ဒီဇင်ဘာ ၁၇ ရက် နေ့လယ် ၁ နာရီမှာ တော်လှန်ရေး ပူးပေါင်းအဖွဲ့တွေက သိမ်းပိုက်နိုင်ခဲ့တယ်လို့ ဖက်ဒရယ်ဒီမိုကရေစီတပ်ဖွဲ့(FFD)ကနေ သိရပါတယ်။
၁၁၁၁ စစ်ဆင်ရေး - ညောင်ရွှေရောက် လွိုင်ကော်ဟင်းထုပ်,"Mon, 11 Dec 2023 11:34:05 GMT",https://www.bbc.com/burmese/articles/c4n4gzg5yneo,https://www.bbc.com/burmese/articles/c4n4gzg5yneo,စစ်အာဏာသိမ်းမှုကို ခုခံတော်လှန်စစ်အားကောင်းတဲ့ ကယား(ကရင်နီ)ပြည်နယ်မှာ မြို့တော်လွိုင်ကော်ထဲ တိုက်ပွဲဖြစ်နေတာ ဒီဇင်ဘာ ၁၁ ရက်ဆိုရင် တစ်လတိတိပြည့်ပြီဖြစ်သလို ဒေသခံတွေရဲ့ ဘဝတွေလည်း ကစဥ့်ကလျားဖြစ်ကုန်ကြပါတယ်။
လောက်ကိုင်မှာ MNDAA က အုပ်ချုပ်ရေးဘယ်လိုထူထောင်နေလဲ,"Tue, 19 Dec 2023 10:20:28 GMT",https://www.bbc.com/burmese/articles/c3gyn421nr1o,https://www.bbc.com/burmese/articles/c3gyn421nr1o,တရုတ်-မြန်မာနယ်စပ်က ရန်လုံကျိုင်းဂိတ်မှာ ကိုးကန့်တပ်(MNDAA)က သူတို့အလံလွှင့်ထူလိုက်ပြီဖြစ်သလို MNDAA ထိန်းချုပ်ထားတဲ့ နယ်စပ်မျဉ်းအမှတ် ၁၂၅ (BP-125)က ဒုက္ခသည်စခန်းကိုလည်း ကိုးကန့်နိုင်ငံရေးနဲ့ အုပ်ချုပ်ရေးအဖွဲ့တွေ သွားရောက်ခဲ့ကြပါတယ်။
အစ္စရေး လေကြောင်းတိုက်ခိုက်မှုကြောင့် ဂါဇာတောင်နဲ့မြောက်မှာ အရပ်သား အများအပြား သေဆုံး - ဒီဇင်ဘာ ၁၉ရက် ညနေခင်း နိုင်ငံတကာသတင်းများ ,"Tue, 19 Dec 2023 13:29:43 GMT",https://www.bbc.com/burmese/articles/c19yexwz297o,https://www.bbc.com/burmese/articles/c19yexwz297o,ဒီဇင်ဘာ ၁၉ ရက် ညနေခင်း နိုင်ငံတကာသတင်းများ
မာဘယ်သရုပ်ဆောင် Jonathan Majors ရည်းစားဟောင်းကို လက်ပါမှုနဲ့အပြစ်ရှိကြောင်း တွေ့ရှိ,"Tue, 19 Dec 2023 12:34:48 GMT",https://www.bbc.com/burmese/articles/cj7gnvp9x91o,https://www.bbc.com/burmese/articles/cj7gnvp9x91o,Marvel သရုပ်ဆောင် Jonathan Majors ရည်းစားဟောင်းကို လက်ပါမှုနဲ့အပြစ်ရှိကြောင်းတွေ့ရှိခဲ့ပြီးတဲ့နောက်မှာ Marvel ဟာ သူနဲ့လက်တွဲလုပ်မယ့် အလုပ်တွေကို ဖျက်လိုက်ပြီလို့ကြေညာလာပါတယ်။
ဒီဇင်ဘာ ၁၉ ရက် ထိပ်တန်းသတင်းများ - Sex Chat လုပ်ငန်းတွေဦးဆောင်တဲ့တရုတ်နိုင်ငံသားကို မြန်မာမှာဖမ်းမိ,"Tue, 19 Dec 2023 11:35:33 GMT",https://www.bbc.com/burmese/articles/c872j412lreo,https://www.bbc.com/burmese/articles/c872j412lreo,Sex Chat ဆိုတဲ့ တရားမဝင် လိင်ပိုင်းဆိုင်ရာခြိမ်း‌ခြောက်ငွေညှစ်တဲ့လုပ်ငန်းတွေကို ဦးဆောင်နေတဲ့ တရုတ်နိုင်ငံသား စွန်း ဆိုသူကို မြန်မာနိုင်ငံထဲမှာ ဖမ်းမိခဲ့တယ်လို့ တရုတ်ပြည်သူ့လုံခြုံရေးဌာနက ထုတ်ပြန်လိုက်ပါတယ်။
ဆရာကျောင်း (သို့မဟုတ်) လွိုင်ကော်တိုက်ပွဲမှာကျဆုံးခဲ့တဲ့ ဝါရင့်တော်လှန်ရေးသမား,"Wed, 20 Dec 2023 09:19:38 GMT",https://www.bbc.com/burmese/articles/cql1qjw53l5o,https://www.bbc.com/burmese/articles/cql1qjw53l5o,၁၁၁၁ စစ်ဆင်ရေးအဖြစ် ကရင်နီတော်လှန်ရေးအင်အားစုတွေရဲ့ လွိုင်ကော်မြို့သိမ်းတိုက်ပွဲရက်စွဲတွေထဲ ဒီဇင်ဘာ ၁၆ ရက်နေ့ဟာ စစ်ကောင်စီရဲ့ လက်နက်ကြီးပစ်ခတ်မှုနဲ့ လေကြောင်းတိုက်ခိုက်မှု အဆမတန်အသုံးပြုတဲ့ ရက်တစ်ရက်ဖြစ်ခဲ့သလို ကရင်နီအမျိုးသားများကာကွယ်ရေးတပ် KNDF ရဲ့ ဗဟိုကော်မတီဝင်တစ်ဦးလည်း တိုက်ပွဲမှာအသက်ပေးခဲ့ရပါတယ်။
ကိုဗစ် လူသေဆုံးမှု ရှိတဲ့ အိန္ဒိယမှာ ထိတ်လန့်စရာမလိုဘူးလို့ ကျန်းမာရေးဝန်ကြီးပြော - ဒီဇင်ဘာ ၂၀ရက် ညပိုင်း နိုင်ငံတကာသတင်းများ,"Wed, 20 Dec 2023 17:02:17 GMT",https://www.bbc.com/burmese/articles/cyxvkp5e23vo,https://www.bbc.com/burmese/articles/cyxvkp5e23vo,ဒီဇင်ဘာ ၂၀ရက် ညပိုင်း နိုင်ငံတကာသတင်းများ
ဒီဇင်ဘာ ၂၀ ရက် ထိပ်တန်းသတင်းများ - မူဆယ်မြို့က စစ်ကောင်စီဝန်ထမ်းတွေ တရုတ်ဘက်ပြောင်းရွှေ့နေကြ,"Wed, 20 Dec 2023 15:41:40 GMT",https://www.bbc.com/burmese/articles/cd15q27qglvo,https://www.bbc.com/burmese/articles/cd15q27qglvo,ရှမ်းမြောက် နမ့်ခမ်းနဲ့ မူဆယ် ၁၀၅ မိုင်ကုန်သွယ်ရေးဇုန်တွေကို TNLA ဦးဆောင်တဲ့ မြောက်ပိုင်းမဟာမိတ်ညီနောင် ၃ ဖွဲ့က ထိန်းချုပ်ထားချိန်မှာ ပဲ ဒီနယ်မြေ ၂ ခုကြားထဲက မူဆယ်မြို့မှာ နေထိုင်တဲ့  စစ်ကောင်စီရဲ့ ဌာနဆိုင်ရာ ဝန်ထမ်းတွေ အမြန်ဆုံးပြောင်းရွှေ့ကြဖို့ ဌာနတွင်းအသိပေးမှုတွေလုပ်နေတယ်လို့ ‌ဘီဘီစီရဲ့ သတင်းရင်းမြစ်ကပြောပါတယ်။
ဖြတ်လေးဖြတ်ကြုံလာရတဲ့ ရခိုင်တောင်ပိုင်း,"Thu, 21 Dec 2023 12:57:28 GMT",https://www.bbc.com/burmese/articles/czr8ey4dy9po,https://www.bbc.com/burmese/articles/czr8ey4dy9po,ကျောက်ဖြူမှာ စစ်တပ်ကလမ်းတွေပိတ်လိုက်တဲ့အတွက် မြို့တွင်းနဲ့ မြို့ပြင်က ဒေသခံတွေမှာ စားနပ်ရိက္ခာရှားပါး ပြတ်လပ်လာတာကိုကြုံနေရပြီး အခြေခံလူတန်းစား လက်လုပ်လက်စားတွေဆိုရင် စားရေးသောက်ရေးခက်ခဲပြီး ငတ်ပြတ်တဲ့ အထိဖြစ်နေပါတယ်။
ပါကစ္စတန်မှာ အမျိုးသမီး ဆန္ဒပြသူ ၂၀၀ ကို ဖမ်းဆီး - ဒီဇင်ဘာ ၂၁ ရက် ညနေခင်း နိုင်ငံတကာ သတင်းများ,"Thu, 21 Dec 2023 14:14:03 GMT",https://www.bbc.com/burmese/articles/crg720d3pgro,https://www.bbc.com/burmese/articles/crg720d3pgro,ဒီဇင်ဘာ ၂၁ ရက် ညနေခင်း နိုင်ငံတကာသတင်းများ
ဟားမတ်စ်အဖွဲ့ ဘဏ္ဍာရေးထောက်ပံ့မှု ဘယ်လို ရလဲ,"Thu, 21 Dec 2023 07:59:28 GMT",https://www.bbc.com/burmese/articles/c4nyxeeege1o,https://www.bbc.com/burmese/articles/c4nyxeeege1o,ဟားမတ်စ်အဖွဲ့ရဲ့ ဝင်ငွေရရှိမှုတွေဟာ အကဲခတ်တွေရဲ့အပြောအရ နိုင်ငံတကာ အကူအညီတွေနဲ့ အခွန်ကောက်ခံမှုတွေကနေရရှိတာဖြစ်ပေမဲ့ ပြည်ပအဖွဲ့အစည်းတွေ၊ အလှူရှင်အဖွဲ့တွေနဲ့ နိုင်ငံတကာပိတ်ဆို့မှုတွေကို ကျော်လွှားဖို့နည်းလမ်းတွေအနေနဲ့ ဒစ်ဂျစ်တယ်ငွေကြေးတွေနဲ့ နောက်ကွယ်ကနေ နိုင်ငံတကာရင်းနှီးမြှုပ်နှံမှု ပြုလုပ်မှုတွေကနေလည်း ရရှိပါတယ်။
ဒီဇင်ဘာ ၂၁ ရက် ထိပ်တန်းသတင်းများ - မန္တလေးနန်းတွင်းက စစ်ကောင်စီအဆောင်တွေတိုက်ခိုက်ခံရ,"Thu, 21 Dec 2023 15:28:20 GMT",https://www.bbc.com/burmese/articles/c28yg0rmgr9o,https://www.bbc.com/burmese/articles/c28yg0rmgr9o,"""မနက်အစောကြီး အသံအကျယ်ကြီးကြားလိုက်ရတယ်။ ဒီမနက်တော့ အစစ်အဆေးပိုများတယ်။ နန်းတွင်းအဝင်အထွက်လည်း ပိုတင်းကျပ်သွားတယ်"" လို့ မန္တလေးဒေသခံတစ်ဦးက ပြောပါတယ်။"
လူသေဆုံးမှုရှိလာတဲ့ကိုဗစ်ကို မထိတ်လန့်ဖို့ အိန္ဒိယပြော - ဒီဇင်ဘာ ၂၀ ရက်ညပိုင်း နိုင်ငံတကာသတင်းများ,"Wed, 20 Dec 2023 17:02:17 GMT",https://www.bbc.com/burmese/articles/cyxvkp5e23vo,https://www.bbc.com/burmese/articles/cyxvkp5e23vo,ဒီဇင်ဘာ ၂၀ရက် ညပိုင်း နိုင်ငံတကာသတင်းများ
ဒုက္ခသည်စခန်းစီးနင်းစဉ် ဖမ်းထားတဲ့ ကျန်းမာရေးဝန်ထမ်းတွေကို အစ္စရေးတွေ ထိန်းသိမ်းထားဆဲ - ဒီဇင်ဘာ ၂၂ရက် ညနေခင်း နိုင်ငံတကာသတင်းများ,"Fri, 22 Dec 2023 14:24:23 GMT",https://www.bbc.com/burmese/articles/c4nyejppvkdo,https://www.bbc.com/burmese/articles/c4nyejppvkdo,ဒီဇင်ဘာ ၂၂ ရက် ညနေခင်း နိုင်ငံတကာသတင်းများ
ဒီဇင်ဘာ ၂၂ ရက် ထိပ်တန်းသတင်းများ - အမျိုးသမီး ဗိုလ်လောင်းသင်တန်းဆင်းပွဲ စစ်ခေါင်းဆောင်သွားရောက်,"Fri, 22 Dec 2023 12:05:51 GMT",https://www.bbc.com/burmese/articles/c1dynp74ln7o,https://www.bbc.com/burmese/articles/c1dynp74ln7o,ရန်ကုန်တိုင်း၊ မှော်ဘီမြို့နယ်မှာ ဒီကနေ့ ပြုလုပ်တဲ့ အမျိုးသမီး ဗိုလ်လောင်းသင်တန်းဆင်းပွဲ အမှတ်စဉ် (၁၀) ကို  စစ်ခေါင်းဆောင် ဗိုလ်ချုပ်မှူးကြီး မင်းအောင်လှိုင် တက်ရောက်ခဲ့ပါတယ်။
ပရာ့ဂ်မြို့ က ချားလ်စ်တက္ကသိုလ်မှာ ပစ်ခတ်မှုဖြစ်လို့ လူဒါဇင်ကျော်သေဆုံး,"Fri, 22 Dec 2023 08:13:29 GMT",https://www.bbc.com/burmese/articles/c10ypqvezl5o,https://www.bbc.com/burmese/articles/c10ypqvezl5o,ချက်သမ္မတနိုင်ငံ ပရာ့ဂ်မြို့ရှိ ချားလ်စ်တက္ကသိုလ်မှာ သေနတ်ပစ်ခတ်မှုဖြစ်ပွားခဲ့လို့ လူ ၁၄ ဦးသေဆုံးပြီး ၂၅ ဦးထိမှန်ဒဏ်ရာတွေရရှိခဲ့တယ်လို့ အာဏာပိုင်တွေကကြေညာပါတယ်။
ရန်ကုန် ဘာသာရေးကျောင်းက လိင်ပိုင်းဆိုင်ရာ ကျူးလွန်မှု,"Sun, 17 Dec 2023 04:23:16 GMT",https://www.bbc.com/burmese/articles/cv2q5dznvqeo,https://www.bbc.com/burmese/articles/cv2q5dznvqeo,ကျောင်းသားကလေးငယ်တွေအပေါ်  လိင်ပိုင်းဆိုင်ရာကျူးလွန်ခဲ့တယ်ဆိုတဲ့စွပ်စွဲချက်နဲ့ ရန်ကုန်မြို့၊ ပန်းဘဲတန်းမြို့နယ်၊  ၂၆ လမ်းက အစ္စလာမ်ဘာသာရေးစာသင်ကျောင်းတစ်ခုက ကျောင်းဆရာနှစ်ယောက် ရဲစခန်းမှာ အမှုဖွင့်ခံထားရပါတယ်။
ဒီဇင်ဘာ ၂၃ ရက် ထိပ်တန်းသတင်းများ  - မန်တုံမြို့ကို TNLA ထိန်းချုပ်,"Sat, 23 Dec 2023 10:02:32 GMT",https://www.bbc.com/burmese/articles/c3gy9x4k6dwo,https://www.bbc.com/burmese/articles/c3gy9x4k6dwo,ရှမ်းပြည်နယ်၊ ပလောင်ကိုယ်ပိုင်အုပ်ချုပ်ခွင့်ရဒေသ၊မန်တုံမြို့ကို တအာင်းတပ် (TNLA) က ဒီကနေ့ မနက်ပိုင်းမှာ တိုက်ခိုက်သိမ်းပိုက်လိုက်တယ်လို့ ဒေသခံတွေက ဘီဘီစီကိုပြောပါတယ်။ TNLA တပ်တွေက မန်တုံအခြေစိုက် ခြေလျင်တပ်ရင်း (ခလရ-၁၃၀) ကို ဒီဇင်ဘာ ၁၄ ရက်ကတည်းက ထိုးစစ်ဆင်ခဲ့ပြီး ၁၀ ရက်ကြာ တိုက်ခိုက်ခဲ့ပြီးမှ သိမ်းနိုင်ခဲ့တာ ဖြစ်ပါတယ်။
ဒေါ်နယ်ထရမ့်အမှု တရားလွှတ်တော်ချုပ် အချိန်တိုအတွင်း မဆုံးဖြတ်နိုင်,"Sat, 23 Dec 2023 10:58:53 GMT",https://www.bbc.com/burmese/articles/c72yjwj8120o,https://www.bbc.com/burmese/articles/c72yjwj8120o,အမေရိကန်သမ္မတဟောင်း ဒေါ်နယ်ထရမ့်ဟာ ၂၀၂၀ ရွေးကောက်ပွဲရလဒ်တွေကို ပြောင်းပြန်လှန်ဖို့ ကြိုးပမ်းခဲ့မှုအတွက် ပြစ်ဒဏ်ကင်းလွတ်ခွင့်ရှိမရှိကို လက်ရှိအချိန်မှာ မဆုံးဖြတ်သေးဘူးလို့ အမေရိကန်တရားလွှတ်တော်ချုပ်က ဒီဇင်ဘာ ၂၃ ရက်မှာ ထုတ်ပြန်ခဲ့ပါတယ်။
မြောက်ပိုင်းမှာစစ်ရှိန်လျော့ရေး စစ်ကောင်စီအဖွဲ့ တရုတ်ရောက်နေ,"Sat, 23 Dec 2023 02:49:56 GMT",https://www.bbc.com/burmese/articles/c3gyw742z6yo,https://www.bbc.com/burmese/articles/c3gyw742z6yo,ဆွေးနွေးပွဲအကြောင်းသိထားတဲ့ ဘီဘီစီရဲ့ သတင်းရင်းမြစ်ကတော့ စစ်ရှိန်လျော့ကျရေးနဲ့ အတူ နယ်မြေပိုင်းဖြတ်မှုတွေနဲ့ပတ်သက်ပြီး စစ်တပ်နဲ့ မြောက်ပိုင်း ၃ ဖွဲ့ကြား ညှိနှိုင်းကြဖို့ရှိတယ်လို့ ကနဦးသူသိထားတဲ့သတင်းကိုပြောပါတယ်။
ပူတင်ကို စိန်ခေါ်နိုင်ခြေရှိတဲ့ စစ်ပွဲဆန့်ကျင်သူ သမ္မတလောင်းကို ရုရှားပိတ်ပင်,"Sun, 24 Dec 2023 12:11:39 GMT",https://www.bbc.com/burmese/articles/c9e2p83rrj0o,https://www.bbc.com/burmese/articles/c9e2p83rrj0o,သမ္မတလောင်းအဖြစ်မှတ်ပုံတင်သူ ၃၀ နီးပါးရှိခဲ့ပေမဲ့ အခုတော့ စစ်ပွဲဆန့်ကျင်သူ တစ်သီးပုဂ္ဂလ နိုင်ငံရေးသမားလည်း ပယ်ချ ပိတ်ပင်ခံရလို့ သမ္မတပူတင်တစ်ယောက်ပဲ သမ္မလောင်းအဖြစ် ဆန်ကာတင်ကျန်ရစ်ပြီး မှတ်ပုံတင်ထားတဲ့သူဖြစ်လာပါတယ်။
ဆန်၊ပဲ၊ပြောင်း ပို့ကုန်ရငွေနဲ့ စက်သုံးဆီဝယ်နိုင်တယ်လို့ စစ်ကောင်စီပြော,"Sun, 24 Dec 2023 08:01:11 GMT",https://www.bbc.com/burmese/articles/c9r24enqlv6o,https://www.bbc.com/burmese/articles/c9r24enqlv6o,ပြည်ပပို့ကုန်ကနေရရှိတဲ့‌နိုင်ငံခြားငွေ(‌ဒေါ်လာ)ကို ထိန်းချုပ်ကန့်သတ်နေတဲ့ စစ်ကောင်စီဟာ စက်သုံးဆီဝယ်ယူရေးအတွက် သုံးစွဲနေရတဲ့နိုင်ငံခြားငွေအခြေအနေကို ဖြေရှင်းဖို့ ဆန်၊ ပဲ၊ ပြောင်း ပို့ကုန်ရငွေတွေနဲ့လည်း စက်သုံးဆီဝယ်နိုင်ပြီလို့ ပြောလာပါတယ်။
ဒီဇင်ဘာ ၂၄ ရက်ထိပ်တန်းသတင်းများ - စစ်ကောင်စီ စစ်ကိုင်းဝန်ကြီးချုပ်ပါဝင်တဲ့ လမ်းလျှောက်ပွဲ တိုက်ခိုက်ခံရ,"Sun, 24 Dec 2023 11:02:01 GMT",https://www.bbc.com/burmese/articles/ckk52x9r17go,https://www.bbc.com/burmese/articles/ckk52x9r17go,ပြည်သူအယောက် ၄၀ ကျော် မီးရှို့သတ်ဖြတ်ခံရတဲ့ဖြစ်စဉ်ဟာ ဒီကနေ့မှာ နှစ်နှစ်ပြည့်ခဲ့ပြီဖြစ်ပြီး ဒီဖြစ်စဉ်အပါအဝင် စစ်ကောင်စီတပ်တွေရဲ့ စစ်ရာဇဝတ်ကျူးလွန်မှုတွေကို အပြစ်ပေးဖို့ ကြားကာလအုပ်ချုပ်ရေးကောင်စီ IEC က ထုတ်ပြန်ပါတယ်။
ချက်နိုင်ငံမှာ တနိုင်ငံလုံး တမိနစ်ငြိမ်သက် - ဒီဇင်ဘာလ ၂၃ ရက် နိုင်ငံတကာသတင်းများ,"Sun, 24 Dec 2023 03:12:23 GMT",https://www.bbc.com/burmese/articles/cg3xlly5z00o,https://www.bbc.com/burmese/articles/cg3xlly5z00o,ချက်နိုင်ငံမှာ အသက် ၂၀ ကျော်အရွယ် ကျောင်းသားတစ်ယောက်က ပစ်ခတ်လို့ လူ ၁၄ ဦးသေဆုံးမှုအတွက် တနိုင်ငံလုံး တမိနစ်ကြာငြိမ်သက်အောက်မေ့ခဲ့ကြသလို တဖက်မှာလည်း ပဋိပက္ခမြင့်တက်နေတဲ့ ဂါဇာနဲ့ အစ္စရေးမှာ အစ္စရေးက ရာနဲ့ချီတဲ့ပါလက်စတိုင်းတွေကို ဖမ်းခေါ်သွားပါတယ်... ဒီသတင်းတွေအပါအဝင် ဒီဇင်ဘာလ ၂၃ ရက်ညနေခင်း နိုင်ငံတကာသတင်းတွေကို ဖတ်ရှုပါ။
ခရစ္စမတ်စ်ပွဲလုပ်ပေမယ့် ဆိုရှယ်လစ်နိုင်ငံဖြစ်ကြောင်း မမေ့ဖို့ တရုတ်အစိုးရ သတိပေး - ဒီဇင်ဘာ ၂၅ ရက် နိုင်ငံတကာ ထိပ်တန်း သတင်း,"Mon, 25 Dec 2023 13:00:54 GMT",https://www.bbc.com/burmese/articles/czr84mkkje8o,https://www.bbc.com/burmese/articles/czr84mkkje8o,ဘာသာတရားတွေကို ကိုးကွယ် ယုံကြည်နိုင်ကြပေမယ့် ပိုပြီး တရုတ်ဆန်အောင် လုပ်ရမယ်၊ နိုင်ငံရပ်ခြား ဩဇာခံ မဖြစ်ရဘူးဆိုတဲ့ ရပ်တည်မှု တရုတ် အစိုးရ ထားရှိ
မြန်မာက ခရစ်ယာန်စစ်ရှောင်တွေရဲ့ခရစ္စမတ် - “သာမန် တနင်္ဂနွေနေ့တစ်ရက်လိုပဲ ဖြစ်သွားတယ်”,"Mon, 25 Dec 2023 11:23:05 GMT",https://www.bbc.com/burmese/articles/cerl44wmgm9o,https://www.bbc.com/burmese/articles/cerl44wmgm9o,စစ်အာဏာသိမ်းမှုအောက်မှာ သုံးကြိမ်မြောက်ဆင်နွှဲရတဲ့ ခရစ္စမတ်ကာလကို သိုသိုသိပ်သိပ်နဲ့သာ ဖြတ်သန်းနေကြတယ်လို့ ခရစ်ယာန်အများစုနေထိုင်တဲ့ ချင်း၊ ကချင်၊ ကရင်နီ နဲ့ ကရင် ဒေသခံတွေက ဘီဘီစီကို ပြောပါတယ်။
ခရစ္စမတ်ပွဲကို ဒီဇင်ဘာ ၂၅ ရက်မှာပဲ ယူကရိန်းဆင်နွှဲပြီ,"Mon, 25 Dec 2023 08:04:31 GMT",https://www.bbc.com/burmese/articles/c72y1nlpdj3o,https://www.bbc.com/burmese/articles/c72y1nlpdj3o,ရုရှား‌နည်းတူ ခရစ္စမတ်ပွဲကို ဇန်နဝါရီလဆန်းမှာပြုလုပ်လေ့ရှိတဲ့ ယူကရိန်းဟာ အခုတော့ ပထမဆုံးအကြိမ်အနေနဲ့ အခုနှစ်ကစတင်ပြီး ဒီဇင်ဘာလ ၂၅ ရက်ကို ခရစ္စမတ်နေ့အဖြစ် သတ်မှတ်ဆင်နွှဲပြီဖြစ်ပါတယ်။
ဒီဇင်ဘာ ၂၅ ရက် ထိပ်တန်းသတင်းများ - မြောက်ဦးမှာ လက်နက်ကြီးကျလို့ သေဆုံးသူတိုးလာ,"Mon, 25 Dec 2023 12:06:00 GMT",https://www.bbc.com/burmese/articles/c72y768lzj3o,https://www.bbc.com/burmese/articles/c72y768lzj3o,၁၀၂၇ စစ်ဆင်ရေးအဖြစ် စစ်ရေးတင်းမာနေတဲ့ ရှမ်းပြည်နယ်မြောက်ပိုင်းက သိန္နီမြို့ပေါ်ရဲစခန်းအနီးကို စစ်ကောင်စီတပ်တွေက ဂျက်တိုက်လေယာဉ်နဲ့ဗုံးကြဲတိုက်ခိုက်ချိန် အရပ်သား ၂ ဦးသေဆုံး၊ ၅ ဦး ထိခိုက်ဒဏ်ရာရခဲ့တယ်လို့ ကိုးကန့်တပ်(MNDAA) က သတင်းထုတ်ပြန်ပါတယ်။
ခရစ်တော်မွေးဖွားရာမြို့မှာ ခရီးသွားတွေ ကင်းမဲ့ - ဒီဇင်ဘာလ ၂၄ ရက်ညနေခင်း နိုင်ငံတကာသတင်းများ,"Sun, 24 Dec 2023 14:30:31 GMT",https://www.bbc.com/burmese/articles/c72ynkyx8kdo,https://www.bbc.com/burmese/articles/c72ynkyx8kdo,အစ္စရေး-ဂါဇာ ပဋိပက္ခကြောင့် ခရစ်တော်မွေးဖွားရာ အနောက်ဘက်ကမ်းက ဘယ်သဲလ်ဟမ်မြို့မှာ ခရီးသွား ကင်းမဲ့နေပါတယ်၊ ပင်လယ်နီမှာ ယီမင်ဘက်ကပစ်လိုက်တဲ့ ဒရုန်းတွေကို အမေရိကန်ရေတပ်က ကြားဖြတ် ပစ်ချလိုက်ပါတယ် ... စတဲ့ ဒီဇင်ဘာလ ၂၅ ရက် ညနေခင်း နိုင်ငံတကာသတင်းများစုစည်းချက်
ဒီဇင်ဘာ ၂၄ ရက်ထိပ်တန်းသတင်းများ - စစ်ကိုင်းဝန်ကြီးချုပ်ပါတဲ့လမ်းလျှောက်ပွဲ တိုက်ခိုက်ခံရ,"Sun, 24 Dec 2023 11:02:01 GMT",https://www.bbc.com/burmese/articles/ckk52x9r17go,https://www.bbc.com/burmese/articles/ckk52x9r17go,ပြည်သူအယောက် ၄၀ ကျော် မီးရှို့သတ်ဖြတ်ခံရတဲ့ဖြစ်စဉ်ဟာ ဒီကနေ့မှာ နှစ်နှစ်ပြည့်ခဲ့ပြီဖြစ်ပြီး ဒီဖြစ်စဉ်အပါအဝင် စစ်ကောင်စီတပ်တွေရဲ့ စစ်ရာဇဝတ်ကျူးလွန်မှုတွေကို အပြစ်ပေးဖို့ ကြားကာလအုပ်ချုပ်ရေးကောင်စီ IEC က ထုတ်ပြန်ပါတယ်။
ရလဒ်မထွက်တဲ့ဆွေးနွေးပွဲ - စစ်ကောင်စီနဲ့ ညီနောင် ၃ ဖွဲ့ကြား တိုက်ပွဲဆက်ပြင်းထန်,"Tue, 26 Dec 2023 12:43:26 GMT",https://www.bbc.com/burmese/articles/czv50x70nlwo,https://www.bbc.com/burmese/articles/czv50x70nlwo,စစ်ကောင်စီက ကူမင်းဆွေးနွေးပွဲကို ကိုယ်စားလှယ်အဖွဲ့ သုံးဖွဲ့ အထိ ခေါ်သွားပြီး ချက်ချင်းအပစ်ရပ်ဖို့ဆွေးနွေးတဲ့တစ်ဖွဲ့၊ ငြိမ်းချမ်းရေးလုပ်ငန်းစဉ်အတွက် ဆွေးနွေးတဲ့တစ်ဖွဲ့ နဲ့ နယ်စပ်ကုန်သွယ်ရေးအတွက်‌ဆွေးနွေးတဲ့အဖွဲ့ ဆိုပြီး သတ်မှတ်ထားတယ်လို့ ဘီဘီစီ သတင်းအရင်းအမြစ်က ပြောပါတယ်။
ဒီဇင်ဘာ ၂၆ ရက် ထိပ်တန်းသတင်းများ - နမ္မတူမှာ တိုက်ပွဲပြင်းထန်၊ လက်နက်ကြီးထိမှန်ပြီး လူ ၂ ဦးထက်မနည်းသေဆုံး,"Tue, 26 Dec 2023 12:06:20 GMT",https://www.bbc.com/burmese/articles/c3gy82gnlnvo,https://www.bbc.com/burmese/articles/c3gy82gnlnvo,ရှမ်းပြည်နယ်မြောက်ပိုင်း၊ နမ္မတူအခြေစိုက် စစ်တပ်ရဲ့ ခြေမြန်တပ်ရင်း (ခမရ-၃၂၄) ကို တအာင်းတပ် (TNLA) တွေက မနေ့ ဒီဇင်ဘာ ၂၅ ရက်နေ့မှာ ထိုးစစ်ဆင်တိုက်ခိုက်ခဲ့ပြီး ဒီကနေ့ နေ့လယ်ပိုင်းအထိ နှစ်ဖက်ကြား တိုက်ပွဲပြင်းထန်နေတယ်လို့ ဒေသခံတစ်ဦးက ဘီဘီစီကိုပြောပါတယ်။
သီရိလင်္ကာ မူးယစ်‌ဆေးဝါးနှိမ်နင်းမှုမှာ လူထောင်ချီ အဖမ်းခံရ,"Tue, 26 Dec 2023 04:54:38 GMT",https://www.bbc.com/burmese/articles/cy7r0w43jqyo,https://www.bbc.com/burmese/articles/cy7r0w43jqyo,သီတင်းတစ်ပတ်ကြာအတွင်းပြုလုပ်ခဲ့တဲ့စစ်ဆင်ရေးအတွင်း မသင်္ကာသူလူပေါင်း တစ်သောင်းခွဲနီးပါးနဲ့ ဆေးစွဲနေသူ တစ်ထောင်ကျော်ကို ဖမ်းမိခဲ့တယ်လို့ သီရိလင်္ကာရဲတပ်ဖွဲ့က ပြောပါတယ်။
ခရစ္စမတ်ပွဲလုပ်ပေမဲ့ ဆိုရှယ်လစ်နိုင်ငံဖြစ်ကြောင်းမမေ့ဖို့ တရုတ်သတိပေး - ဒီဇင်ဘာ ၂၅ ရက် နိုင်ငံတကာထိပ်တန်းသတင်းများ,"Mon, 25 Dec 2023 13:00:54 GMT",https://www.bbc.com/burmese/articles/czr84mkkje8o,https://www.bbc.com/burmese/articles/czr84mkkje8o,ဘာသာတရားတွေကို ကိုးကွယ် ယုံကြည်နိုင်ကြပေမယ့် ပိုပြီး တရုတ်ဆန်အောင် လုပ်ရမယ်၊ နိုင်ငံရပ်ခြား ဩဇာခံ မဖြစ်ရဘူးဆိုတဲ့ ရပ်တည်မှု တရုတ် အစိုးရ ထားရှိ
ရုရှားအတွက် ကြေးစားတိုက်ပေးနေတဲ့ ဂေါ်ရခါးစစ်သား ရာနဲ့ချီ  ပျောက်ဆုံး- ဒီဇင်ဘာ ၂၇ ထိပ်တန်း နိုင်ငံတကာသတင်း,"Wed, 27 Dec 2023 16:31:16 GMT",https://www.bbc.com/burmese/articles/c1wy096yy9vo,https://www.bbc.com/burmese/articles/c1wy096yy9vo,ရုရှားအတွက် ကြေးစား စစ်တိုက်ပေးဖို့ နီပေါနိုင်ငံသားတွေ လူမှောင်ခို ကူးခံနေရ
ဒီဇင်ဘာ ၂၇ ရက် ထိပ်တန်းသတင်းများ - ဇနီးကို သတ်ခဲ့တဲ့ နေပြည်တော်က ဗိုလ်မှူးကြီး ဖမ်းဆီးခံရ,"Wed, 27 Dec 2023 10:56:08 GMT",https://www.bbc.com/burmese/articles/cjegln97ejgo,https://www.bbc.com/burmese/articles/cjegln97ejgo,နေပြည်တော်က သားဖွားမီးယပ်ပါရဂူ ဗိုလ်မှူးကြီး ဇေယျာလင်း ဟာ ဇနီးကို သတ်ဖြတ်ပြီး အလောင်းဖျောက်ဖျက်မှုကို ဝန်ခံလိုက်တဲ့အကြောင်း နေပြည်တော်က ဘီဘီစီ သတင်းအရင်းအမြစ်တွေက ပြောပါတယ်။
Parasite သရုပ်ဆောင် လီဆန်ဂျွန်းကို သေဆုံးလျက်တွေ့ရှိ,"Wed, 27 Dec 2023 10:08:10 GMT",https://www.bbc.com/burmese/articles/c0kyvv77wwdo,https://www.bbc.com/burmese/articles/c0kyvv77wwdo,အော်စကာထူးချွန်ဆုရဇာတ်ကား Parasite(ကပ်ပါးကောင်)ရုပ်ရှင်မှာ သရုပ်ဆောင်မှုနဲ့လူသိများတဲ့  တောင်ကိုရီးယား သရုပ်ဆောင် မင်းသား လီဆန်ဂျွန်းကို သေဆုံးလျက်တွေ့ရှိထားတယ်လို့ ရဲတပ်ဖွဲ့ကို ကိုးကားပြီး တောင်ကိုရီးယားမီဒီယာတွေက ဖော်ပြပါတယ်။
လောက်ကိုင်ကနေ ဘေးလွတ်ရာ ထွက်သွားကြဖို့ တရုတ်နိုင်ငံသားတွေကို တရုတ်အစိုးရ တိုက်တွန်း- ဒီဇင်ဘာ ၂၈ နိုင်ငံတကာ ထိပ်တန်းနိုင်ငံတကာသတင်းများ,"Thu, 28 Dec 2023 15:58:38 GMT",https://www.bbc.com/burmese/articles/cerl2e7gyrro,https://www.bbc.com/burmese/articles/cerl2e7gyrro,လောက်ကိုင်တဝိုက် ဗုံးကြဲတိုက်ခိုက်မှုတွေ ရှိနေခဲ့တယ်လို့ ဒေသတွင်း သတင်းတွေပြော
အမေရိကန်က ယူကရိန်းအတွက် လတ်တလော စစ်‌ရေးအကူအညီထပ်ပေး,"Thu, 28 Dec 2023 11:50:32 GMT",https://www.bbc.com/burmese/articles/c25y7n5rjy8o,https://www.bbc.com/burmese/articles/c25y7n5rjy8o,အခုတစ်ကြိမ်ပေးလိုက်တဲ့အကူအညီတွေထဲမှာ ပင်တဂွန်စစ်ဌာနချုပ်မှာ သိုလှောင်ထားတဲ့လက်နက်တွေလည်း ပါဝင်မယ်လို့ သိရပါတယ်။
ဒီဇင်ဘာ ၂၈ ရက် ထိပ်တန်းသတင်းများ - TNLA  နဲ့ စစ်တပ်တို့ တိုက်ပွဲပြင်းထန်နေတဲ့ နမ္မတူမှာ ဒေသခံ ရာနဲ့ချီ ပိတ်မိနေ,"Thu, 28 Dec 2023 04:13:49 GMT",https://www.bbc.com/burmese/articles/cd157102qqqo,https://www.bbc.com/burmese/articles/cd157102qqqo,ရှမ်းပြည်နယ်မြောက်ပိုင်းက နမ္မတူမြို့မှာတိုက်ပွဲပြင်းထန်နေပြီး  စစ်တပ်ကရော တအာင်းတပ် - TNLA ဘက်ကပါ မြို့ဝင်မြို့ထွက်လမ်းတွေကို ပိတ်ဆို့ထားတာကြောင့် ဒေသခံ ရာနဲ့ချီ စစ်ရှောင်လို့မရဘဲ ပိတ်မိနေတယ်လို့ နမ္မတူဒေသခံတွေက ဒီကနေ့ ဒီဇင်ဘာ ၂၈ ရက် မနက်ပိုင်းမှာ ဘီဘီစီကိုပြောလာပါတယ်။
ဒီဇင်ဘာ ၂၇ ရက် ထိပ်တန်းသတင်းများ - နေပြည်တော်ကဗိုလ်မှူးကြီးတစ်ဦး  ဇနီးကိုသတ်မှုနဲ့အဖမ်းခံရ,"Wed, 27 Dec 2023 10:56:08 GMT",https://www.bbc.com/burmese/articles/cjegln97ejgo,https://www.bbc.com/burmese/articles/cjegln97ejgo,နေပြည်တော်က သားဖွားမီးယပ်ပါရဂူ ဗိုလ်မှူးကြီး ဇေယျာလင်း ဟာ ဇနီးကို သတ်ဖြတ်ပြီး အလောင်းဖျောက်ဖျက်မှုကို ဝန်ခံလိုက်တဲ့အကြောင်း နေပြည်တော်က ဘီဘီစီ သတင်းအရင်းအမြစ်တွေက ပြောပါတယ်။
အဆိုးဆုံး လေကြောင်းတိုက်ခိုက်မှုတွေကို ယူကရိန်း ကြုံနေရ - ဒီဇင်ဘာလ ၂၉ ရက် နိုင်ငံတကာ သတင်းများ,"Fri, 29 Dec 2023 18:10:59 GMT",https://www.bbc.com/burmese/articles/crg828v547do,https://www.bbc.com/burmese/articles/crg828v547do,ဒီဇင်ဘာလ ၂၉ ရက် နိုင်ငံတကာ သတင်း များ
ဒီဇင်ဘာ ၂၉ ရက် ထိပ်တန်းသတင်းများ - မုံရွာမှာ စစ်တပ်နဲ့ ပလဖတပ်တွေကြား တိုက်ပွဲဖြစ်ပြီး ဒေသခံ ၂ ဦးသေဆုံး,"Fri, 29 Dec 2023 11:09:34 GMT",https://www.bbc.com/burmese/articles/cyd0n861ql6o,https://www.bbc.com/burmese/articles/cyd0n861ql6o,စစ်ကိုင်းတိုင်း၊ မုံရွာမြို့နယ် ညောင်ပင်ရွာသစ်ရွာအနီးမှာ ဒီကနေ့မနက်အစောပိုင်းက စစ်တပ်နဲ့ ပြည်သူ့လုံခြုံရေးတပ်ဖွဲ့(ပလဖ) တို့ ထိတွေ့တိုက်ပွဲဖြစ်ပွားခဲ့တယ်လို့ မုံရွာအခြေစိုက် ပြည်သူ့ကာကွယ်ရေးတပ်ဖွဲ့ (PDF) က ဘီဘီစီကို အတည်ပြုပါတယ်။
တရုတ်နိုင်ငံ လွှတ်တော်ထဲက ထိပ်တန်း စစ်ဗိုလ်ချုပ်တွေ ဖယ်ရှားခံရ - ဒီဇင်ဘာ ၃၀ ရက် ထိပ်တန်း နိုင်ငံတကာ သတင်း,"Sat, 30 Dec 2023 14:10:56 GMT",https://www.bbc.com/burmese/articles/cjjg7n3n9d5o,https://www.bbc.com/burmese/articles/cjjg7n3n9d5o,မစ်ဆိုင်းဒုံးတပ်ဖွဲ့ အတွင်း အကျင့်ပျက်မှုတွေ ရှိနေကြောင်း စုံစမ်းနေတာနဲ့ ဆက်စပ်နိုင်
ကျောက်ဖြူရေနက်ဆိပ်ကမ်း - စစ်ကောင်စီရဲ့ နောက်ဆက်တွဲစာချုပ် တရုတ်လိုလားတဲ့ပုံစံ   ပြန်ရောက်သွားမလား,"Sat, 30 Dec 2023 10:21:46 GMT",https://www.bbc.com/burmese/articles/c4nyqr2p5l2o,https://www.bbc.com/burmese/articles/c4nyqr2p5l2o,စာချုပ်မှာဘယ်လိုအချက်တွေပြောင်းလဲသွားသလဲဆိုတာက မေးခွန်းတွေ ဖြစ်လာပါတယ်။ ဒါပေမဲ့ စစ်ကောင်စီဘက်ကတော့ ဒီစာချုပ်မှာ ပါဝင်တဲ့ ရပိုင်ခွင့်နဲ့ အကျိုးအမြတ်ခွဲဝေမှု အသေးစိတ်ကို ထုတ်မပြောပါဘူး။
ဒီဇင်ဘာ ၃၀ ရက် ထိပ်တန်းသတင်းများ - ရခိုင်၊ မြောက်ဦးက မြောင်းဘွေရဲစခန်းကို အေအေသိမ်းပိုက်,"Sat, 30 Dec 2023 08:56:33 GMT",https://www.bbc.com/burmese/articles/c25yx91lylyo,https://www.bbc.com/burmese/articles/c25yx91lylyo,ရခိုင်ပြည်နယ် မြောက်ဦးမြို့၊ မြောင်းဘွေတိုက်နယ်က စစ်တပ်နဲ့ ရဲပူးပေါင်းထားတဲ့စခန်းကို ရက္ခိုင့်တပ်တော် (အေအေ) က ဒီကနေ့ ဒီဇင်ဘာ ၃၀ ရက်မနက်ပိုင်းမှာ တိုက်ခိုက်သိမ်းပိုက်လိုက်တယ်လို့ မြေပြင်အခြေအနေသိရှိတဲ့ ဘီဘီစီသတင်းအရင်းအမြစ်တစ်ဦးက ပြောပါတယ်။
၂၀၂၃ ခုနှစ်မှာ ပထမဆုံး မျက်လုံးအစားထိုးကုသမှုနဲ့ ဒုတိယမြောက် ငှက်ဖျားကာကွယ်ရေးထွက်ပေါ် ,"Sat, 30 Dec 2023 07:34:20 GMT",https://www.bbc.com/burmese/articles/cp93jkwp981o,https://www.bbc.com/burmese/articles/cp93jkwp981o,ပထမငှက်ဖျားပျောက်ဆေးထက် စျေးနည်းနည်းနဲ့ထုတ်နိုင်မယ့် ဒုတိယမြောက်ငှက်ဖျားဆေးကို တွေ့ရှိတာမျိုးလို အဓိကကျန်းမာရေးဖြစ်ပေါ် တွေ့ရှိမှုတွေ ၂၀၂၃ ခုနှစ်မှာရှိခဲ့ပါတယ်။
အေအေသိမ်းလိုက်တဲ့ စခန်းက မြန်မာစစ်သား ၁၅၀ ကျော် အိန္ဒိယထဲ ဝင်ပြေး - ဒီဇင်ဘာ ၃၁ ထိပ်တန်း နိုင်ငံတကာသတင်း,"Sun, 31 Dec 2023 13:05:47 GMT",https://www.bbc.com/burmese/articles/cpexvgeew41o,https://www.bbc.com/burmese/articles/cpexvgeew41o,ရခိုင်နဲ့ချင်း ပြည်နယ်တွေမှာ သက်ဆိုင်ရာ လူမျိုးစု တော်လှန်ရေး အဖွဲ့တွေနဲ့ အာဏာသိမ်း စစ်ကောင်စီရဲ့ တပ်ဖွဲ့တွေကြား တိုက်ပွဲတွေ ဆက်လက် ပြင်းထန်
မြန်မာပြည်တောင်ပိုင်းက ကျားဖြန့်လုပ်ငန်းတွေကိုနှိမ်နင်းမယ့် စစ်ဆင်ရေးပေါ်လာနိုင်မလား,"Sun, 31 Dec 2023 13:01:57 GMT",https://www.bbc.com/burmese/articles/c19ywxgw9m2o,https://www.bbc.com/burmese/articles/c19ywxgw9m2o,ရှမ်းမြောက်မှာ ကျားဖြန့်လုပ်ငန်းတွေနှိမ်နင်းခံနေရပေမဲ့ မြန်မာပြည်တောင်ပိုင်း၊ ထိုင်း-မြန်မာနယ်စပ် ကရင်ပြည်နယ်ထဲက အဲဒီလုပ်ငန်းတွေ ပုံမှန်အတိုင်းလည်ပတ်လုပ်ကိုင်နေဆဲဆိုတာကို ဘီဘီစီက စုံစမ်းသိရှိရပါတယ်။
ဒီဇင်ဘာ ၃၁ ရက်ထိပ်တန်းသတင်းများ - မိုင်းငေါ့မြို့မှာ စစ်တပ်နဲ့ တအာင်းတပ် တိုက်ပွဲဖြစ်နေ,"Sun, 31 Dec 2023 10:32:49 GMT",https://www.bbc.com/burmese/articles/c4nyk41px65o,https://www.bbc.com/burmese/articles/c4nyk41px65o,ရှမ်းပြည်နယ်မြောက်ပိုင်း၊ ကျောက်မဲခရိုင်၊ မိုင်းငေါ့မြို့နယ်ခွဲမှာ စစ်ကောင်စီတပ်နဲ့ တအာင်းတပ် (TNLA)တို့ ဒီနေ့မနက်ပိုင်းကစလို့ တိုက်ပွဲဖြစ်ပွားနေတယ်လို့ ဘီဘီစီက စုံစမ်းသိရှိရပါတယ်။
တရုတ်လွှတ်တော်ထဲက စစ်ဗိုလ်ချုပ်တွေဖယ်ရှားခံရ - ဒီဇင်ဘာ ၃၀ ရက် ထိပ်တန်း နိုင်ငံတကာသတင်း,"Sat, 30 Dec 2023 14:10:56 GMT",https://www.bbc.com/burmese/articles/cjjg7n3n9d5o,https://www.bbc.com/burmese/articles/cjjg7n3n9d5o,မစ်ဆိုင်းဒုံးတပ်ဖွဲ့ အတွင်း အကျင့်ပျက်မှုတွေ ရှိနေကြောင်း စုံစမ်းနေတာနဲ့ ဆက်စပ်နိုင်
၂၀၂၃ ခုနှစ်မှာ ပထမဆုံးမျက်လုံးအစားထိုးကုသမှုနဲ့ ဒုတိယငှက်ဖျားကာကွယ်ဆေးထွက်ပေါ် ,"Sat, 30 Dec 2023 07:34:20 GMT",https://www.bbc.com/burmese/articles/cp93jkwp981o,https://www.bbc.com/burmese/articles/cp93jkwp981o,ပထမငှက်ဖျားပျောက်ဆေးထက် စျေးနည်းနည်းနဲ့ထုတ်နိုင်မယ့် ဒုတိယမြောက်ငှက်ဖျားဆေးကို တွေ့ရှိတာမျိုးလို အဓိကကျန်းမာရေးဖြစ်ပေါ် တွေ့ရှိမှုတွေ ၂၀၂၃ ခုနှစ်မှာရှိခဲ့ပါတယ်။
မုန်းမေ့မရ ‘‘စံလင်းစံ’’ ရဲ့ အကျဥ်းထောင်ထဲကနောက်ဆုံးရက်များ,"Mon, 01 Jan 2024 14:11:21 GMT",https://www.bbc.com/burmese/articles/c72y81r6vz0o,https://www.bbc.com/burmese/articles/c72y81r6vz0o,"‘’ ဟိုးတုန်းကချစ်ခဲ့တဲ့နေ့ရက်တွေကိုတွေးကာ .... လွမ်းလွန်းလို့မျက်ရည်တောင်မဆယ်နိုင်ခဲ့ကျလာ... ‘’ ‘’ မုန်းမေ့မရ’’ဆိုတဲ့ တေးသီချင်းထဲက ဒီစာသားသံစဥ်တွေက လွန်ခဲ့တဲ့နှစ်ကာလတွေအတွင်း လူငယ်တွေကြား ရေပန်းစားခဲ့ပါတယ်။
ဒါပေမဲ့ တေးသီချင်းပိုင်ရှင် အသက် ၂၉ နှစ်အရွယ် ကိုစံလင်းစံကတော့ စစ်အာဏာသိမ်းဆန့်ကျင်လို့ ‌အကျဥ်းချခံထားရရင်း အကျဥ်းထောင်ထဲမှာပဲ အသက်ဆုံးရှုံးသွားရပြီဖြစ်ပါတယ်။ "
ဂျပန်မှာ အင်အားပြင်း ငလျင်လှုပ်လို့ ဆူနာမီသတိပေးချက် ထုတ်ပြန်,"Mon, 01 Jan 2024 10:58:15 GMT",https://www.bbc.com/burmese/articles/cn3kv47ng8zo,https://www.bbc.com/burmese/articles/cn3kv47ng8zo,၂၀၁၁ ငလျင်အပြီးမှာ ထုတ်ပြန်တဲ့ ဆူနာမီရေလှိုင်းအန္တရာယ်သတိပေးချက်တွေထဲ အမြင့်ဆုံးဖြစ်ပြီး လှိုင်းအမြင့်ဟာ ၁၆ ပေအထိရှိနိုင်တယ်လို့ ဂျပန်သတင်းတွေက ဖော်ပြနေပါတယ်။
ဇန်နဝါရီ ၁ ရက်ထိပ်တန်းသတင်းများ - ၂၀၂၄ မှာ စစ်ရေးအရှိန်မြှင့်မယ်လို့ မွန်တော်လှန်ရေးတပ်တွေပြော,"Mon, 01 Jan 2024 09:53:42 GMT",https://www.bbc.com/burmese/articles/cpdl7ydl7j2o,https://www.bbc.com/burmese/articles/cpdl7ydl7j2o,ပြီးခဲ့တဲ့နှစ်အတွင်း မွန်ပြည်နယ်တော်လှန်ရေးအင်အားစုတွေစုဖွဲ့ပြီး ဟန်ချက်ညီညီပူးပေါင်းတိုက်ခိုက်မှုတွေလုပ်ခဲ့တာကြောင့် ၂၀၂၄ ခုနှစ်မှာ ပိုပြီးစစ်ရေးအရှိန်မြှင့်မယ်လို့ မွန်ပြည်တော်လှန်ရေးတပ် MSRF က ထုတ်ပြန်ပါတယ်။
မြန်မာစစ်တပ် ဘာကြောင့် အားနည်းသွားသလဲ,"Tue, 02 Jan 2024 11:37:38 GMT",https://www.bbc.com/burmese/articles/cy6w571xdgvo,https://www.bbc.com/burmese/articles/cy6w571xdgvo,မြန်မာစစ်တပ်သမိုင်းမှာ မကြုံစဖူး စစ်စခန်းတွေ အလျှင်အမြန်လက်လွှတ်မှုရတွေဟာ ၂၀၂၁ ခုနှစ် အာဏာသိမ်းမှုရဲ့ အကျိုးဆက်တွေလို့လည်း စစ်ရေးအကဲခတ်တွေက သုံးသပ်ပါတယ်။
ဂျပန်လေဆိပ်က လေယာဥ်တိုက်မှု ၅ ဦး သေဆုံး-  ဇန်နဝါရီလ  ၂ ရက် နိုင်ငံတကာသတင်းများ,"Tue, 02 Jan 2024 14:56:37 GMT",https://www.bbc.com/burmese/articles/cg3dnvn113jo,https://www.bbc.com/burmese/articles/cg3dnvn113jo,ဇန်နဝါရီလ  ၂ ရက် နိုင်ငံတကာသတင်းများ
ဂျပန်ငလျင်ကြောင့် သေဆုံးသူ ၄၈ ဦးအထိရှိလာ,"Tue, 02 Jan 2024 10:35:35 GMT",https://www.bbc.com/burmese/articles/c0kypkegq5lo,https://www.bbc.com/burmese/articles/c0kypkegq5lo,ပြင်းအား ၇.၆ အဆင့်ရှိတဲ့ငလျင်ကြောင့် ဆူနာမီရေလှိုင်းဒဏ်သတိပေးချက်ပြန်ရုပ်သိမ်းလိုက်ပြီဖြစ်ပေမဲ့ ငလျင်ကြောင့်သေဆုံးသူ ၄၈ ဦးအထိရှိလာပါတယ်။
ဇန်နဝါရီ ၂ ရက် ထိပ်တန်းသတင်းများ - မတ္တရာမှာ သက်ကြီးအမျိုးသမီး တစ်ဦးအပါအဝင် အရပ်သား ၆ ဦးသတ်ဖြတ်ခံရ,"Tue, 02 Jan 2024 10:47:25 GMT",https://www.bbc.com/burmese/articles/cw50kz33xelo,https://www.bbc.com/burmese/articles/cw50kz33xelo,ရှမ်းပြည်နယ်မြောက်ပိုင်း ကျောက်မဲမြို့  မိုင်းငေ့ါမြို့နယ်ခွဲမှာရှိတဲ့ စစ်ကောင်စီဗျူဟာကုန်းတပ်စခန်းနဲ့ စခန်းငယ်တွေအပါအဝင် ရဲစခန်းနဲ့ ဌာနဆိုင်ရာ ရုံးအားလုံးကို ဒီဇင်ဘာ ၃၁ ရက်မှာ သိမ်းပိုက်နိုင်ခဲ့တယ်လို့ TNLA ဘက်က ထုတ်ပြန်လာပါတယ်။
၂၀၂၄ နဲ့ မြန်မာသမိုင်းတစ္ဆေ- ပထမ အင်္ဂလိပ်စစ်၊ ကရင်တော်လှန်ရေး၊ ဗုဒ္ဓသံဂါယနာနဲ့ ဆိုရှယ်လစ်နိုင်ငံဟောင်း,"Mon, 01 Jan 2024 19:59:24 GMT",https://www.bbc.com/burmese/articles/c4nyp4zkde1o,https://www.bbc.com/burmese/articles/c4nyp4zkde1o,၂၁ ရာစုထဲ ရောက်နေတဲ့ မြန်မာနိုင်ငံမှာ အတိတ်က အရိပ်တွေနဲ့ ခုထိ ရစ်ပတ်နေဆဲဖြစ်ပြီး ကိုလိုနီပြုမှု၊ စစ်၊ လူမျိုးစုနိုင်ငံရေး၊ လက်ဝဲဝါဒ၊ စစ်တပ်၊ ဘာသာရေးနဲ့ တရုတ်လွှမ်းမိုးမှုအရိပ်တွေ ဖြစ်ပါတယ်။ ဒီထဲက ၂၀၂၄ အတွက် အမှတ်ရစရာ ရာပြည့် ဆယ်ပြည့် နှစ်ပတ်လည် ဖြစ်ရပ်တချို့ကို စုစည်းဖော်ပြထားပါတယ်။
မြန်မာပြည်တောင်ပိုင်းက ကျားဖြန့်လုပ်ငန်းတွေကိုနှိမ်နင်းမယ့် စစ်ဆင်ရေးပေါ်လာနိုင်မလား,"Tue, 02 Jan 2024 02:04:56 GMT",https://www.bbc.com/burmese/articles/c19ywxgw9m2o,https://www.bbc.com/burmese/articles/c19ywxgw9m2o,ရှမ်းမြောက်မှာ ကျားဖြန့်လုပ်ငန်းတွေနှိမ်နင်းခံနေရပေမဲ့ မြန်မာပြည်တောင်ပိုင်း၊ ထိုင်း-မြန်မာနယ်စပ် ကရင်ပြည်နယ်ထဲက အဲဒီလုပ်ငန်းတွေ ပုံမှန်အတိုင်းလည်ပတ်လုပ်ကိုင်နေဆဲဆိုတာကို ဘီဘီစီက စုံစမ်းသိရှိရပါတယ်။
အီရန်ဗိုလ်ချုပ် အုတ်ဂူနားမှာ ဗုံးခွဲတိုက်ခိုက်လို့ လူ ၇၃ ယောက်ထက်မနည်း သေဆုံး -ဇန်နဝါရီ ၃ ရက် နိုင်ငံတကာသတင်းများ,"Wed, 03 Jan 2024 14:48:08 GMT",https://www.bbc.com/burmese/articles/cg6wnpqq6yno,https://www.bbc.com/burmese/articles/cg6wnpqq6yno,ဇန်နဝါရီ ၃ ရက် နိုင်ငံတကာသတင်းများ
ရနောင်း လဝက ထိန်းသိမ်းရေးစခန်းထဲက မြန်မာရာချီဆန္ဒပြမှု ဘာဆက်ဖြစ်နေလဲ,"Wed, 03 Jan 2024 11:57:02 GMT",https://www.bbc.com/burmese/articles/clme5940g9xo,https://www.bbc.com/burmese/articles/clme5940g9xo,ရနောင်းထိန်းသိမ်းရေးစခန်းမှာ လနဲ့ချီနေထိုင်နေရတဲ့မြန်မာရာချီက နှစ်သစ်ကူးကာလမှာ မြန်မာပြည်ကို မြန်မြန်ပြန်ပို့ခံရဖို့ တောင်းဆိုဆန္ဒပြခဲ့ကြတာဖြစ်ပါတယ်။
ဘေရွတ်မြို့ ပေါက်ကွဲမှုမှာ ဟားမတ်စ်အဖွဲ့ ဒုတိယခေါင်းဆောင်သေဆုံး,"Wed, 03 Jan 2024 11:52:11 GMT",https://www.bbc.com/burmese/articles/cldr3gv9p7eo,https://www.bbc.com/burmese/articles/cldr3gv9p7eo,လက်ဘနွန်နိုင်ငံ၊ မြို့တော်ဘေရွတ်မှာ ဟားမတ်စ်အဖွဲ့ခေါင်းဆောင်တစ်ဦး သတ်ဖြတ်ခံရမှုဟာ လက်ဘနွန်ကို တိုက်ခိုက်မှုမဟုတ်ဘူးလို့ အစ္စရေးက ပြောလာပါတယ်။ ဟားမတ်စ်အဖွဲ့ကတော့ သူတို့ခေါင်းဆောင်တစ်ဦးသေဆုံးမှုအတွက် ‘‘ဒဏ်ခတ်’’မယ်လို့ သတိပေးနေချိန်မှာပဲ အခုလိုပြောလာတာပါ။
ဟူသီဆိုတာ ဘယ်သူတွေလဲ၊ ပင်လယ်နီမှာ သင်္ဘောတွေကို ဘာကြောင့်ပစ်ခတ်တာလဲ,"Wed, 03 Jan 2024 06:15:25 GMT",https://www.bbc.com/burmese/articles/ce5j1l0xdxro,https://www.bbc.com/burmese/articles/ce5j1l0xdxro,အစ္စရေးကိုသွားမယ့် ပင်လယ်နီထဲက သင်္ဘောတွေကို တိုက်ခိုက်မယ်လို့ ယီမင်နိုင်ငံထဲက ဟူသီသူပုန်တွေက ပြောထားပါတယ်။
ဇန်နဝါရီ ၃ ရက် ထိပ်တန်းသတင်းများ - ကျောက်တော်မှာ လေကြောင်းပစ်ခတ်ခံရလို့  အရပ်သား ၂ ဦးသေဆုံးပြီး ဆယ်နဲ့ချီဒဏ်ရာရ,"Wed, 03 Jan 2024 15:10:56 GMT",https://www.bbc.com/burmese/articles/c4ny9j0zezjo,https://www.bbc.com/burmese/articles/c4ny9j0zezjo,"ချင်းပြည်နယ်တောင်ပိုင်း ပလက်ဝမြို့က စစ်ကောင်စီတပ်တွေတပ်စွဲထားတဲ့ ခမောင်းဝစခန်းကို ရက္ခိုင့်တပ်တော် (အေအေ) တွေကဇန်နဝါရီ ၂ ရက်နေ့မှာ သိမ်းပိုက်ခဲ့တယ်လို့
အေအေဘက်က ဒီကနေ့မှာ ထုတ်ပြန်လာပါတယ်။ ဒါအပြင်ချင်းလက်ဝစခန်း၊ မီးဝဗျူဟာကုန်းနဲ့ ပွိုင့် ၃၁၃ ကုန်းတို့ကိုလည်း အေအေတပ်တွေက ထိုးစစ်ဆင်တိုက်ခိုက်နေတယ်လို့ဆိုပါတယ်။"
ကျောက်ဖြူရေနက်ဆိပ်ကမ်း - စစ်ကောင်စီရဲ့ နောက်ဆက်တွဲစာချုပ် တရုတ်လိုလားတဲ့ပုံစံ   ပြန်ရောက်သွားမလား,"Sat, 30 Dec 2023 10:21:46 GMT",https://www.bbc.com/burmese/articles/c4nyqr2p5l2o,https://www.bbc.com/burmese/articles/c4nyqr2p5l2o,‘’ ကျွန်တော်တို့ဘဝတွေက အရမ်းနုံချာတယ်။ အစိုးရတိုင်းက ဒီဒေသကို ရောင်းစားခဲ့ကြတာလည်း ကုန်သလောက်ဖြစ်နေပါပြီဗျာ။ အဲဒီ‌တော့ ကုန်လုကုန်ခင်တွေကို ထပ်လုပ်မယ်ဆိုရင်လည်း ကျွန်‌တော်တို့ မျက်နှာတော့ကြည့်ပေးကြပါလို့ပြောချင်တယ်’’
ဗုံးခွဲခံရလို့ လူတွေသေဆုံးခဲ့ရတဲ့ အီရန်မှာ အောက်မေ့သတိရနေ့ သတ်မှတ်- ဇန်နဝါရီလ  ၄ ရက် နိုင်ငံတကာသတင်းများ,"Thu, 04 Jan 2024 15:51:08 GMT",https://www.bbc.com/burmese/articles/c902vgkq75vo,https://www.bbc.com/burmese/articles/c902vgkq75vo,ဇန်နဝါရီလ  ၄ ရက် နိုင်ငံတကာသတင်းများ
ကေအိုင်အေမှာ လေယာဉ်ပစ်လက်နက်ရှိနေပြီလား,"Thu, 04 Jan 2024 11:21:21 GMT",https://www.bbc.com/burmese/articles/cw90178p41po,https://www.bbc.com/burmese/articles/cw90178p41po,ကချင်လွတ်လပ်ရေးတပ် ကေအိုင်အေ ဌာနချုပ်ရှိရာ လိုင်ဇာမြို့အနီးမှာ စစ်ကောင်စီတပ်ရဲ့ ရဟတ်ယာဉ် တစ်စင်းပစ်ချနိုင်ခဲ့ပြီး ယာဉ်ပေါ်မှာလိုက်ပါလာသူအားလုံးသေဆုံးသွားပြီလို့ ကေအိုင်အေပြန်ကြားရေး တာဝန်ခံ ဗိုလ်မှူးကြီးနော်ဘူက ဘီဘီစီကို အတည်ပြုပါတယ်။
ဇန်နဝါရီ ၄ ရက် ထိပ်တန်းသတင်းများ - ခင်ဦးမှာ အရပ်သား ၃၀ နီးပါး ဖမ်းဆီးခံထားရ,"Thu, 04 Jan 2024 11:13:37 GMT",https://www.bbc.com/burmese/articles/cz5x4glg340o,https://www.bbc.com/burmese/articles/cz5x4glg340o,စစ်ကိုင်းတိုင်း ခင်ဦးမြို့ရဲ့အနောက်ဘက်ခြမ်းနဲ့ ရေဦးမြို့တောင်ဘက်ခြမ်းကြားထဲက ရွာတွေကို စစ်ကောင်စီတပ်တွေက ဇန်နဝါရီ ၂ ရက်က စတင်စစ်ကြောင်းထိုးပြီးနောက် မနေ့ ဒီဇင်ဘာ ၃ ရက်မှာ အရပ်သား ၃၀ နီးပါးကို ဖမ်းဆီးသွားတယ်လို့ မြေပြင်အခြေအနေသိရှိသူတစ်ဦးက ဘီဘီစီကိုပြောပါတယ်။
လောက်ကိုင်တိုက်ပွဲကြောင့် တရုတ်ဘက်ခြမ်းကိုလက်နက်ကြီးကျ,"Thu, 04 Jan 2024 03:05:02 GMT",https://www.bbc.com/burmese/articles/cjegjr18ygro,https://www.bbc.com/burmese/articles/cjegjr18ygro,"စစ်ကောင်စီ နဲ့ ကိုးကန့်တပ်ဖွဲ့ MNDAA တို့ တိုက်ပွဲဖြစ်နေတဲ့လောက်ကိုင်မြို့နဲ့ ကပ်နေတဲ့ တရုတ်နိုင်ငံ၊ နန်ဆန်မြို့ထဲကို လက်နက်ကြီးကျရောက်ခဲ့တာပါတယ်။ ဒါပေမဲ့ ဘယ်အဖွဲ့ကမှ သူတို့ လက်ချက်လို့ ထုတ်ဖော်ဝန်ခံတာ မရှိပါဘူး။
"
အီရန်ဗိုလ်ချုပ် အုတ်ဂူနားမှာ ဗုံးခွဲတိုက်ခိုက်လို့ လူ ၇၀ ကျော်သေဆုံး - ဇန်နဝါရီ ၃ ရက် နိုင်ငံတကာသတင်းများ,"Wed, 03 Jan 2024 14:48:08 GMT",https://www.bbc.com/burmese/articles/cg6wnpqq6yno,https://www.bbc.com/burmese/articles/cg6wnpqq6yno,ဇန်နဝါရီ ၃ ရက် နိုင်ငံတကာသတင်းများ
ဇန်နဝါရီ ၃ ရက်ထိပ်တန်းသတင်းများ - ကျောက်တော်မှာ လေကြောင်းပစ်ခတ်လို့  အရပ်သား ၂ ဦးသေဆုံး,"Wed, 03 Jan 2024 15:10:56 GMT",https://www.bbc.com/burmese/articles/c4ny9j0zezjo,https://www.bbc.com/burmese/articles/c4ny9j0zezjo,"ချင်းပြည်နယ်တောင်ပိုင်း ပလက်ဝမြို့က စစ်ကောင်စီတပ်တွေတပ်စွဲထားတဲ့ ခမောင်းဝစခန်းကို ရက္ခိုင့်တပ်တော် (အေအေ) တွေကဇန်နဝါရီ ၂ ရက်နေ့မှာ သိမ်းပိုက်ခဲ့တယ်လို့
အေအေဘက်က ဒီကနေ့မှာ ထုတ်ပြန်လာပါတယ်။ ဒါအပြင်ချင်းလက်ဝစခန်း၊ မီးဝဗျူဟာကုန်းနဲ့ ပွိုင့် ၃၁၃ ကုန်းတို့ကိုလည်း အေအေတပ်တွေက ထိုးစစ်ဆင်တိုက်ခိုက်နေတယ်လို့ဆိုပါတယ်။"
တရုတ်သံအဖွဲ့ဘာကြောင့်နေပြည်တော်ရောက်လာသလဲ,"Fri, 05 Jan 2024 17:19:31 GMT",https://www.bbc.com/burmese/articles/cgekd8z7gnro,https://www.bbc.com/burmese/articles/cgekd8z7gnro,တရုတ်ကမကထလုပ်တဲ့ စစ်ကောင်စီနဲ့ မြောက်ပိုင်းမဟာမိတ်ညီနောင် ၃ ဖွဲ့ရဲ့ တတိယအကြိမ်ကူမင်းဆွေးနွေးပွဲမတိုင်ခင်ဇန်နဝါရီ ၅ ရက်မှာ တရုတ်ရဲ့ နိုင်ငံခြားရေးဒုတိယဝန်ကြီးနေပြည်တော်ကိုရောက်လာပါတယ်။ စစ်ကောင်စီနဲ့ နီးစပ်တဲ့သတင်းရင်းမြစ်တစ်ဦးကတော့ တရုတ်ဘက်က ဒေါ်အောင်ဆန်းစုကြည်နဲ့တွေ့ဆုံခွင့်တောင်းထားတယ်လို့ပြောပါတယ်။
မြန်မာစစ်တပ်လက်လွှတ်လိုက်ရတဲ့ဟိုပန်မြို့ ဘယ်လောက်အရေးကြီးသလဲ,"Fri, 05 Jan 2024 14:32:25 GMT",https://www.bbc.com/burmese/articles/c51z5vdyv1wo,https://www.bbc.com/burmese/articles/c51z5vdyv1wo,၁၀၂၇ စစ်ဆင်ရေး အတွင်း '' ဝ '' နယ်မြေ ထဲက စစ်တပ်ထိန်းချုပ်ထားတဲ့ မြို့တစ်မြို့ ပထမဆုံး သိမ်းပိုက်ခံရတာလည်း ဖြစ်ပါတယ်။ ဇန်နဝါရီ ၅ ရက် မနက်မိုးမလင်းခင်မှာ MNDAA ဦးဆောင်တဲ့ မြောက်ပိုင်း မဟာမိတ်တပ်တွေ နဲ့ တိုက်ပွဲ အပြီးမှာ မြန်မာစစ်တပ်က ဟိုပန်ကို လက်လွှတ်လိုက်ရပေမဲ့ UWSA နဲ့ MNDAA ရဲ့ နယ်မြေခွဲဝေမှုကိုတော့ ရှင်းရှင်းလင်းလင်း မသိရသေးပါဘူး။
ဂျပန်ငလျင်မှာ လူ ၂၅၀ နီးပါး‌ပျောက်ဆုံးနေဆဲ,"Fri, 05 Jan 2024 12:12:47 GMT",https://www.bbc.com/burmese/articles/c72ywdz01k5o,https://www.bbc.com/burmese/articles/c72ywdz01k5o,ဂျပန်နိုင်ငံမှာ ပြီးခဲ့တဲ့ နှစ်သစ်ကူးနေ့က ငလျင်လှုပ်ခတ်ခဲ့ပြီးတဲ့နောက် ပျောက်ဆုံးနေတဲ့ လူ ၂၄၂ ဦးကို ကယ်ဆယ်ရေးအဖွဲ့ဝင်တွေက အမြန်ဆုံးရှာဖွေနေကြပါတယ်။
ချစ်သူကို သတ်ဖြတ်မှုနဲ့ ထောင်ကျနေတဲ့ အော်စကာ ပစ်စ်တိုးရီယပ်စ် ပြန်လွတ်မြောက် - ဇန်နဝါရီလ ၅ ရက် နိုင်ငံတကာသတင်းများ,"Fri, 05 Jan 2024 16:34:48 GMT",https://www.bbc.com/burmese/articles/c28y10y4jrwo,https://www.bbc.com/burmese/articles/c28y10y4jrwo,ဇန်နဝါရီလ ၅ ရက် နိုင်ငံတကာသတင်းများ
ဇန်နဝါရီ ၅ ရက် ထိပ်တန်းသတင်းများ - မိုးမိတ် စင့်ကင်ရွာ ကျန်ကန်တပ်စခန်းကို TNLA သိမ်းပိုက်,"Fri, 05 Jan 2024 10:26:04 GMT",https://www.bbc.com/burmese/articles/cv24ppjx3wxo,https://www.bbc.com/burmese/articles/cv24ppjx3wxo,ရှမ်းပြည်နယ်မြောက်ပိုင်း၊ မိုးမိတ်မြို့ စင့်ကင်ကျေးရွာအခြေစိုက် ကျန်ကန်တပ်စခန်းကို တအာင်းတပ် (TNLA) တွေက ဇန်နဝါရီ ၅ ရက်မှာ တိုက်ခိုက်သိမ်းပိုက်နိုင်ခဲ့ပြီး စစ်လက်နက်အသုံးအဆောင်ပစ္စည်းတွေလည်း ရရှိခဲ့တယ်လို့ TNLA ဘက်က ဓာတ်ပုံတွေနဲ့တကွ ထုတ်ပြန်လာပါတယ်။
ကေအိုင်အေမှာ လေယာဉ်ပစ်လက်နက်ရှိနေပြီလား,"Fri, 05 Jan 2024 03:42:05 GMT",https://www.bbc.com/burmese/articles/cw90178p41po,https://www.bbc.com/burmese/articles/cw90178p41po,ကချင်လွတ်လပ်ရေးတပ် ကေအိုင်အေ ဌာနချုပ်ရှိရာ လိုင်ဇာမြို့အနီးမှာ စစ်ကောင်စီတပ်ရဲ့ ရဟတ်ယာဉ် တစ်စင်းပစ်ချနိုင်ခဲ့ပြီး ယာဉ်ပေါ်မှာလိုက်ပါလာသူအားလုံးသေဆုံးသွားပြီလို့ ကေအိုင်အေပြန်ကြားရေး တာဝန်ခံ ဗိုလ်မှူးကြီးနော်ဘူက ဘီဘီစီကို အတည်ပြုပါတယ်။
ဇန်နဝါရီ ၆ ရက် ထိပ်တန်းသတင်းများ - လောက်ကိုင်မှာ လက်နက်ချတဲ့ ဗိုလ်မှူးချုပ် ၆ ယောက် လားရှိုးပြန်ရောက်,"Sat, 06 Jan 2024 07:55:06 GMT",https://www.bbc.com/burmese/articles/crgv8e2xmveo,https://www.bbc.com/burmese/articles/crgv8e2xmveo,ဒေသကွပ်ကဲမှုစစ်ဌာနချုပ်(လောက်ကိုင်)မှာ ကိုးကန့်တပ် MNDAA နဲ့ မြောက်ပိုင်းမဟာမိတ်တွေ ကို လက်နက်ချခဲ့တဲ့ ဗိုလ်မှူးချုပ် ခြောက်ဦး လားရှိုးမြို့က အရှေ့မြောက်တိုင်းစစ်ဌာနချုပ်ကို ဒီကနေ့ နေ့လည်ပိုင်းမှာ ပြန်ရောက်လာပြီ လို့ ဘီဘီစီ က စုံစမ်းသိရှိရပါတယ်။
ကင်ဂျုံအွန်း - မြောက်ကိုရီးယားခေါင်းဆောင်အကြောင်း မသိကြသေးတဲ့ ၅ ချက်  ,"Sat, 06 Jan 2024 08:43:37 GMT",https://www.bbc.com/burmese/articles/cql14nn9zw3o,https://www.bbc.com/burmese/articles/cql14nn9zw3o,ဇန်နဝါရီ ၈ ရက်နေ့မှာ မြောက်ကိုရီးယားခေါင်းဆောင် ကင်ဂျုံအွန်း အသက် ၄၀ ပြည့်ပြီလို့ ယူဆရပါတယ်။ အဲဒါက သူ့ရဲ့ တကယ့် အသက်အမှန်ဟုတ်ပါရဲ့လား။  ကင်ဂျုံအွန်းအကြောင်း တိတိကျကျမသိရတာ ဒီတစ်ချက်ထဲ မဟုတ်ပါဘူး။ မြောက်ကိုရီးယားခေါင်းဆောင်ရဲ့ လူအများမသိကြတဲ့ အချက် ငါးချက်ကို ကြည့်ရအောင်ပါ။
‘‘ဗုံး ၂ လုံးစီကို ၅ မိနစ်လောက်အတွင်း ကြဲသွားတာ’’ - ကနန်ရွာဗုံးကြဲခံရမှု,"Sun, 07 Jan 2024 13:29:08 GMT",https://www.bbc.com/burmese/articles/cx9kr20xk5ro,https://www.bbc.com/burmese/articles/cx9kr20xk5ro,အိန္ဒိယ-မြန်မာနယ်စပ်၊ ခမ်းပတ်မြို့အထွက် အာရှလမ်းမကြီးပေါ်က ကနန်ရွာကို စစ်တပ်က ဗုံးကြဲတာကြောင့် သေဆုံးသူ ၁၅ ဦးထက်မနည်းရှိနေပါတယ်။
ဇန်နဝါရီ ၇ ရက်ထိပ်တန်းသတင်းများ - ဖားကန့်က စစ်ကောင်စီစခန်းတွေကို KIA၊ KPDF  သိမ်းပိုက်,"Sun, 07 Jan 2024 09:41:15 GMT",https://www.bbc.com/burmese/articles/c4ny7y74r7do,https://www.bbc.com/burmese/articles/c4ny7y74r7do,စစ်ကိုင်းတိုင်း၊ တမူးခရိုင်၊ ခမ်းပတ်မြို့အနီးက ကနန်စံပြကျေးရွာထဲကို စစ်ကောင်စီတပ်က လေယာဥ်နဲ့ ဗုံးကြဲခဲ့တာကြောင့် ကလေးငယ်တွေအပါအဝင် သေဆုံးသူ အနည်းဆုံး ၁၀ ဦးထက်မနည်းရှိတယ်လို့ သိရပါတယ်။
အမေရိကန်ကာကွယ်ရေးဝန်ကြီး ဆေးရုံတက်မှု သမ္မတဘိုင်ဒန် ရက်နဲ့ချီကြာအောင် မသိခဲ့ရ,"Sun, 07 Jan 2024 11:31:27 GMT",https://www.bbc.com/burmese/articles/cql1g82lzwxo,https://www.bbc.com/burmese/articles/cql1g82lzwxo,အမေရိကန်ကာကွယ်ရေးဝန်ကြီး လွိုက် အော်စတင် ဆေးရုံတက်နေခဲ့ရတဲ့အခြေအနေကို သမ္မတ ဘိုင်ဒန်အစိုးရ ရက်နဲ့ချီကြာအောင် မသိခဲ့ဘူးလို့ အမေရိကန်အရာရှိတစ်ဦးက မီဒီယာတွေကို ပြောလာပါတယ်။
၂၀၂၃ ခုနှစ်မှာ အာကာသလေ့လာရေး ဘယ်လောက်ခရီးပေါက်ခဲ့လဲ,"Sun, 07 Jan 2024 10:13:43 GMT",https://www.bbc.com/burmese/articles/c3gyz4576y6o,https://www.bbc.com/burmese/articles/c3gyz4576y6o,၂၀၂၃ ခုနှစ်ဟာ ကမ္ဘာတဝန်းက အာကာသလေ့လာရေးအေဂျင်စီတွေ အလုပ်များခဲ့ကြတဲ့နှစ်ဖြစ်ပါတယ်။ ၂၀၂၃ ခုနှစ်အတွင်း အောင်မြင်ခဲ့တဲ့ အာကာသလေ့လာရေးတွေ အကြောင်း စုစည်းဖော်ပြပေးထားပါတယ်။
ကင်ဂျုံအွန်း - မြောက်ကိုရီးယားခေါင်းဆောင်အကြောင်း မသိကြသေးတဲ့ ၅ ချက်  ,"Sun, 07 Jan 2024 01:29:55 GMT",https://www.bbc.com/burmese/articles/cql14nn9zw3o,https://www.bbc.com/burmese/articles/cql14nn9zw3o,ဇန်နဝါရီ ၈ ရက်နေ့မှာ မြောက်ကိုရီးယားခေါင်းဆောင် ကင်ဂျုံအွန်း အသက် ၄၀ ပြည့်ပြီလို့ ယူဆရပါတယ်။ အဲဒါက သူ့ရဲ့ တကယ့် အသက်အမှန်ဟုတ်ပါရဲ့လား။  ကင်ဂျုံအွန်းအကြောင်း တိတိကျကျမသိရတာ ဒီတစ်ချက်ထဲ မဟုတ်ပါဘူး။ မြောက်ကိုရီးယားခေါင်းဆောင်ရဲ့ လူအများမသိကြတဲ့ အချက် ငါးချက်ကို ကြည့်ရအောင်ပါ။
အမေရိကန်ရဲ့ တကျော့ပြန် လသွားခရီးစဥ်  - ဇန်နဝါရီ ၈ ရက် ထိပ်တန်း နိုင်ငံတကာ သတင်းများ,"Mon, 08 Jan 2024 16:23:42 GMT",https://www.bbc.com/burmese/articles/c03yej73jy8o,https://www.bbc.com/burmese/articles/c03yej73jy8o,လရဲ့ မြောက်ဘက်ခြမ်း အပိုင်းမှာ ရှေ့လထဲ ပယ်ရာဂရင်ဝမ်းယာဥ် ဆင်းဖို့ ရည်ရွယ်ထား
ဇန်နဝါရီ ၈ ရက်ထိပ်တန်းသတင်းများ - ရေချုပ် အပါအဝင် ဗိုလ်ချုပ်တချို့ အပြောင်းအလဲဖြစ်,"Mon, 08 Jan 2024 14:17:44 GMT",https://www.bbc.com/burmese/articles/c51zl7x0q0xo,https://www.bbc.com/burmese/articles/c51zl7x0q0xo,ကာကွယ်ရေးဦးစီးချုပ်(ရေ) ဗိုလ်ချုပ်ကြီး မိုးအောင်နေရာကို စစ်ဦးစီးအရာရှိချုပ်(ရေ) ဒုတိယဗိုလ်ချုပ်ကြီးဇွဲဝင်းမြင့်နဲ့ အစာထိုး ပြောင်းလဲတာဝန်ပေးလိုက်တယ်လို့ စစ်ရုံးသတင်းရင်းမြစ်တွေကနေသိရပါတယ်။
၂၀၂၄ ရွှေကမ္ဘာလုံးဆု - အိုပန်ဟိုင်မာ ရုပ်ရှင် ဆုအများဆုံးဆွတ်ခူး,"Mon, 08 Jan 2024 07:07:25 GMT",https://www.bbc.com/burmese/articles/c992qygkq0wo,https://www.bbc.com/burmese/articles/c992qygkq0wo,အိုပန်ဟိုင်မာ ရုပ်ရှင်က အမျိုးသားဇာတ်ဆောင်ဆု၊ ဇာတ်ပို့ဆု အပါအဝင် ဆု ၅ ခုနဲ့ ဆုတွေအများဆုံးရရှိသွားပါတယ်။
“တိုက်စစ်ကို ကြိုက်တဲ့အချိန် ဖော်ဆောင်နိုင်တဲ့ အလှည့်အပြောင်းဖြစ်သွားပြီ” – KNDF စစ်ရေးချုပ် ခူးရီဒူး,"Tue, 09 Jan 2024 12:06:32 GMT",https://www.bbc.com/burmese/articles/c03y887epm7o,https://www.bbc.com/burmese/articles/c03y887epm7o,စစ်အာဏာသိမ်းမှုကို ခုခံတော်လှန်မှုအားကောင်းတဲ့ ကယား(ကရင်နီ)ပြည်နယ်မှာ မြို့တော်လွိုင်ကော်ကို ထိန်းချုပ်ရေးရည်မှန်းတဲ့  ၁၁၁၁ စစ်ဆင်ရေးကို ရှမ်းမြောက်က ၁၀၂၇ စစ်ဆင်ရေးနဲ့အတူ ပြုလုပ်နေပါတယ်။ ကရင်နီမှာ စစ်ရေးအလှည့်အပြောင်း ဘယ်လိုရှိနေပါသလဲ။ ကရင်နီအမျိုးသားများတော်လှန်ရေးတပ် စစ်ရေးချုပ်ကို ဘီဘီစီက ဆက်သွယ်မေးမြန်းထားပါတယ်။
အမေရိကန်ရေတပ်သား  တရုတ်အတွက် သူလျှိုလုပ်မှုနဲ့ ထောင်ဒဏ်ချမှတ်ခံရ,"Tue, 09 Jan 2024 13:06:11 GMT",https://www.bbc.com/burmese/articles/cp0rp3rv6q9o,https://www.bbc.com/burmese/articles/cp0rp3rv6q9o,တရုတ်နိုင်ငံဘက်ကို အကဲဆတ်တဲ့စစ်ရေးသတင်းတွေပေးခဲ့တယ်လို့ ဝန်ခံခဲ့တဲ့ အမေရိကန် ရေတပ်အရာရှိတစ်ဦးဟာ ထောင်ဒဏ် ၂ နှစ်ကျော် ချမှတ်လိုက်ရပါတယ်။
တောင်ကိုရီးယားမှာ ခွေးကို အသားအဖြစ်မွေးမြူ၊ ရောင်းချ၊ သတ်ဖြတ်တာကို ပိတ်ပင် - ဇန်နဝါရီ ၉ ရက် နိုင်ငံတကာသတင်းများ,"Tue, 09 Jan 2024 13:26:40 GMT",https://www.bbc.com/burmese/articles/cn05pr16xxdo,https://www.bbc.com/burmese/articles/cn05pr16xxdo,ခွေးသားစားမှုကို ပိတ်ပင်တယ် ဆိုတဲ့ စကားလုံး မသုံးထားပေမဲ့ အသားစားဖို့ မမွေးရ၊ မရောင်းရ၊ မသတ်ရ ဥပဒေ တောင်ကိုရီးယားလွှတ်တော် ပြဋ္ဌာန်း
ဇန်နဝါရီ ၉ ရက် ထိပ်တန်းသတင်းများ - နမ့်ဆန်က မြို့သစ်ရွာမှာ ဗုံးကြဲခံရလို့ အရပ်သား ၅ ဦးသေဆုံး,"Tue, 09 Jan 2024 12:02:23 GMT",https://www.bbc.com/burmese/articles/cyr31r28lgno,https://www.bbc.com/burmese/articles/cyr31r28lgno,ရှမ်းပြည်နယ်မြောက်ပိုင်းက နမ့်ဆန်မြို့၊ မြို့သစ်ရွာမှာ ဇန်နဝါရီ ၇ ရက်နေ့က တိုက်ပွဲဖြစ်ပွားတာမရှိဘဲ စစ်တပ်က လေကြောင်းကနေ ဗုံးကြဲတိုက်ခိုက်ခဲ့တာကြောင့် ကလေးငယ်အပါအဝင် အရပ်သား ၅ ဦးသေဆုံးသွားတယ်လို့ ‌ဒေသခံအချို့က ဘီဘီစီကိုပြောပါတယ်။
ဂန္ထဝင်မြန်မာသံတေးသံရှင် ဒေါ်မာမာအေးကွယ်လွန်,"Tue, 09 Jan 2024 03:12:01 GMT",https://www.bbc.com/burmese/articles/ced75xdpd7jo,https://www.bbc.com/burmese/articles/ced75xdpd7jo,"ဂန္ထဝင်မြန်မာသံတေးသံရှင် ဒေါ်မာမာအေးဟာ ဇန်နဝါရီ ၈ ရက် အမေရိကန်ဒေသစံတော်ချိန် ညနေ ၆ နာရီ ( မြန်မာစံတော်ချိန် ဇန်နဝါရီ ၉ ရက် မနက် ၅ နာရီကျော်အချိန်) မှာ အမေရိကန်နိုင်ငံ၊ အင်ဒီယားနားပြည်နယ် ဖို့ဒ်ဝိန်းမြို့နေအိမ်မှာ ကွယ်လွန်သွားပြီလို့ ဒေါ်မာမာအေးကို အနီးကပ်ပြုစုစောင့်ရှောက်ပေးခဲ့တဲ့ သားတစ်ဦးဖြစ်တဲ့ ကိုခင်မောင်လေး က ဘီဘီစီကိုအတည်ပြုပါတယ်။
"
လာအိုရဲ့ အာဆီယံအထူးသံ မြန်မာ့အရေး ဘယ်လိုကိုင်တွယ်မလဲ,"Wed, 10 Jan 2024 14:22:47 GMT",https://www.bbc.com/burmese/articles/cp93p3408jdo,https://www.bbc.com/burmese/articles/cp93p3408jdo,လာအိုရဲ့ မြန်မာ့အရေးဆိုင်ရာ အာဆီယံအထူးသံတမန်ဟာ တာဝန်စတင်ခန့်အပ်ပြီးပြီးချင်း သီတင်းတစ်ပတ်အတွင်းမှာပဲ နေပြည်တော်ကို လာရောက်တာဖြစ်ပါတယ်။
မှတ်တမ်းရုပ်ရှင်ဖန်တီးသူ ရှင်ဒေဝီ ထောင်ဒဏ်တစ်သက်ချမှတ်ခံရ,"Wed, 10 Jan 2024 13:05:14 GMT",https://www.bbc.com/burmese/articles/cnkdpdxlnkko,https://www.bbc.com/burmese/articles/cnkdpdxlnkko,"မှတ်တမ်းရုပ်ရှင်ဖန်တီးသူ ရှင်ဒေဝီကို ဇန်နဝါရီ ၁၀ ရက်မှာ ရန်ကုန်မြို့၊ အင်းစိန်ထောင်တွင်းတရားရုံးရဲ့ စစ်ခုံရုံးကနေ ထောင်ဒဏ်တစ်သက်ချမှတ်လိုက်တယ်လို့ မိသားစုဝင်တွေနဲ့ နီးစပ်သူတစ်ဦးက ဘီဘီစီကိုအတည်ပြုပါတယ်။
"
ပါလက်စတိုင်းနိုင်ငံ ထူထောင်ရေးဟာ ပြဿနာ အဖြေရှာရေးရဲ့ အစိတ်အပိုင်း ဖြစ်ဖို့လိုကြောင်း ဝန်ကြီး ဘလင်ကင်ပြော - ဇန်နဝါရီ ၁၀ ရက် နိုင်ငံတကာ ထိပ်တန်းသတင်း,"Wed, 10 Jan 2024 12:31:25 GMT",https://www.bbc.com/burmese/articles/c51zrrd2lqko,https://www.bbc.com/burmese/articles/c51zrrd2lqko,တဲလ်အဗီးကနေ အနောက်ဘက်ကမ်းခြေဒေသထဲ ဘလင်ကင်ရောက်လာပြီး ပါလက်စတိုင်း သမ္မတနဲ့ တွေ့ဆုံ
ရုပ်သံလိုင်းတိုက်ခိုက်ခံရမှုအပြီးမှာ လူဆိုးဂိုဏ်းတွေကို နှိမ်နင်းမယ်လို့ အီကွေဒေါပြော,"Wed, 10 Jan 2024 10:29:35 GMT",https://www.bbc.com/burmese/articles/crgjpz922zjo,https://www.bbc.com/burmese/articles/crgjpz922zjo,အစိုးရက ရာဇဝတ်အုပ်စုတွေကို နှိမ်နင်းဖို့ လုပ်ဆောင်နေချိန်မှာပဲ သတင်းခန်းထဲက သတင်းသမားတွေကို မျက်နှာဖုံးစွပ် အမျိုးသားတွေက ခြိမ်းခြောက်ခဲ့တာဖြစ်ပါတယ်။
ဇန်နဝါရီ ၁၀ ရက် ထိပ်တန်းသတင်းများ - ကျောက်တံခါး ရထားလမ်းပိုင်း ကင်းစောင့်ဖို့ စစ်တပ်က ဖိအားပေး,"Wed, 10 Jan 2024 10:45:42 GMT",https://www.bbc.com/burmese/articles/cq51p37p442o,https://www.bbc.com/burmese/articles/cq51p37p442o,ပဲခူးတိုင်း၊ ညောင်လေးပင်ခရိုင်ထဲ ကျောက်တံခါးမြို့အပါအဝင် ကျေးရွာအုပ်စု ၁၆ စုကို စစ်ကောင်စီတပ်ဖွဲ့ဝင်တွေက မနေ့ ဇန်နဝါရီ ၉ ရက်နေ့မှာ ကျောက်တံခါးရထားလမ်းပိုင်း ကင်းစောင့်ဖို့အတွက် အိမ်တိုင်းတစ်ယောက်စီ ပါဝင်ဖို့ ဖိအားပေးခဲ့တယ်လို့ ဒေသခံတွေက ဘီဘီစီကိုပြောလာပါတယ်။
တရုတ်သံအဖွဲ့ဘာကြောင့်နေပြည်တော်ရောက်လာသလဲ,"Fri, 05 Jan 2024 17:19:31 GMT",https://www.bbc.com/burmese/articles/cgekd8z7gnro,https://www.bbc.com/burmese/articles/cgekd8z7gnro,တရုတ်ကမကထလုပ်တဲ့ စစ်ကောင်စီနဲ့ မြောက်ပိုင်းမဟာမိတ်ညီနောင် ၃ ဖွဲ့ရဲ့ တတိယအကြိမ်ကူမင်းဆွေးနွေးပွဲမတိုင်ခင် ဇန်နဝါရီ ၅ ရက်မှာ တရုတ်အစိုးရကိုယ်စားလှယ်အဖွဲ့ နေပြည်တော်ကိုရောက်လာပါတယ်။ ဒေါ်အောင်ဆန်းစုကြည်နဲ့ တွေ့ဆုံခွင့်တောင်းတဲ့ တရုတ်သံအဖွဲ့ ဒီတစ်ကြိမ်မှာတွေ့ဆုံခွင့်ရမလားဆိုတဲ့ စောင့်ကြည့်မှုတွေလည်းရှိနေပါတယ်။
၁၀၂၇ စစ်ဆင်ရေး ကနေ အမြတ်ထွက်သွားတဲ့      ''ဝ''တပ်ဖွဲ့,"Thu, 11 Jan 2024 12:22:03 GMT",https://www.bbc.com/burmese/articles/c8022pey3l9o,https://www.bbc.com/burmese/articles/c8022pey3l9o,၁၀၂၇ စစ်ဆင်ရေးမှာဝင်မပါဘူးလို့ ပြောထားတဲ့ ''ဝ''တပ်ဖွဲ့ UWSA ဟာ စစ်ကောင်စီလက်အောက်က မြို့နှစ်မြို့ကို သေနတ်တစ်ချက်မှမဖောက်ဘဲရလိုက်ပါတယ်။ UWSA ရဲ့ ဌာနချုပ်ဟာ ပန်ဆန်းဖြစ်ပေမယ့် ဟိုပန်ကိုတော့ မိုင်းမောခရိုင်ကတဆင့် အုပ်ချုပ်မှာဖြစ်ပါတယ်။
၂၀၂၄ ထိုင်ဝမ်ရွေးကောက်ပွဲ - အနိုင်ရသူက ကမ္ဘာကြီးအတွက် ဘယ်လောက်အရေးကြီးလဲ,"Thu, 11 Jan 2024 13:15:28 GMT",https://www.bbc.com/burmese/articles/cnlvv5pgpl4o,https://www.bbc.com/burmese/articles/cnlvv5pgpl4o,ထိုင်ဝမ်မဲဆန္ဒရှင်တွေဟာ လာမယ့် ဇန်နဝါရီ ၁၃ ရက်နေ့မှာ သမ္မတသစ်ကို မဲပေးရွေးချယ်ကြတော့မှာဖြစ်ပါတယ်။  ထိုင်ဝမ်ကျွန်းဟာ ဝါရှင်တန်နဲ့ ဘေဂျင်း နှစ်ခုလုံးအတွက် အရေးပါတဲ့ မဟာဗျူဟာမြောက် အကျိုးစီးပွားတွေကို ပိုင်ဆိုင်ထားသောကြောင့် နှစ်နိုင်ငံစလုံးက ဒီရွေးကောက်ပွဲကို အနီးကပ်စောင့်ကြည့်နေကြပါတယ်။
အစ္စရေးကို ဂျီနိုဆိုက်မှုနဲ့ တောင်အာဖရိက တရားစွဲတဲ့ အမှု ICJ မှာ စတင် ကြားနာ - ဇန်နဝါရီ ၁၁ ရက် နိုင်ငံတကာ ထိပ်တန်း သတင်းများ,"Thu, 11 Jan 2024 19:16:43 GMT",https://www.bbc.com/burmese/articles/c72yyqe1vpeo,https://www.bbc.com/burmese/articles/c72yyqe1vpeo,ဘယ်လို အကြောင်းပြချက်နဲ့မှ ဂျီနိုဆိုက်ဆိုင်ရာ ပဋိညာဉ်ကို ဖောက်ဖျက်ခွင့် မရှိ လို့ တောင်အာဖရိက တရားရေးဝန်ကြီး ပြော
ဇန်နဝါရီ ၁၁ ရက် ထိပ်တန်းသတင်းများ - ကျောက်တော် အပေါက်ဝရွာမှာ တိုက်ပွဲပြင်းထန်နေ ၊ ပေါက်တောက တောင်ဖူးရွာ မီးရှို့ခံရ,"Thu, 11 Jan 2024 11:32:43 GMT",https://www.bbc.com/burmese/articles/cevqq245k29o,https://www.bbc.com/burmese/articles/cevqq245k29o,ရခိုင်ပြည်နယ်မြောက်ပိုင်း၊ ကျောက်တော်မြို့က အပေါက်ဝရွာမှာ စစ်ကောင်စီတပ်နဲ့ ရက္ခိုင့်တပ်တော် (အေအေ) တို့ကြား မနေ့ ဇန်နဝါရီ ၁၀ ရက်ကနေ ဒီကနေ့ညနေပိုင်းအထိ တိုက်ပွဲပြင်းထန်နေတယ်လို့ ဘီဘီစီရဲ့ သတင်းရင်းမြစ်တစ်ဦးဆီကနေ သိရပါတယ်။
ပါလက်စတိုင်းနိုင်ငံ ထူထောင်ရေး ဝန်ကြီးဘလင်ကင် ဘာပြောလဲ - ဇန်နဝါရီ ၁၀ ရက်နိုင်ငံတကာ ထိပ်တန်းသတင်း,"Thu, 11 Jan 2024 01:59:18 GMT",https://www.bbc.com/burmese/articles/c51zrrd2lqko,https://www.bbc.com/burmese/articles/c51zrrd2lqko,တဲလ်အဗီးကနေ အနောက်ဘက်ကမ်းခြေဒေသထဲ ဘလင်ကင်ရောက်လာပြီး ပါလက်စတိုင်း သမ္မတနဲ့ တွေ့ဆုံ
မာမာအေး ၊ ၂၀ ရာစု မြန်မာ့ဟစ်ကြွေးသံ,"Fri, 12 Jan 2024 18:30:30 GMT",https://www.bbc.com/burmese/articles/cj5g13veqz0o,https://www.bbc.com/burmese/articles/cj5g13veqz0o,မြန်မာပြည်ရဲ့ ပြိုင်ဘက်ကင်းတဲ့ အသံဘုရင်မ ၊ သီချင်းအပုဒ်ထောင်ချီဆိုခဲ့သူ
တရုတ်ဖိအားနဲ့ ယာယီအပစ်ရပ်ဘယ်လောက်ခိုင်မာမှုရှိလဲ,"Fri, 12 Jan 2024 15:53:42 GMT",https://www.bbc.com/burmese/articles/c51zz1qd948o,https://www.bbc.com/burmese/articles/c51zz1qd948o,'' တရုတ်ဖိအားကြောင့်ပဲယာယီအပစ်ရပ်ဖြစ်သွားတာပေါ့။ အပစ်ရပ်ကာလသတ်မှတ်ချက်မပါဘူး။ သဘောတူညီချက်တွေချိုး‌ဖောက်ရင်ပြန်ပျက်ပြယ်မယ်ဆိုတာမျိုးဖြစ်တယ်။ အချိန်မရွေးလည်း တိုက်ပွဲပြန်ဖြစ်နိုင်တယ်'' လို့ ဆွေးနွေးပွဲအကြောင်းသိရှိသူကပြောပါတယ်။
ထိုင်ဝမ်ရွေးကောက်ပွဲ - အမေရိကန်ရဲ့ စွက်ဖက်နေတဲ့စကားတွေကို တရုတ်ရှုတ်ချ,"Fri, 12 Jan 2024 13:28:52 GMT",https://www.bbc.com/burmese/articles/c51zz1vdkzxo,https://www.bbc.com/burmese/articles/c51zz1vdkzxo,"ထိုင်ဝမ်ကိုယ်ပိုင်အုပ်ချုပ်ခွင့်ရကျွန်းမှာ စနေနေ့ကျရင် ကျင်းပမယ့်သမ္မတအသစ်ရွေးကောက်ပွဲ    မတိုင်မီမှာပဲထိုင်ဝမ်က မဲဆန္ဒရှင်တွေအနေနဲ့ မှန်ကန်တဲ့ရွေးချယ်မှုတွေပြုလုပ်ဖို့
တရုတ်က သတိပေးလိုက်ပါတယ်။"
ဟူသီ စစ်ရေးပစ်မှတ်တွေကို အမေရိကန်နဲ့ ဗြိတိန်တို့ ညလုံးပေါက် တိုက်ခိုက် - ဇန်နဝါရီ ၁၂ ရက် နိုင်ငံတကာ ထိပ်တန်းသတင်း,"Fri, 12 Jan 2024 13:15:11 GMT",https://www.bbc.com/burmese/articles/c51zz1x53xro,https://www.bbc.com/burmese/articles/c51zz1x53xro,ပင်လယ်နီထဲ ကုန်တင်သင်္ဘောတွေကို တိုက်ခိုက်နေတဲ့ ယီမင်ဟူသီတွေကို အမေရိကန်နဲ့ ဗြိတိန် စစ်ရေး အရ အရေးယူ
ဇန်နဝါရီ ၁၂ ရက် ထိပ်တန်းသတင်းများ - ကျိုက်ထို စစ်ကောင်စီအင်းဝဘဏ် ပစ်ခတ်တိုက်ခိုက်ခံရ,"Fri, 12 Jan 2024 11:57:02 GMT",https://www.bbc.com/burmese/articles/cql11w4y404o,https://www.bbc.com/burmese/articles/cql11w4y404o,မွန်ပြည်နယ်၊ ကျိုက်ထိုမြို့ပေါ် ကျိုက်ထိုကားလမ်းမကြီးဘေး ကံ့ကော်ရပ်ကွက်မှာရှိတဲ့ စစ်ကောင်စီရဲ့ အင်းဝဘဏ်ဟာ ဒီကနေ့ ဇန်နဝါရီ ၁၂ ရက် နေ့လယ်ပိုင်းလောက်က မိုင်းခွဲတိုက်ခိုက်ခံခဲ့ရတယ်လို့ မြို့ခံတစ်ဦးက ဘီဘီစီကိုအတည်ပြုပါတယ်။
၂၀၂၄ ထိုင်ဝမ်ရွေးကောက်ပွဲ - အနိုင်ရသူက ကမ္ဘာကြီးအတွက် ဘယ်လောက်အရေးကြီးလဲ,"Fri, 12 Jan 2024 05:44:34 GMT",https://www.bbc.com/burmese/articles/cnlvv5pgpl4o,https://www.bbc.com/burmese/articles/cnlvv5pgpl4o,ထိုင်ဝမ်မဲဆန္ဒရှင်တွေဟာ လာမယ့် ဇန်နဝါရီ ၁၃ ရက်နေ့မှာ သမ္မတသစ်ကို မဲပေးရွေးချယ်ကြတော့မှာဖြစ်ပါတယ်။  ထိုင်ဝမ်ကျွန်းဟာ ဝါရှင်တန်နဲ့ ဘေဂျင်း နှစ်ခုလုံးအတွက် အရေးပါတဲ့ မဟာဗျူဟာမြောက် အကျိုးစီးပွားတွေကို ပိုင်ဆိုင်ထားသောကြောင့် နှစ်နိုင်ငံစလုံးက ဒီရွေးကောက်ပွဲကို အနီးကပ်စောင့်ကြည့်နေကြပါတယ်။
“တိုက်စစ်ကို ကြိုက်တဲ့အချိန် ဖော်ဆောင်နိုင်တဲ့ အလှည့်အပြောင်းဖြစ်သွားပြီ” – KNDF စစ်ရေးချုပ် ခူးရီဒူး,"Tue, 09 Jan 2024 12:06:32 GMT",https://www.bbc.com/burmese/articles/c03y887epm7o,https://www.bbc.com/burmese/articles/c03y887epm7o,ရှမ်းမြောက်က ၁၀၂၇ စစ်ဆင်ရေးနဲ့အတူ စစ်အာဏာသိမ်းမှုကို လက်နက်ကိုင်ခုခံတော်လှန်မှု အားကောင်းတဲ့ ကယား(ကရင်နီ)မှာလည်း ပြည်နယ်မြို့တော် လွိုင်ကော်ကို ထိန်းချုပ်နိုင်ရေးရည်မှန်းတဲ့  ၁၁၁၁ စစ်ဆင်ရေး ပြုလုပ်နေပါတယ်။ စစ်အာဏာသိမ်းမှု ၃ နှစ်ထဲဝင်လာချိန်မှာ ကရင်နီမှာ စစ်ရေးအလှည့်အပြောင်း ဘယ်လိုရှိနေပါသလဲ။ ကရင်နီအမျိုးသားများတော်လှန်ရေးတပ်(KNDF)ရဲ့ စစ်ရေးချုပ်ကို ဘီဘီစီက ဆက်သွယ်မေးမြန်းထားပါတယ်။
ထိုင်ဝမ်သမ္မတရွေးကောက်ပွဲ DPP ပါတီသမ္မတလောင်း အနိုင်ရ-ဇန်နဝါရီလ ၁၃ ရက်ညပိုင်းသတင်းများ,"Sat, 13 Jan 2024 15:06:25 GMT",https://www.bbc.com/burmese/articles/c2vy41vdjxvo,https://www.bbc.com/burmese/articles/c2vy41vdjxvo,တရုတ်အစိုးရရဲ့ သတိပေးချက်ကို  ထိုင်ဝမ်ပြည်သူတွေ ပြောင်ပြောင်တင်းတင်း ဆန့်ကျင်ပြလိုက်ပြီး မစ္စတာ ဝီလျံလိုင်ကို အများဆုံးထောက်ခံမဲ ပေးခဲ့ကြပါတယ်။
ဇန်နဝါရီ ၁၃ ရက် ထိပ်တန်းသတင်းများ - ကျောက်မဲမှာ စစ်တပ်နဲ့ TNLA တို့ တိုက်ပွဲပြင်းထန်,"Sat, 13 Jan 2024 06:51:37 GMT",https://www.bbc.com/burmese/articles/cp6rxl5803xo,https://www.bbc.com/burmese/articles/cp6rxl5803xo,စစ်ကောင်စီ နဲ့ မြောက်ပိုင်းညီနောင်မဟာမိတ် ၃ ဖွဲ့တို့ ယာယီအပစ်အခတ်ရပ်စဲထားပေမဲ့ ရှမ်းပြည်နယ်မြောက်ပိုင်းက ကျောက်မဲမြို့မှာ ဇန်နဝါရီ ၁၃ ရက် မနက် ၉ နာရီဝန်းကျင်ကနေစပြီး တအာင်းတပ်-TNLA နဲ့ စစ်ကောင်စီတို့ တိုက်ပွဲဖြစ်နေတယ်လို့ ဒေသခံတွေက ဘီဘီစီကို ပြောပါတယ်။
ဒေါ်နယ်ထရမ့် နယူးယောက်တိုင်းမ်ကို တရားရုံးစရိတ် ဒေါ်လာ လေးသိန်းနီးပါး ပေးရမယ်,"Sat, 13 Jan 2024 08:22:35 GMT",https://www.bbc.com/burmese/articles/c6p1vg1xyqgo,https://www.bbc.com/burmese/articles/c6p1vg1xyqgo,"အမေရိကန်သမ္မတဟောင်း ဒေါ်နယ်ထရမ့် နယူးယောက်တိုင်းမ်သတင်းစာကို တရားရုံးစရိတ်အဖြစ် ဒေါ်လာ ၄၀၀,၀၀၀ (ကျပ်သိန်းပေါင်း ၁,၃၇၂,၀၀၀,၀၀၀၊ ပေါင် ၃၁၃,၉၀၀) ပေးဆောင်ရမှာဖြစ်တယ်လို့ တရားရုံးက ဆုံးဖြတ်လိုက်ပါတယ်။"
ထိုင်ဝမ်ရွေးကောက်ပွဲ - အမေရိကန်ရဲ့ စွက်ဖက်နေတဲ့စကားတွေကို တရုတ်ရှုတ်ချ,"Sat, 13 Jan 2024 00:55:50 GMT",https://www.bbc.com/burmese/articles/c51zz1vdkzxo,https://www.bbc.com/burmese/articles/c51zz1vdkzxo,"ထိုင်ဝမ်ကိုယ်ပိုင်အုပ်ချုပ်ခွင့်ရကျွန်းမှာ စနေနေ့ကျရင် ကျင်းပမယ့်သမ္မတအသစ်ရွေးကောက်ပွဲ    မတိုင်မီမှာပဲထိုင်ဝမ်က မဲဆန္ဒရှင်တွေအနေနဲ့ မှန်ကန်တဲ့ရွေးချယ်မှုတွေပြုလုပ်ဖို့
တရုတ်က သတိပေးလိုက်ပါတယ်။"
ဒိန်းမတ်ဘုရင်မကြီး တရားဝင် ထီးနန်းစွန့်-ဇန်နဝါရီလ ၁၄ ရက်ညပိုင်းသတင်းများ,"Sun, 14 Jan 2024 14:16:11 GMT",https://www.bbc.com/burmese/articles/cmlj7y3ze2wo,https://www.bbc.com/burmese/articles/cmlj7y3ze2wo,ဒိန်းမတ်ဘုရင်မကြီး ဒုတိယမြောက် မာဂရေးသာ ဟာ သူ့ရဲ့ သားအကြီးဆုံး အိမ်ရှေ့မင်းသား ဖရက်ဒရစ်ခ်ကို ထီးနန်း တရားဝင်လွှဲအပ်လိုက်ပါတယ်။
ဇန်နဝါရီ ၁၄ ရက် ထိပ်တန်းသတင်းများ - မလေးရှားမှာ ပြီးခဲ့တဲ့ ၅ ရက်အတွင်း မြန်မာ ၉၀ နီးပါးအဖမ်းခံရ,"Sun, 14 Jan 2024 09:57:45 GMT",https://www.bbc.com/burmese/articles/cy7rw3vyyp8o,https://www.bbc.com/burmese/articles/cy7rw3vyyp8o,ကွာလာလမ်ပူမြို့မှာ တရားမဝင်ဖွင့်ထားတဲ့ ကေတီဗီတွေကို ဇန်နဝါရီလ ၁၂ ရက်တုန်းက ရှာဖွေ စီးနင်းချိန် ဖမ်းဆီးခံရတဲ့အမျိုးသမီးငယ် ဆယ်ချီထဲမှာ မြန်မာ အမျိုးသမီး ၄ ဦးပါဝင်တယ်လို့ ရဲတပ်ဖွဲ့က သတင်းထုတ်ပြန်ပါတယ်။
‘‘ပျို့နှင်းဆီခိုင် ’’ ဘရူနိုင်းတော်ဝင်မင်းသား မင်္ဂလာပွဲ ဆင်နွှဲပြီ,"Sun, 14 Jan 2024 11:26:16 GMT",https://www.bbc.com/burmese/articles/ce9er1wwr0no,https://www.bbc.com/burmese/articles/ce9er1wwr0no,ကမ္ဘာတလွှားက တော်ဝင်မိသားစုတွေ၊ အင်ဒိုနီးရှားနဲ့ ဖိလစ်ပိုင်သမ္မတို့အပါအဝင် ဧည့်သည်တော် ၅၀၀၀ နီးပါး မင်္ဂလာပွဲကို တက်ရောက်ချီးမြှင့်နေကြပါတယ်။
မလေးရှားက မြန်မာဖျော်ဖြေပွဲမှာ တေးသံရှင်အေမီစျာန်နဲ့ မော်ဒယ်ဖူးပွင့်ခိုင်တို့ ထိန်းသိမ်းခံရ,"Sun, 14 Jan 2024 07:08:50 GMT",https://www.bbc.com/burmese/articles/cv2q824vyqlo,https://www.bbc.com/burmese/articles/cv2q824vyqlo,မလေးရှားနိုင်ငံ ၊ ပီနန်ခရိုင် ဘာတာဝပ်မှာ ဇန်နဝါရီ ၁၃ ရက် စနေနေ့ညပိုင်းက လုပ်ခဲ့တဲ့ ‌မြန်မာဖျော်ဖြေပွဲတစ်ခုမှာ တေးသံရှင် အေမီစျာန်နဲ့ မော်ဒယ် ဖူးပွင့်ခိုင်တို့ အပါအဝင် မြန်မာနိုင်ငံသား ရာနဲ့ချီထိန်းသိမ်းခံထားရတယ်လို့ မလေးရှား၊ပီနန်က မြန်မာလုပ်သားအရေးလှုပ်ရှားသူတွေနဲ့လူမှုကူညီရေးအသင်းတွေကပြောပါတယ်။
‘‘ကျယ်ပြောသောပုဂံ’’ စာအုပ်ရေးတဲ့ အဲလစ်ဇဘက်မိုး ကွယ်လွန်,"Sun, 14 Jan 2024 03:11:31 GMT",https://www.bbc.com/burmese/articles/c51zdeeyr9vo,https://www.bbc.com/burmese/articles/c51zdeeyr9vo,ပါမောက္ခမိုးဟာ ၂၀၁၄ က စပြီး အယ်လ်ဖာ၀ုဒ်ပညာသင်ဆုနဲ့ မြန်မာ၊ ကမ္ဘောဒီးယား၊ ထိုင်း စတဲ့ ဒေသတွင်းနိုင်ငံတွေက ကျောင်းသားတွေကို လန်ဒန်တက္ကသိုလ်မှာ ပညာသင်ခွင့်ရရှိရေးအတွက် အားထုတ်ကြိုးပမ်းရာမှာ ဦးဆောင်ခဲ့သူတယောက်ဖြစ်ပြီး မြန်မာပြည်မှာ ရှေးဟောင်းသုတေသီမျိုးဆက်သစ် မွေးထုတ်ဖို့ ဆော်သြခဲ့ပါတယ်။
ထိုင်ဝမ်ကို နော်ရူးသံအဆက်ဖြတ်-ဇန်နဝါရီ ၁၅ နိုင်ငံတကာသတင်းများ,"Mon, 15 Jan 2024 15:05:49 GMT",https://www.bbc.com/burmese/articles/cljxl0p389yo,https://www.bbc.com/burmese/articles/cljxl0p389yo, သံတမန်ရေးဖိနှိပ်မှုတွေ လုပ်နေတယ်လို့ ထိုင်၀မ်က တရုတ်ကို စွပ်စွဲပါတယ်။
ဂျပန်က မွတ်ဆလင်များ - သေဆုံးသူကိုမြှုပ်နှံရေးနေရာရှာဖို့ခက်နေသူတွေ,"Mon, 15 Jan 2024 13:07:46 GMT",https://www.bbc.com/burmese/articles/cqq11y96yq6o,https://www.bbc.com/burmese/articles/cqq11y96yq6o,"ဂျပန်နိုင်ငံမှာ မြေမြုပ်သင်္ဂြိုဟ်တာကို တားမြစ်ထားလို့ လူနည်းစုမွတ်ဆလင်အသိုင်းအဝိုင်းအတွက်အခက်တွေ့နေပါတယ်။
‘‘ကိုယ်ချစ်ခင်ရသူကို မီးသင်္ဂြိုဟ်ရမယ်ဆိုတာမျိုးတွေးမိရင် အိပ်လို့တောင်မပျော်ဘူးလို့ ပါရဂူဘွဲအတွက် ဂျပန်နိုင်ငံကို ၂၀၀၁ ခုနှစ်မှာ ပထမဆုံးရောက်ခဲ့တဲ့ တာဟီယာ အဘက်စ် ခန်က စိတ်ခံစားချက် အပြည့်နဲ့ ပြောပြပါတယ်။"
ဇန်နဝါရီ ၁၅ ရက်ထိပ်တန်းသတင်းများ - နမ့်ဖတ်ကာ ခလရ ၁၂၃ ကို KIA ထိုးစစ်ဆင်နေ,"Mon, 15 Jan 2024 12:29:10 GMT",https://www.bbc.com/burmese/articles/c3gyljzp953o,https://www.bbc.com/burmese/articles/c3gyljzp953o,ကိုးကန့်ဒေသမှာ စစ်ကောင်စီက ကြေညာခဲ့တဲ့ စစ်အုပ်ချုပ်ရေးအမိန့်ကို ပယ်ဖျက်လိုက်ပြီလို့ ကိုးကန့် စစ်ရေးအုပ်ချုပ်မှုကော်မတီ က ဇန်နဝါရီလ ၁၄ ရက်မှာ သတင်းထုတ်ပြန်လာပါတယ်။
ဒိန်းမတ်ဘုရင်မကြီး တရားဝင် ထီးနန်းစွန့် - ဇန်နဝါရီလ ၁၄ ရက်ညပိုင်းသတင်းများ,"Sun, 14 Jan 2024 14:16:11 GMT",https://www.bbc.com/burmese/articles/cmlj7y3ze2wo,https://www.bbc.com/burmese/articles/cmlj7y3ze2wo,ဒိန်းမတ်ဘုရင်မကြီး ဒုတိယမြောက် မာဂရေးသာ ဟာ သူ့ရဲ့ သားအကြီးဆုံး အိမ်ရှေ့မင်းသား ဖရက်ဒရစ်ခ်ကို ထီးနန်း တရားဝင်လွှဲအပ်လိုက်ပါတယ်။
၁၀၂၇ စစ်ဆင်ရေး ကနေ အမြတ်ထွက်သွားတဲ့      ''ဝ''တပ်ဖွဲ့,"Thu, 11 Jan 2024 12:22:03 GMT",https://www.bbc.com/burmese/articles/c8022pey3l9o,https://www.bbc.com/burmese/articles/c8022pey3l9o,"၁၀၂၇ စစ်ဆင်ရေးမှာဝင်မပါဘူးလို့ ပြောထားတဲ့ ''ဝ''တပ်ဖွဲ့ UWSA ဟာ စစ်ကောင်စီလက်အောက်က မြို့နှစ်မြို့ကို သေနတ်တစ်ချက်မှမဖောက်ဘဲရလိုက်ပါတယ်။

''ဝ'' ကိုယ်ပိုင်အုပ်ချုပ်ခွင့်ရတိုင်းထဲက ဟိုပန်မြို့ နဲ့ ပန်လုံမြို့ကို ''ဝ''ပြည်သွေးစည်းညီညွတ်ရေးပါတီ UWSP/UWSA အုပ်ချုပ်မှုအောက် လွှဲပြောင်းပေးတဲ့ အခမ်းအနားကို ဇန်နဝါရီ ၁၀ ရက်က ဟိုပန်မြို့တော်ခန်းမမှာ ပြုလုပ်ခဲ့တာဖြစ်ပါတယ်။"
လောက်ကိုင်ကိုပြန်ချင်သူတွေ,"Tue, 16 Jan 2024 10:57:40 GMT",https://www.bbc.com/burmese/articles/c3gy467lzpko,https://www.bbc.com/burmese/articles/c3gy467lzpko,ကိုးကန့်တပ် - MNDAA က လောက်ကိုင်ကိုသိမ်းပိုက်ထိန်းချုပ်ပြီးကိုးကန့်ဒေသအုပ်ချုပ်ရေးယန္တရားလည်ပတ်နေပြီလို့ကြေညာလိုက်တဲ့နောက် လောက်ကိုင်မြို့ကိုစွန့်ခွာတိမ်းရှောင်ခဲ့တဲ့မြို့ခံလူထုလည်း ပြန်လည်ဝင်ရောက်နေပြီဖြစ်ပါတယ်။ ဒါပေမဲ့ ကိုးကန့်စကားမပြောနိုင်ရင်ဝင်ခွင့်မရသေးဘူးလို့ လောက်ကိုင်မြို့ထဲကိုပြန်ဝင်ဖို့ကြိုးစားခဲ့သူအချို့က ပြောပါတယ်။
ယီမင်ကမ်းလွန်မှာ သင်္ဘော ဒုံးကျည်ထိ- ဇန်နဝါရီ ၁၆ နိုင်ငံတကာ သတင်းများ,"Tue, 16 Jan 2024 14:51:30 GMT",https://www.bbc.com/burmese/articles/cd148ygl55eo,https://www.bbc.com/burmese/articles/cd148ygl55eo,ဇန်နဝါရီ ၁၆ နိုင်ငံတကာ သတင်းများ
ဇန်နဝါရီ ၁၆ ရက် ထိပ်တန်းသတင်းများ - ပျက်ကျခဲ့တဲ့ K-8W တိုက်လေယာဉ်ကို စစ်ကောင်စီတပ်ဖွဲ့ဝင်တွေမီးရှို့,"Tue, 16 Jan 2024 11:20:05 GMT",https://www.bbc.com/burmese/articles/c51zn3nk41wo,https://www.bbc.com/burmese/articles/c51zn3nk41wo,၁၁၁၁ စစ်ဆင်ရေးစတင်ခဲ့တဲ့ ၂၀၂၃ ခုနှစ် နိုဝင်ဘာ ၁၁ ရက်နေ့မှာပဲ ကရင်ပြည်နယ်မှာ ပျက်ကျခဲ့တဲ့ တိုက်လေယာဉ်မှူး ဗိုလ်မှူးခိုင်သန့်မိုးမောင်းနှင်တဲ့ စစ်တပ်ပိုင် K-8W တိုက်လေယာဉ်ကို စစ်ကောင်စီတပ်ဖွဲ့ဝင်တွေက မနေ့ ဇန်နဝါရီ ၁၅ ရက်မှာ မီးရှို့ဖျက်ဆီးခဲ့တယ်လို့ ကရင်လူ့အခွင့်အရေးအဖွဲ့အစည်းကနေ ထုတ်ပြန်ကြေညာလိုက်ပါတယ်။
စစ်ကောင်စီပြောတဲ့ ပြည်သူ့လုံခြုံရေးဆိုတာ ဘာလဲ,"Wed, 17 Jan 2024 11:40:32 GMT",https://www.bbc.com/burmese/articles/cgr39n367n7o,https://www.bbc.com/burmese/articles/cgr39n367n7o,ပြည့်သူ့လုံခြုံရေးဆိုတဲ့ စကားလုံးကို အခုသီတင်းပတ်တွေအတွင်းမှာ မြန်မာစစ်ခေါင်းဆောင် အပါအဝင် စစ်ကောင်စီဘက်က ခပ်စိပ်စိပ်ပြောဆိုလာပါတယ်။
တရုတ်လူဦးရေ  ၂ သန်းကျော်လျော့ - ဒီဇင်ဘာ ၁၇ နိုင်ငံတကာ သတင်းများ,"Wed, 17 Jan 2024 14:49:39 GMT",https://www.bbc.com/burmese/articles/cz79494j2j3o,https://www.bbc.com/burmese/articles/cz79494j2j3o,ဒီဇင်ဘာ ၁၇ နိုင်ငံတကာ သတင်းများ
ဇန်နဝါရီ ၁၇ ရက်ထိပ်တန်းသတင်းများ - နမ့်ဖတ်ကာမှာ ပျက်ကျတဲ့ လေယာဥ်မှူးနှစ်ဦးသေဆုံး,"Wed, 17 Jan 2024 11:30:17 GMT",https://www.bbc.com/burmese/articles/cyd0r590en9o,https://www.bbc.com/burmese/articles/cyd0r590en9o,ရှမ်းမြောက်၊ ကွတ်ခိုင်မြို့နယ်၊ နမ့်ဖတ်ကာမှာ ပျက်ကျခဲ့တဲ့ စစ်တပ်ရဲ့ ဂျက်ဖိုက်တာလေယာဥ်ပေါ်ပါသွားတဲ့ လေယာဥ်မှူး ကျော်သူရ နဲ့ တွဲဖက်လေယာဥ်မှူး ဗိုလ်ကြီးကောင်းထက်စံတို့ နှစ်ဦး သေဆုံးသွားပြီလို့ တပ်တွင်းသတင်းရင်းမြစ်က ပြောပါတယ်။
ဘေးလွယ်အိတ် တုပထုတ်တယ်ဆိုပြီး ရှီအင်းကို ယူနစ်ကလို တရားစွဲ,"Wed, 17 Jan 2024 05:14:13 GMT",https://www.bbc.com/burmese/articles/cgxjwgel122o,https://www.bbc.com/burmese/articles/cgxjwgel122o,ယူနစ်ကလို (Uniqlo) ဟာ သူ့ရဲ့လူကြိုက်များတဲ့ ပခုံးတင်လွယ်အိတ် ‘‘မယ်ရီပေါ့ပင်းစ်’’ ဒီဇိုင်းကို ပုံစံတူထုတ် ရောင်းချတယ်ဆိုပြီး စျေးချိုဖက်ရှင်တံဆိပ် ရှီအင်း(Shein)ကို  တရားစွဲလိုက်ပါတယ်။
ကောကပ်စ်စနစ် မဲရွေးပွဲဆိုတာ ဘာလဲ။ အမေရိကန်မှာ အိုင်အိုဝါရွေးကောက်ပွဲက ဘာကြောင့် အရေးပါတာလဲ။,"Tue, 16 Jan 2024 18:56:36 GMT",https://www.bbc.com/burmese/articles/cd1wqg3gr8do,https://www.bbc.com/burmese/articles/cd1wqg3gr8do,ထရမ့်က မဲပေါင်း ၅၆၀၀၀ ကျော်၊ ရွန်ဒီဆန်းတစ်က ၂၃၀၀၀ ကျော်နဲ့ နစ်ကီ ဟေလီက ၂၁၀၀၀ ကျော် ရခဲ့ကြပါတယ်။
၁၀၂၇ စစ်ဆင်ရေး ကနေ အမြတ်ထွက်သွားတဲ့ ‘‘ဝ’’တပ်ဖွဲ့,"Thu, 11 Jan 2024 12:22:03 GMT",https://www.bbc.com/burmese/articles/c8022pey3l9o,https://www.bbc.com/burmese/articles/c8022pey3l9o,"၁၀၂၇ စစ်ဆင်ရေးမှာဝင်မပါဘူးလို့ ပြောထားတဲ့ ''ဝ''တပ်ဖွဲ့ UWSA ဟာ စစ်ကောင်စီလက်အောက်က မြို့နှစ်မြို့ကို သေနတ်တစ်ချက်မှမဖောက်ဘဲရလိုက်ပါတယ်။

''ဝ'' ကိုယ်ပိုင်အုပ်ချုပ်ခွင့်ရတိုင်းထဲက ဟိုပန်မြို့ နဲ့ ပန်လုံမြို့ကို ''ဝ''ပြည်သွေးစည်းညီညွတ်ရေးပါတီ UWSP/UWSA အုပ်ချုပ်မှုအောက် လွှဲပြောင်းပေးတဲ့ အခမ်းအနားကို ဇန်နဝါရီ ၁၀ ရက်က ဟိုပန်မြို့တော်ခန်းမမှာ ပြုလုပ်ခဲ့တာဖြစ်ပါတယ်။"
စစ်တပ်ကိုထောက်ခံတဲ့မျိုးချစ်ဆရာတော်က စစ်ခေါင်းဆောင်ကိုနုတ်ထွက်ဖို့ဆော်သြ,"Thu, 18 Jan 2024 19:02:59 GMT",https://www.bbc.com/burmese/articles/c3gygpl7rlgo,https://www.bbc.com/burmese/articles/c3gygpl7rlgo,အရပ်ဖက်၊ စစ်ဖက်ရာထူးနှစ်ခုကိုယူထားတဲ့ စစ်ခေါင်း‌ဆောင်ဗိုလ်ချုပ်မှူးကြီးမင်းအောင်လှိုင်အနေနဲ့ တပ်မတော်ကာကွယ်ရေးဦးစီးချုပ်ရာထူးကနေ နုတ်ထွက်ဖို့ဆိုပြီး အမျိုးသားရေးဆရာတော်လို့သိကြတဲ့ ဦးအရိယာဝံသ (ခေါ်) ပေါက်ကိုယ်တော်က သူဦးဆောင်တဲ့ ပြင်ဦးလွင်က ဆန္ဒပြပွဲတစ်ခုမှာ ဆော်သြလိုက်ပါတယ်။
အီရန်ကို ပါကစ္စတန် တုံ့ပြန်ပစ်ခတ်- ဇန်နဝါရီ ၁၈ နိုင်ငံတကာ သတင်းများ,"Thu, 18 Jan 2024 14:35:16 GMT",https://www.bbc.com/burmese/articles/cxe6ejv0eyno,https://www.bbc.com/burmese/articles/cxe6ejv0eyno,ပါကစ္စတန်မြေပေါ်ကို အီရန်တိုက်ခိုက်မှုအပြီး ၂ ရက်အကြာမှာပဲ အီရန်နယ်စပ်က အကြမ်းဖက် ခိုအောင်းရာဆိုတဲ့ နေရာတွေကို ပါကစ္စတန်က တိုက်ခိုက်ပါတယ်။
အီရန်က အီရတ်နဲ့ ဆီးရီးယားကို ဒုံးကျည်တွေနဲ့ပစ်ခတ်မှု ဘယ်လိုသဘောဆောင်လဲ,"Thu, 18 Jan 2024 10:31:34 GMT",https://www.bbc.com/burmese/articles/crgjgdyq48go,https://www.bbc.com/burmese/articles/crgjgdyq48go,အီရတ်နဲ့ ဆီးရီးယားကို အီရန်ရဲ့လေကြောင်းတိုက်ခိုက်မှု ဘယ်လိုသတင်းစကားပါးလိုက်တာလဲဆိုတာကို ဘီဘီစီ ပါရှား သတင်းထောက် ဂျီယာဂိုးလ်က သုံးသပ်ထားပါတယ်။
ဇန်နဝါရီ ၁၈ ရက်ထိပ်တန်းသတင်းများ - စစ်ကောင်စီနိုင်ငံခြားရေးဝန်ကြီးသားမက် လာအိုသံအမတ်ဖြစ်လာ,"Thu, 18 Jan 2024 06:40:40 GMT",https://www.bbc.com/burmese/articles/c16y6g06expo,https://www.bbc.com/burmese/articles/c16y6g06expo,စစ်ကောင်စီဟာ အာဆီယံအလှည့်ကျဥက္ကဋ္ဌတာဝန်ယူထားတဲ့ လာအိုနိုင်ငံဆိုင်ရာ မြန်မာသံအမတ်နေရာအတွက် နိုင်ငံခြားရေးဝန်ကြီးဌာန၊ နိုင်ငံရေးရာဦးစီးဌာနက ညွှန်ကြားရေးမှူးချုပ် ဦးအောင်ကိုကို ခန့်အပ်လိုက်ပါတယ်။
စစ်ကောင်စီအပြောစိပ်လာတဲ့ ပြည်သူ့လုံခြုံရေး,"Wed, 17 Jan 2024 11:40:32 GMT",https://www.bbc.com/burmese/articles/cgr39n367n7o,https://www.bbc.com/burmese/articles/cgr39n367n7o,ပြည့်သူ့လုံခြုံရေးဆိုတဲ့ စကားလုံးကို အခုသီတင်းပတ်တွေအတွင်းမှာ မြန်မာစစ်ခေါင်းဆောင် အပါအဝင် စစ်ကောင်စီဘက်က ခပ်စိပ်စိပ်ပြောဆိုလာပါတယ်။
ပါလက်စတိုင်း နိုင်ငံကန့်ကွက်တဲ့ နေတန်ညာဟုကို အမေရိကန် ဝေဖန် - ဇန်နဝါရီ ၁၉ နိုင်ငံတကာ သတင်းများ,"Fri, 19 Jan 2024 15:10:35 GMT",https://www.bbc.com/burmese/articles/c0vyvv72l1no,https://www.bbc.com/burmese/articles/c0vyvv72l1no,ဇန်နဝါရီ ၁၉ နိုင်ငံတကာ သတင်းများ
ဇန်နဝါရီ ၁၉ ရက် ထိပ်တန်းသတင်းများ - စစ်ဘေးရှောင် ၇ သိန်းခွဲကျော်ရှိလာတယ်လို့ KNU ပြော,"Fri, 19 Jan 2024 09:43:06 GMT",https://www.bbc.com/burmese/articles/cl7979gjgzwo,https://www.bbc.com/burmese/articles/cl7979gjgzwo,စစ်တပ်က အာဏာသိမ်းထားတဲ့ သုံးနှစ်အတွင်း ကရင်အမျိုးသားအစည်းအရုံး KNU ထိန်းချုပ်နယ်မြေထဲမှာ နေရပ်စွန့်ခွာတိမ်းရှောင်ရသူ ၇ သိန်းခွဲကျော်ရှိလာတယ်လို့ KNU က ထုတ်ပြန်ပါတယ်။
မြန်မာစစ်တပ်ကို အားပေးကူညီနေတယ်လို့ အိန္ဒိယဝေဖန်ခံရ,"Fri, 19 Jan 2024 11:09:20 GMT",https://www.bbc.com/burmese/articles/c51z11zxln7o,https://www.bbc.com/burmese/articles/c51z11zxln7o,အိန္ဒိယကြည်းတပ် ဦးစီးချုပ်ကတော့  မြန်မာစစ်တပ်နဲ့ တိုင်းရင်းသားလက်နက်ကိုင်တပ်တွေ PDF တွေကြား တိုက်ပွဲတွေကြောင့် အိန္ဒိယ မြန်မာနယ်စပ် အခြေအနေက အလေးအနက် စိုးရိမ်စရာ ဖြစ်လာတယ်လို့ ပြောထားပါတယ်။
ရေအောက်နျူကလီးယားလက်နက်စမ်းသပ်ခဲ့တယ်လို့ မြောက်ကိုရီးယားနိုင်ငံပိုင်မီဒီယာဖော်ပြ,"Fri, 19 Jan 2024 09:33:55 GMT",https://www.bbc.com/burmese/articles/cd15133yyn5o,https://www.bbc.com/burmese/articles/cd15133yyn5o,အမေရိကန်၊ တောင်ကိုရီးယားနဲ့ ဂျပန်တို့ ဒီအပတ်မှာ ပူးတွဲစစ်ရေးလေ့ကျင့်ခဲ့တာကို တုံ့ပြန်တဲ့အနေနဲ့ ရေအောက် နျူကလီးယားလက်နက်စနစ်တစ်ခုကို စမ်းသပ်ခဲ့တယ်လို့ မြောက်ကိုရီးယားက ထုတ်ပြန်လိုက်ပါတယ်။
ဒမတ်စကပ်စ်မြို့က လူနေအဆောက်အဦကို အစ္စရေးတိုက်ခိုက်ခဲ့တယ်လို့ ဆီးရီးယားစွပ်စွဲ-ဇန်နဝါရီလ ၂၀ ရက်ညပိုင်းသတင်းများ,"Sat, 20 Jan 2024 11:53:23 GMT",https://www.bbc.com/burmese/articles/cz5xr146n8xo,https://www.bbc.com/burmese/articles/cz5xr146n8xo,ဆီးရီးယားမြို့တော် ဒမတ်စကပ်စ်မြို့က လူနေအဆောက်အဦကို အစ္စရေးက လေကြောင်းကနေတိုက်ခိုက်ခဲ့တယ်လို့ ဆီးရီးယား အစိုးရသတင်းမီဒီယာတွေမှာ ဖော်ပြထားပါတယ်။
ဇန်နဝါရီ ၂၀ ရက် ထိပ်တန်းသတင်းများ - မင်းပြား နဲ့ ပေါက်တောကို အေအေသိမ်းပိုက်,"Sat, 20 Jan 2024 13:30:33 GMT",https://www.bbc.com/burmese/articles/c3gy9z021jko,https://www.bbc.com/burmese/articles/c3gy9z021jko,ရခိုင်ပြည်နယ်(မြောက်ပိုင်း) က မင်းပြားမြို့နဲ့ ပေါက်တောမြို့ဧရိယာအားလုံးနီးပါးကို  ရက္ခိုင့်တပ်တော်(အေအေ) က ထိန်းချုပ်ထားနိုင်ပြီလို့ မြေပြင်အခြေအနေသိရှိတဲ့ ဘီဘီစီသတင်းရင်းမြစ်တွေကပြောပါတယ်။
လပေါ်ဆင်းတဲ့ ဂျပန်စက်ရုပ် ဘယ်လိုပြဿနာတက်နေလဲ,"Sat, 20 Jan 2024 10:30:19 GMT",https://www.bbc.com/burmese/articles/cv2jgmkxpvdo,https://www.bbc.com/burmese/articles/cv2jgmkxpvdo,ဂျပန်နိုင်ငံက လွှတ်တင်လိုက်တဲ့ စက်ရုပ်လေးဟာ လပေါ်ကို ခြေချနိုင်ပေမယ့် နေရောင်ခြည်စွမ်းအင်စနစ်မှာ ပြဿနာရှိတာမို့ လပေါ်မှာ နာရီအနည်းငယ်ပဲ သွားလာနိုင်မယ်လို့ သိရပါတယ်။
စိန့်ပီတာစ်ဘာ့ဂ် ဓာတ်ငွေ့စက်ရုံ ပေါက်ကွဲမှု ယူကရိန်းလက်ချက်လို့ဆို-ဇန်နဝါရီလ ၂၁ ရက်ညပိုင်းသတင်းများ,"Sun, 21 Jan 2024 14:41:25 GMT",https://www.bbc.com/burmese/articles/ckrd2v90kzlo,https://www.bbc.com/burmese/articles/ckrd2v90kzlo,စိန့်ပီတာစ်ဘာ့ဂ်မြို့ သဘာဝဓာတ်ငွေ့စက်ရုံ ပေါက်ကွဲခဲ့မှုဟာ ယူကရိန်းလုံခြုံရေးအဖွဲ့ရဲ့ အထူးစစ်ဆင်တိုက်ခိုက်မှုဖြစ်တယ်လို့ ယူကရိန်းအစိုးရရဲ့ သတင်းရင်းမြစ်က အတည်ပြုပြောပါတယ်။
စစ်အတွင်းက အသက်ဘေးနှစ်ဆင့်ကဲ မီးနေသည်နဲ့ မိခင်လောင်းတွေ,"Sun, 21 Jan 2024 09:44:20 GMT",https://www.bbc.com/burmese/articles/cn049841z7eo,https://www.bbc.com/burmese/articles/cn049841z7eo, စစ်ကိုင်းအပြင် မြန်မာနိုင်ငံအနှံ့က ပဋိပက္ခဖြစ်ပွားရောဒေသတွေမှာ စစ်ပြေးရင်းက မီးမဖွားနိုင်တာ၊ လုံလောက်တဲ့ကျန်းမာရေးစောင့်ရှောက်မှုမရတာ၊တိုက်ပွဲတွေကြားမှာ ပစ်ခတ်သတ်ဖြတ်ခံရတာတွေကြောင့် သေဆုံးရတဲ့ ကိုယ်ဝန်ဆောင်တွေရှိနေပါတယ်။
အယိုးဒယ - အငြင်းပွား ဘာသာရေးအထွတ်အမြတ်မြို့ကို ‘ဟိန္ဒူ ဗာတီကန်’ အဖြစ်ပြောင်းလဲခြင်း,"Sun, 21 Jan 2024 10:36:45 GMT",https://www.bbc.com/burmese/articles/c2jydv51r0jo,https://www.bbc.com/burmese/articles/c2jydv51r0jo,အယိုးဒယမြို့ကို ကမ္ဘာ့အဆင့် ယုံကြည်သက်ဝင်မှုဆိုင်ရာအချက်အခြာနေရာအဖြစ်ပြောင်းလဲမယ့် ဒီအစီအစဥ်ဟာ အမေရိကန်ဒေါ်လာ ၃.၈၅ ဘီလျံအထိ ကုန်ကျမှာဖြစ်ပါတယ်။
ဇန်နဝါရီလ ၂၁ ရက်ထိပ်တန်းသတင်းများ - မဘိမ်းမြို့ကိုသိမ်းပိုက်နိုင်ပြီလို့ကျောင်းသားတပ်ပြော,"Sun, 21 Jan 2024 11:32:48 GMT",https://www.bbc.com/burmese/articles/c1rywr80j57o,https://www.bbc.com/burmese/articles/c1rywr80j57o,ရှမ်းပြည်နယ်မြောက်ပိုင်း၊ မိုးမိတ်ခရိုင်ထဲက မဘိမ်းမြို့မှာရှိတဲ့ စစ်ကောင်စီတပ်နဲ့ ရဲစခန်းကို ကချင်လွတ်လပ်ရေးတပ်(KIA)နဲ့ ပြည်သူ့ကာကွယ်ရေးတပ်ဖွဲ့(PDF) ပူးပေါင်းတပ်ဖွဲ့က တိုက်ခိုက်ခဲ့ပြီးတဲ့နောက်  ဒီနေ့ ဇန်နဝါရီ ၂၁ ရက် မနက်ပိုင်းမှာ ထိန်းချုပ်လိုက်ပြီလို့ ဒေသခံအချို့ကပြောပါတယ်။
အီရန်လုံခြုံရေးအကြံပေးတွေရှိတဲ့ ဆီးရီးယားက လူနေအိမ် တိုက်ခိုက်ခံရ -ဇန်နဝါရီ  ၂၀ ရက်ညပိုင်းသတင်းများ,"Sat, 20 Jan 2024 11:53:23 GMT",https://www.bbc.com/burmese/articles/cz5xr146n8xo,https://www.bbc.com/burmese/articles/cz5xr146n8xo,ဆီးရီးယားမြို့တော် ဒမတ်စကပ်စ်မြို့က လူနေအဆောက်အဦကို အစ္စရေးက လေကြောင်းကနေတိုက်ခိုက်ခဲ့တယ်လို့ ဆီးရီးယား အစိုးရသတင်းမီဒီယာတွေမှာ ဖော်ပြထားပါတယ်။
ဟိုပုံးတိုက်ပွဲ- PNLA  တပ်ဖွဲ့ဝင်တွေ ထိန်းသိမ်းစစ်ဆေးခံရ,"Mon, 22 Jan 2024 09:38:10 GMT",https://www.bbc.com/burmese/articles/cxemy76nkn8o,https://www.bbc.com/burmese/articles/cxemy76nkn8o,"PNLO/PNLA အဖွဲ့တာဝန်ရှိသူအပြောအရ ဒီကနေ့ ဇန်နဝါရီ ၂၂ ရက်မနက်ပိုင်းအထိ အရာရှိအချို့အပါအဝင် တပ်ဖွဲ့ဝင်အချို့ကို စစ်ကောင်စီဘက်က ထိန်းသိမ်းစစ်ဆေးနေဆဲဖြစ်တယ်လို့ ပြောပါတယ်။
'' လောလောဆယ်အထိကို တပ်ဖွဲ့ဝင်တွေကိုထိန်းသိမ်းထားတာရှိပါတယ်။ မနေ့ကရော ဒီကနေ့ရောဆက်ပြီး ညှိနှိုင်းနေကြပါတယ်''လို့ သူကပြောပါတယ်။ "
အစ္စရေးက တင့်ကားတွေနဲ့ ဆေးရုံကို တိုက်တယ်လို့ ပါလက်စတိုင်းပြော - ဇန်ဝါရီ ၂၂ ရက် နိုင်ငံတကာသတင်းများ,"Mon, 22 Jan 2024 13:24:40 GMT",https://www.bbc.com/burmese/articles/crgrw19yy9go,https://www.bbc.com/burmese/articles/crgrw19yy9go,ဇန်ဝါရီ ၂၂ ရက် နိုင်ငံတကာသတင်းများ
ဇန်နဝါရီလ ၂၂ ရက်ထိပ်တန်းသတင်းများ- အိန္ဒိယကိုထွက်ပြေးခဲ့တဲ့ စစ်သားရာချီ ရခိုင်စစ်မျက်နှာကို ပြန်ရောက်နေ ,"Mon, 22 Jan 2024 09:52:33 GMT",https://www.bbc.com/burmese/articles/c25d48j3djwo,https://www.bbc.com/burmese/articles/c25d48j3djwo,ချင်းပြည်နယ်၊ ပလက်ဝမြို့နယ် တိုက်ပွဲတွေအတွင်း အိန္ဒိယနိုင်ငံဘက်ခြမ်းကို ထွက်ပြေးသွားတဲ့ စစ်ကောင်စီတပ်သား ရာချီထဲက အများစုဟာ ရခိုင်စစ်မျက်နှာပြင်မှာ ပြန်ရောက်နေတယ်လို့ ရက္ခိုင့်တပ်တော်(အေအေ)က ပြောဆိုလာပါတယ်။
စစ်အတွင်းက အသက်ဘေးနှစ်ဆင့်ကဲ မီးနေသည်နဲ့ မိခင်လောင်းတွေ,"Mon, 22 Jan 2024 04:51:55 GMT",https://www.bbc.com/burmese/articles/cn049841z7eo,https://www.bbc.com/burmese/articles/cn049841z7eo, စစ်ကိုင်းအပြင် မြန်မာနိုင်ငံအနှံ့က ပဋိပက္ခဖြစ်ပွားရောဒေသတွေမှာ စစ်ပြေးရင်းက မီးမဖွားနိုင်တာ၊ လုံလောက်တဲ့ကျန်းမာရေးစောင့်ရှောက်မှုမရတာ၊တိုက်ပွဲတွေကြားမှာ ပစ်ခတ်သတ်ဖြတ်ခံရတာတွေကြောင့် သေဆုံးရတဲ့ ကိုယ်ဝန်ဆောင်တွေရှိနေပါတယ်။
ဒုတိယ ဗိုလ်ချုပ်မှူးကြီးစိုးဝင်း ကရင်ပြည်နယ်ကို နေ့ချင်းပြန်သွားရောက်,"Tue, 23 Jan 2024 12:19:30 GMT",https://www.bbc.com/burmese/articles/cy953kl3q95o,https://www.bbc.com/burmese/articles/cy953kl3q95o,"ဒုတပ်ချုပ် ဒုတိယ ဗိုလ်ချုပ်မှူးကြီးစိုးဝင်း ကရင်ပြည်နယ် ဘားအံမြို့ကို စစ်ရဟတ်ယာဉ် နဲ့ ဇန်နဝါရီ ၂၃ ရက်မှာ နေ့ချင်းပြန် သွားရောက်ခဲ့တယ် လို့ ဘီဘီစီက စုံစမ်းသိရှိရပါတယ်။
ဗိုလ်မှူးကြီးစောချစ်သူဦးဆောင်တဲ့ ကရင်ပြည်နယ် နယ်ခြားစောင့်တပ် (BGF) တပ်ဖွဲ့နဲ့ သွားဆွေးနွေး ခဲ့တာလို့ ဘီဘီစီရဲ့ သတင်းအရင်းအမြစ်က ပြောပါတယ်။"
ဂါဇာထိုးစစ်အပေါ်  အစ္စရေးမှာ မေးခွန်းထုတ် - ဇန်ဝါရီ  ၂၃ ရက် ညနေခင်းသတင်းများ,"Tue, 23 Jan 2024 14:47:38 GMT",https://www.bbc.com/burmese/articles/c80ne8777gzo,https://www.bbc.com/burmese/articles/c80ne8777gzo,ဇန်ဝါရီ  ၂၃ ရက် ညနေခင်းသတင်းများ
ဇန်နဝါရီလ ၂၃ ရက်ထိပ်တန်းသတင်းများ - မီဇိုရမ်မှာ စစ်တပ်လေယာဥ် ပြေးလမ်းချော်မှု လေယာဥ်မှူးအပါဝင် ၈ ဦးဒဏ်ရာရ,"Tue, 23 Jan 2024 06:44:47 GMT",https://www.bbc.com/burmese/articles/cw8jv4d40n4o,https://www.bbc.com/burmese/articles/cw8jv4d40n4o,အိန္ဒိယနိုင်ငံ၊ မီဇိုရမ်ပြည်နယ်ထဲကို ထွက်ပြေးသွားတဲ့ မြန်မာစစ်သားကို ပြန်ခေါ်တဲ့ စစ်တပ်ပို့ဆောင်ရေး လေယာဥ် ပြေးလမ်းချော်မှုမှာ လေယာဥ်မှူးအပါအဝင် ၈ ဦးဒဏ်ရာရတယ်လို့ လေဆိပ်အနီးမှာ နေထိုင်သူတွေက ဘီဘီစီကိုပြောပါတယ်။
“ခိုးယူကြဖို့ ဘူဒိုဇာနဲ့ အထိုးခံထားရတဲ့” အာဖဂန်နစ္စတန်က သမိုင်းဝင်နေရာတွေ,"Mon, 22 Jan 2024 18:45:08 GMT",https://www.bbc.com/burmese/articles/c89ngql74zro,https://www.bbc.com/burmese/articles/c89ngql74zro,တာလီဘန်တွေရဲ့အုပ်ချုပ်မှုအောက်မှာ ပျက်စီးမှုတွေ ဆက်ဖြစ်နေတယ်ဆိုတာကို ဂြိုဟ်တုဓာတ်ပုံတွေက ပြသနေတယ်လို့ ရှီကာဂို တက္ကသိုလ်က သုတေသီတွေက ပြောပါတယ်။
လောက်ကိုင်မှာ လက်နက်ချတဲ့ တပ်မှူးတွေ သေဒဏ်တကယ်ပေးခံရသလား,"Wed, 24 Jan 2024 12:15:55 GMT",https://www.bbc.com/burmese/articles/ce94zr2x7q2o,https://www.bbc.com/burmese/articles/ce94zr2x7q2o,"ဒေသကွပ်ကဲမှုစစ်ဌာနချုပ် (လောက်ကိုင်) မှာ လက်နက်ချခဲ့တဲ့ ဗိုလ်မှူးချုပ်တွေထဲက သုံးဦးကို စစ်တရားရုံးက သေဒဏ်ချမှတ်လိုက်တယ်လို့ အမှုစီရင်မှုကို သိထားတဲ့ ဘီဘီစီ သတင်းအရင်းအမြစ်တွေက ပြောပါတယ်။
စစ်ကောင်စီသတင်းထုတ်ပြန်ရေးအဖွဲ့ဘက်ကတော့ ဗိုလ်မှူးချုပ်ခြောက်ဦးကို စစ်ခုံရုံးက အရေးယူထားတယ်ဆိုတဲ့ သတင်းတွေကို မဟုတ်မှန်ဘူးလို့ ငြင်းထားပါတယ်။"
ပီတာ ရွေးကောက်ပွဲဥပဒေ မချိုးဖောက်ဘူးလို့ ထိုင်းဖွဲ့စည်းပုံတရားရုံး အမိန့်ချ - ဇန်နဝါရီ  ၂၄ ရက် နိုင်ငံတကာသတင်းများ,"Wed, 24 Jan 2024 15:54:01 GMT",https://www.bbc.com/burmese/articles/cq5xrnrj08no,https://www.bbc.com/burmese/articles/cq5xrnrj08no,ဇန်နဝါရီ   ၂၄ ရက် နိုင်ငံတကာသတင်းများ
စစ်တပ်နဲ့ ညှိနှိုင်းမှုတွေအကြောင်း ကရင် BGF ဗိုလ်မှူးကြီး စောချစ်သူ ဘာပြောလဲ,"Wed, 24 Jan 2024 14:16:29 GMT",https://www.bbc.com/burmese/articles/c3g4l5ng6r4o,https://www.bbc.com/burmese/articles/c3g4l5ng6r4o,‘‘ညှိနှိုင်းဆွေးနွေးတဲ့ကာလမှာ ပြေလည်ရာ ပြေလည်ကြောင်း မျှော်လင့်တာပေါ့။ …ငြိမ်းချမ်းရေးကို ဦးတည်ပြီး ရပ်တည်လို့မရရင်တော့ မြေပြင်စစ်ရေးအရ ဖြစ်မှာပေါ့’’ - ဗိုလ်မှူးကြီး စောချစ်သူ
ယူကရိန်းစစ်သုံ့ပန်းတွေပါတဲ့ ရုရှားစစ်တပ်ပို့ဆောင်ရေးလေယာဥ်ပျက်ကျ,"Wed, 24 Jan 2024 12:27:29 GMT",https://www.bbc.com/burmese/articles/c989vzd179zo,https://www.bbc.com/burmese/articles/c989vzd179zo,ယူကရိန်းစစ်သုံ့ပန်းတွေပါဝင်တဲ့ ရုရှားစစ်တပ် ပို့ဆောင်ရေးလေယာဥ် Ilyushin-76 တစ်စီးဟာ ယူကရိန်းနိုင်ငံနဲ့နယ်စပ် ရုရှားတောင်ပိုင်းက ဗြဲဂရောဒေသမှာ ပျက်ကျခဲ့ပါတယ်။
ဇန်နဝါရီလ ၂၄ ရက် ထိပ်တန်းသတင်းများ - ပင်လယ်ပြင်မှာ ပျောက်ဆုံး သေဆုံးတဲ့ ရိုဟင်ဂျာ ၅၇၀ နီးပါးရှိ,"Wed, 24 Jan 2024 15:07:14 GMT",https://www.bbc.com/burmese/articles/cp495je8zg7o,https://www.bbc.com/burmese/articles/cp495je8zg7o,၂၀၂၃ ခုနှစ်အတွင်း မြန်မာပြည်တွင်းနဲ့ ဘင်္ဂလားဒေ့ရှ်နိုင်ငံထဲကနေ ထွက်ပြေးဖို့ကြိုးစားရင်း ပင်လယ်ထဲမှာ သေဆုံးတာ ဒါမှမဟုတ် ပျောက်ဆုံးတဲ့ ရိုဟင်ဂျာ ၅၆၉ ဦးအထိရှိတယ်လို့ ကုလသမဂ္ဂဒုက္ခသည်များဆိုင်ရာမဟာမင်းကြီးရုံး(UNHCR)က ပြောလာပါတယ်။
ဂါဇာထိုးစစ်အပေါ်  အစ္စရေးမှာ မေးခွန်းထုတ် - ဇန်နဝါရီ  ၂၃ ရက် ညနေခင်းသတင်းများ,"Wed, 24 Jan 2024 15:56:11 GMT",https://www.bbc.com/burmese/articles/c80ne8777gzo,https://www.bbc.com/burmese/articles/c80ne8777gzo,ဇန်နဝါရီ  ၂၃ ရက် ညနေခင်းသတင်းများ
ဇန်နဝါရီလ ၂၅ ရက် ထိပ်တန်းသတင်းများ - ခြံနံပါတ် ၅၄ ကို ကျပ်ငွေ ၃၁၅ ဘီလျံနဲ့ လေလံတင်မယ်,"Thu, 25 Jan 2024 09:41:17 GMT",https://www.bbc.com/burmese/articles/c1r1jdyj3ezo,https://www.bbc.com/burmese/articles/c1r1jdyj3ezo,ဒေါ်အောင်ဆန်းစုကြည်‌နေထိုင်တဲ့ ရန်ကုန်နေအိမ် ခြံနံပါတ် ၅၄ ကို ကျပ်ငွေ ၃၁၅ ဘီလျံနဲ့ လေလံကြမ်း‌ခင်းစျေးသတ်မှတ်ပြီး မတ်လ ၂၀ ရက်မှာ နေအိမ်ရှေ့မှာ လေလံတင် ရောင်းချမယ်လို့ ရန်ကုန်မြို့၊ ကမာရွတ်ခရိုင်တရားရုံးက ဒီကနေ့ အမိန့်ချလိုက်ပါတယ်။
ရုရှားလေယာဉ်ပျက်ကျမှု စုံစမ်းစစ်ဆေးဖို့ နိုင်ငံတကာကို ဇယ်လန်းစကီး တောင်းဆို - ဇန်နဝါရီ ၂၅ ညနေခင်း သတင်းများ,"Thu, 25 Jan 2024 15:13:11 GMT",https://www.bbc.com/burmese/articles/cv27kq9ez4wo,https://www.bbc.com/burmese/articles/cv27kq9ez4wo,ဇန်နဝါရီ ၂၅ ညနေခင်း သတင်းများ
Move Forward ပါတီ အမတ် ပီတာလင်ဂျာရိုရက် လွှတ်တော်ပြန်တက်ပြီ,"Thu, 25 Jan 2024 10:43:27 GMT",https://www.bbc.com/burmese/articles/c80nk4yn97jo,https://www.bbc.com/burmese/articles/c80nk4yn97jo,ထိုင်းနိုင်ငံမှာတော့ ရှေ့သို့ချီ(Move Forward) ပါတီအမတ် ပီတာလင်ဂျာရိုရက်ဟာ ITV ရုပ်သံ ရှယ်ယာတွေကို ပိုင်ဆိုင်မှု ရွေးကောက်ပွဲဥပဒေတွေကို ချိုးဖောက်ရာမရောက်ဖူးလို့ ဖွဲ့စည်းပုံခုံရုံးက မနေ့က ဆုံးဖြတ်ပေးလိုက်တာကြောင့် လွှတ်တော်အမတ်အဖြစ် ပြန်လည် တာဝန်ထမ်း ဆောင်ပြီဖြစ်ပါတယ်။
ရီပတ်ဘလီကန်တွေကြားမှာ ထရမ့် ဘာကြောင့် ရေပန်းစားနေသလဲ,"Thu, 25 Jan 2024 01:43:46 GMT",https://www.bbc.com/burmese/articles/cllev29ydd2o,https://www.bbc.com/burmese/articles/cllev29ydd2o,ရွေးကောက်ပွဲ ကြိုတင်ခန့်မှန်းထားတဲ့ စစ်တမ်းတွေ အတိုင်း မစ္စတာထရမ့် အနိုင်ရရှိခဲ့ခြင်း မရှိပေမဲ့လည်း အိုင်အိုဝါ ပြည်နယ်က ရွေးကောက်ပွဲမှာ အပြတ်အသတ် အနိုင်ရထားတာကို ထည့်သွင်းစဉ်းစားမယ် ဆိုရင် သမ္မတလောင်းရွေးချယ်ပွဲမှာ အနိင်ရဖို့ လုံလောက်နေပါတယ်။
လောက်ကိုင်မှာ လက်နက်ချတဲ့ တပ်မှူးတွေ သေဒဏ် တကယ်ချမှတ်ခံရသလား,"Wed, 24 Jan 2024 12:15:55 GMT",https://www.bbc.com/burmese/articles/ce94zr2x7q2o,https://www.bbc.com/burmese/articles/ce94zr2x7q2o,"ဒေသကွပ်ကဲမှုစစ်ဌာနချုပ် (လောက်ကိုင်) မှာ လက်နက်ချခဲ့တဲ့ ဗိုလ်မှူးချုပ်တွေထဲက သုံးဦးကို စစ်တရားရုံးက သေဒဏ်ချမှတ်လိုက်တယ်လို့ အမှုစီရင်မှုကို သိထားတဲ့ ဘီဘီစီ သတင်းအရင်းအမြစ်တွေက ပြောပါတယ်။
စစ်ကောင်စီသတင်းထုတ်ပြန်ရေးအဖွဲ့ဘက်ကတော့ ဗိုလ်မှူးချုပ်ခြောက်ဦးကို စစ်ခုံရုံးက အရေးယူထားတယ်ဆိုတဲ့ သတင်းတွေကို မဟုတ်မှန်ဘူးလို့ ငြင်းထားပါတယ်။"
ခြံနံပါတ် ၅၄ - သမိုင်းကို လေလံပစ်ခြင်း,"Fri, 26 Jan 2024 12:45:17 GMT",https://www.bbc.com/burmese/articles/c25qdn9evv5o,https://www.bbc.com/burmese/articles/c25qdn9evv5o,"သာယာလှပတဲ့ အင်းလျားကန်ရှုခင်း နဲ့ တက္ကသိုလ်ရိပ်သာလမ်းက ခြံနံပါတ် ၅၄ ဟာ သူ့ရဲ့ မြောက်များလှတဲ့ သမိုင်းတန်ဖိုးတွေကို ဖယ်ကြည့်မယ် ဆိုရင်တောင် ရန်ကုန်မြို့မှာ ရှိတဲ့ အကောင်းဆုံးမြေကွက်စာရင်းဝင်ပါတယ်။
ကမ္ဘာက သိတဲ့ ဒီလိပ်စာကို ပုံမှန်အခြေအနေမှာဆို မြန်မာပြည်က ဘီလျံနာတွေက ဝယ်ဖို့စိတ်ဝင်စားကြမှာဖြစ်ပေမဲ့ လက်ရှိနိုင်ငံရေးအခြေအနေအရ လေလံဝင်ဆွဲဖို့ လက်တွန့်နေကြလိမ့်မယ်လို့ စီးပွားရေးအသိုင်းအဝိုင်းမှာ သုံးသပ်နေကြပါတယ်။"
ဂါဇာမှာ အရပ်သားတွေကို အစ္စရေး ပိုကာကွယ်ပေးဖို့ အိုင်စီဂျေ အမိန့်ထုတ် - ဇန်နဝါရီ ၂၆ ရက် နိုင်ငံတကာသတင်းများ,"Fri, 26 Jan 2024 15:15:42 GMT",https://www.bbc.com/burmese/articles/cv2xm403pndo,https://www.bbc.com/burmese/articles/cv2xm403pndo,ဇန်နဝါရီ ၂၆ ရက် နိုင်ငံတကာသတင်းများ
ဇန်နဝါရီလ ၂၆ ရက် ထိပ်တန်းသတင်းများ - ကချင်မှာ ပြည်သူ့စစ်စုဆောင်းမှုကြောင့် ထွက်ပြေးကြသူတွေရှိလာ,"Fri, 26 Jan 2024 12:01:52 GMT",https://www.bbc.com/burmese/articles/cnen2k8d0wyo,https://www.bbc.com/burmese/articles/cnen2k8d0wyo,မလေးရှားနိုင်ငံ ၊ ပဲရပ်ပြည်နယ်၊ ကင်မရွန်းတောင်ပေါ်မြို့  ကန်ပုံဘာတူးရပ်ကွက်က မြေပြိုကျမှုမှာ မြန်မာနိုင်ငံသား ၅ ယောက် မြေပြိုပုံအောက်ရောက်သွားပြီး ၃ ဦးပျောက်ဆုံးနေဆဲဖြစ်ပြီး ၂ ဦးရဲ့ ရုပ်အလောင်းကိုရှာတွေ့ထားတယ်လို့ Cameron Highlands ခရိုင် သဘာဝဘေးအန္တရာယ် စီမံခန့်ခွဲရေးကော်မတီကပြောပါတယ်။
ကမ္ဘာမှာ သေဒဏ်စီရင်တဲ့နိုင်ငံ ဘယ်နှနိုင်ငံရှိနေသေးလဲ၊ ကွပ်မျက်ခံခဲ့ရသူပေါင်း ဘယ်လောက်များလဲ,"Fri, 26 Jan 2024 18:15:16 GMT",https://www.bbc.com/burmese/articles/c72g66z7pqgo,https://www.bbc.com/burmese/articles/c72g66z7pqgo,ကမ္ဘာတဝန်းမှာ သေဒဏ်ချမှတ် ကွပ်မျက်စီရင်မှုအရေအတွက် ပိုတိုးလာနေပါတယ်။ ဒါပေမဲ့ နိုင်ငံအတော်များများမှာ သေဒဏ်ချမှတ်စီရင်တာကို ပိတ်ပင်ထားကြပါတယ်။
ကမ္ဘာမှာ သေဒဏ်စီရင်တဲ့နိုင်ငံ ဘယ်နှနိုင်ငံရှိနေသေးလဲ၊ ကွပ်မျက်ခံခဲ့ရသူပေါင်း ဘယ်လောက်များလဲ။,"Sat, 27 Jan 2024 13:03:57 GMT",https://www.bbc.com/burmese/articles/c72g66z7pqgo,https://www.bbc.com/burmese/articles/c72g66z7pqgo,ကမ္ဘာတဝန်းမှာ သေဒဏ်ချမှတ် ကွပ်မျက်စီရင်မှုအရေအတွက် ပိုတိုးလာနေပါတယ်။ ဒါပေမဲ့ နိုင်ငံအတော်များများမှာ သေဒဏ်ချမှတ်စီရင်တာကို ပိတ်ပင်ထားကြပါတယ်။
ရောဂါ X တကမ္ဘာလုံး ပြန့်လာရင် ဘယ်လို လုပ်ကြမလဲ,"Sat, 27 Jan 2024 13:05:29 GMT",https://www.bbc.com/burmese/articles/c141l95v0v0o,https://www.bbc.com/burmese/articles/c141l95v0v0o,လောလောဆယ် ကြိုမသိနိုင်ပေမဲ့ တကမ္ဘာလုံးမှာ ရောဂါတခု ပျံ့နှံ့ဖြစ်ပွားလာရင် လုပ်ဆောင်ရမှာတွေကို ကြိုတင်ပြင်ဆင်ထားဖို့ ပညာရှင်တွေက သတိပေးလိုက်ပါတယ်။
လက်နက်ဝယ် အဂတိမှုကြီးတစ်ခုကို ဖော်ထုတ်နိုင်ပြီလို့ ယူကရိန်းပြော,"Sun, 28 Jan 2024 11:15:22 GMT",https://www.bbc.com/burmese/articles/c2xjgg2ppdjo,https://www.bbc.com/burmese/articles/c2xjgg2ppdjo,ကာကွယ်ရေးဝန်ကြီးဌာနထိပ်တန်းအရာရှိတွေဟာ စိန်ပြောင်းဗုံးသီးတွေဝယ်ယူမှုမှာ ကန်ဒေါ်လာ သန်း ၄၀ နီးပါးကို ခိုးယူဖို့ ကြိုးပမ်းခဲ့တယ်လို့ ယူကရိန်းထောက်လှမ်းရေးနဲ့လုံခြုံရေးအဖွဲ့က စွပ်စွဲထားပါတယ်။
ဇန်နဝါရီလ ၂၈ ရက် ထိပ်တန်းသတင်းများ - မြောက်ဦးမှာ လက်နက်ကြီးကျလို့ နေအိမ် ဆယ်ချီ မီးလောင်,"Sun, 28 Jan 2024 08:31:13 GMT",https://www.bbc.com/burmese/articles/c88n5em28nxo,https://www.bbc.com/burmese/articles/c88n5em28nxo,လက်နက်ကြီးကျရောက်ပေါက်ကွဲရာကနေ မြောက်ဦးမြို့ နန်းတော်ရာကုန်း အနောက်ဘက်နဲ့ မြောက်ဘက်နေရာတွေမှာ  နေအိမ် အလုံး ၂၀ နီးပါး မီးလောင်ခဲ့တာလို့ ဒေသခံတွေက ပြောပါတယ်။
ဇန်နဝါရီ ၂၉ ရက် ထိပ်တန်းသတင်းများ - ကရင်မှာ စစ်‌‌ကောင်စီရဟတ်ယာဉ်တစ်စီးပစ်ချခဲ့တယ်လို့ တော်လှန်ရေးအင်အားစုတွေပြော,"Mon, 29 Jan 2024 11:31:07 GMT",https://www.bbc.com/burmese/articles/cv2jprj74yvo,https://www.bbc.com/burmese/articles/cv2jprj74yvo,ကရင်ပြည်နယ်၊ မြဝတီမြို့၊ သင်္ဃန်းညီနောင်ရွာတဝိုက်ကို ပျံသန်းလာတဲ့ စစ်ကောင်စီရဟတ်ယာဉ်တစ်စီးကို ကရင်တော်လှန်ရေးအင်အားစုတွေဘက်က ဒရုန်း၊ လက်နက်ကြီးတွေအသုံးပြုပြီး ပစ်ချခဲ့တာကြောင့် စစ်ကောင်စီရဲ့ ခြေမြန်တပ်ရင်း အမှတ် ၃၅၅ အနီးမှာ ပျက်ကျခဲ့တယ်လို့ စစ်ရေးသတင်းသိရှိတွေက ပြောပါတယ်။
ပါလက်စတိုင်းဒုက္ခသည်တွေအတွက် နိုင်ငံတချို့ အလှူငွေဆိုင်းငံ့ - ဇန်နဝါရီလ ၂၉ ရက် နိုင်ငံတကာသတင်းများ,"Mon, 29 Jan 2024 15:31:07 GMT",https://www.bbc.com/burmese/articles/c1d15vmxk91o,https://www.bbc.com/burmese/articles/c1d15vmxk91o,ဇန်နဝါရီလ ၂၉ ရက် နိုင်ငံတကာသတင်းများ
“ခိုးယူကြဖို့ ဘူဒိုဇာနဲ့ အထိုးခံထားရတဲ့” အာဖဂန်နစ္စတန်က သမိုင်းဝင်နေရာတွေ,"Mon, 22 Jan 2024 18:45:08 GMT",https://www.bbc.com/burmese/articles/c89ngql74zro,https://www.bbc.com/burmese/articles/c89ngql74zro,"Satellite images show damage has continued under the Taliban, according to researchers at Chicago University."
မြန်မာစစ်တပ်နဲ့ ဆက်နွှယ်မှုရှိသူ လုပ်ငန်းရှင်ရဲ့အမှုကို ထိုင်းတရားရုံး ပလပ်,"Tue, 30 Jan 2024 16:14:49 GMT",https://www.bbc.com/burmese/articles/crg7xz6zw9go,https://www.bbc.com/burmese/articles/crg7xz6zw9go,ထိုင်းနိုင်ငံ၊ ဘန်ကောက်မြို့မှာရှိတဲ့ ရာဇဝတ်တရားရုံးဟာ မြန်မာစစ်တပ်ကို လက်နက်ဝယ်ယူပေးသူလို့ စွပ်စွဲခံထားရတဲ့ ဦးထွန်းမင်းလတ်နဲ့ သူ့အမှုတွဲ ၄ ဦးကို သူတို့ တရားရင်ဆိုင် စွပ်စွဲခံထားရတဲ့ ငွေကြေးခဝါချမှု၊ မူးယစ်မှောင်ခိုကူးမှုအပါအဝင် အမှုပေါင်း ၃၀ ကျော်ကနေ ကင်းလွတ်ခွင့်ပေး လိုက်ပါတယ်။
ဇန်နဝါရီ ၃၀ ရက်ထိပ်တန်းသတင်းများ - မြန်မာ့နိုင်ငံရေးပြဿနာကို အာဆီယံကြားဝင်ဖြေရှင်းဖို့ RCSS တိုက်တွန်း ၊ အွန်လိုင်းငွေလိမ်လုပ်ငန်း ကျားဖြန့်နှိမ်နင်းမယ်လို့ ဆို ,"Tue, 30 Jan 2024 10:49:17 GMT",https://www.bbc.com/burmese/articles/cv2l58r20g1o,https://www.bbc.com/burmese/articles/cv2l58r20g1o,မြန်မာ့နိုင်ငံရေးပြဿနာကိုဖြေရှင်းနိုင်ဖို့ အာဆီယံအနေနဲ့ အလေးအနက်ထားပြီး ကြားဝင်ဖြေရှင်းပေးဖို့ကိုပါ ရှမ်းပြည်ပြန်လည်ထူထောင်ရေးကောင်စီ RCSS က သူတို့ရဲ့ နှစ်ပတ်လည်အစည်းအဝေးအပြီး ထုတ်ပြန်ကြေညာချက်ကတဆင့် တိုက်တွန်းထားပါတယ်။
ပါကစ္စတန်ဝန်ကြီးချုပ်ဟောင်း အင်မရန် ခန်း ထောင်ဒဏ် ၁၀ နှစ်ချမှတ်ခံရ - ဇန်နဝါရီလ ၃၀ ရက် နိုင်ငံတကာသတင်းများ,"Tue, 30 Jan 2024 14:48:29 GMT",https://www.bbc.com/burmese/articles/c1v14qqgge6o,https://www.bbc.com/burmese/articles/c1v14qqgge6o,ဇန်နဝါရီလ ၃၀ ရက် နိုင်ငံတကာသတင်းများ
စစ်အာဏာသိမ်း ၃ နှစ် - နေပြည်တော်ခရီးဘယ်လိုဆက်နိုင်လဲ,"Wed, 31 Jan 2024 02:33:04 GMT",https://www.bbc.com/burmese/articles/cnln1zxdddxo,https://www.bbc.com/burmese/articles/cnln1zxdddxo,အာဏာသိမ်းကာလ ၃ နှစ်ပြည့်လာချိန်မှာ စစ်ရေး၊ နိုင်ငံရေး အဖက်ဖက်က အင်အားချိနဲ့လာတဲ့ စစ်ကောင်စီနဲ့ စစ်ခေါင်းဆောင် အာဏာဆက်ပြီးဆုပ်ကိုင်နိုင်ရေးအတွက် နည်းလမ်းတချို့ကို သူ့ကို အကြံပေးနေသူတွေက အဆိုပြုထားတယ်လို့ နေပြည်တော်သတင်းရင်းမြစ်တချို့ကပြောပါတယ်။
မတည်ငြိမ်မှုတွေရှိတဲ့ မြန်မာနယ်စပ်ကို အိန္ဒိယကဘာကြောင့် စည်းရိုးခတ်ချင်တာလဲ,"Wed, 31 Jan 2024 19:01:26 GMT",https://www.bbc.com/burmese/articles/ckd415vpqreo,https://www.bbc.com/burmese/articles/ckd415vpqreo, အိန္ဒိယနိုင်ငံရဲ့ ပြည်ထဲရေးဝန်ကြီး အမစ်ရှားက အိမ်နီးချင်း မြန်မာနိုင်ငံနဲ့  နယ်နိမိတ် စည်းရိုးခတ်မယ့်အစီအစဉ်ကို ပြီးခဲ့တဲ့ တစ်ပတ်ကျော်က ကြေညာထားပါတယ်။
ထိုင်းရွေးကောက်ပွဲ အနိုင်ရခဲ့တဲ့  ပါတီ ဖျက်သိမ်းခံရဖွယ်ရှိ - ဇန်နဝါရီလ ၃၁ ရက် နိုင်ငံတကာသတင်းများ,"Wed, 31 Jan 2024 15:05:34 GMT",https://www.bbc.com/burmese/articles/c51wpd9v0njo,https://www.bbc.com/burmese/articles/c51wpd9v0njo,ဇန်နဝါရီလ ၃၁ ရက် နိုင်ငံတကာသတင်းများ
ကမ္ဘာ့အကြီးဆုံးစိန်ကြီး တစ်လုံးကိုရှာတွေ့ခဲ့တဲ့လူငယ်နှစ်ဦး ဘာဖြစ်သွားပြီလဲ,"Wed, 31 Jan 2024 12:21:15 GMT",https://www.bbc.com/burmese/articles/c6p1n7xg0wno,https://www.bbc.com/burmese/articles/c6p1n7xg0wno,၇၀၉ ကာရက်ရှိတဲ့စိန်ကြီးကို ဆီယာရာ လီယွန်နိုင်ငံက ဆယ်ကျော်သက်လူငယ် ၂ ဦးက ၂၀၁၇ ခုနှစ်တုန်းက ရှာတွေ့ခဲ့ပါတယ်။ ဒီစိန်ကြီးက သူတို့ဘဝကို တစ်ဆစ်ချိုးပြောင်းလဲစေခဲ့ပါပြီလား။
ဇန်နဝါရီ ၃၁ ရက် ထိပ်တန်းသတင်းများ - စစ်ကောင်စီ အရေးပေါ်ကာလအခြေအနေ နောက် ၆ လ ဆက်တိုး,"Wed, 31 Jan 2024 11:40:16 GMT",https://www.bbc.com/burmese/articles/c0wkzk92yzvo,https://www.bbc.com/burmese/articles/c0wkzk92yzvo,ရှမ်းပြည်နယ်(တောင်ပိုင်း)၊ ဆီဆိုင်မြို့ပေါ်မှာ ပအိုဝ်းအမျိုးသား လွတ်မြောက်ရေးတပ်မတော်(PNLA)၊ PDF ပူးပေါင်းတပ်ဖွဲ့နဲ့ စစ်ကောင်စီတပ်တို့ ဇန်နဝါရီ ၃၀ ရက်မှာ  ထိတွေ့တိုက်ပွဲဖြစ်ပွားခဲ့တာကြောင့် မြို့ထဲမှာ ကျန်နေသေးတဲ့ဒေသခံတွေလည်း ထွက်ပြေး တိမ်းရှောင်နေရတယ်လို့ မြေပြင်အခြေအနေသိရှိသူတစ်ဦးက ဘီဘီစီကို ပြောပါတယ်။
ဇန်နဝါရီ ၃၀ ရက်ထိပ်တန်းသတင်းများ - မြန်မာ့နိုင်ငံရေးပြဿနာကို အာဆီယံကြားဝင်ဖြေရှင်းဖို့ RCSS တိုက်တွန်း,"Tue, 30 Jan 2024 10:49:17 GMT",https://www.bbc.com/burmese/articles/cv2l58r20g1o,https://www.bbc.com/burmese/articles/cv2l58r20g1o,မြန်မာ့နိုင်ငံရေးပြဿနာကိုဖြေရှင်းနိုင်ဖို့ အာဆီယံအနေနဲ့ အလေးအနက်ထားပြီး ကြားဝင်ဖြေရှင်းပေးဖို့ကိုပါ ရှမ်းပြည်ပြန်လည်ထူထောင်ရေးကောင်စီ RCSS က သူတို့ရဲ့ နှစ်ပတ်လည်အစည်းအဝေးအပြီး ထုတ်ပြန်ကြေညာချက်ကတဆင့် တိုက်တွန်းထားပါတယ်။
ဘီဘီစီ မြန်မာ နေ့စဉ် ရုပ်သံအစီအစဉ်ကို မဇ္စျိမတီဗီ တွင် ကြည့်ရှုနိုင်ပြီ,"Mon, 26 Mar 2018 16:15:48 GMT",https://www.bbc.com/burmese/institutional-43548528,https://www.bbc.com/burmese/institutional-43548528,နိုင်ငံတကာ နှင့် ဒေသတွင်းဖြစ်ပျက်နေသည့် နေ့စဉ် အရေးကြီးသတင်းများကို ပရိသတ်ထံသို့ အရောက် သယ်ဆောင်လာပါပြီ။
စစ်အာဏာသိမ်း ၃ နှစ် -  မိသားစုထဲကထွက်ခွာသွားရတဲ့ အမျိုးသမီးနဲ့ ကလေးတွေ,"Thu, 01 Feb 2024 13:02:44 GMT",https://www.bbc.com/burmese/articles/cyjk8xmwzg1o,https://www.bbc.com/burmese/articles/cyjk8xmwzg1o,စစ်အာဏာသိမ်းမှုကိုဆန့်ကျင်ဆန္ဒပြပွဲ၊ လက်နက်ကြီးနဲ့တိုက်ခိုက်ခံရမှုအပါအဝင် စစ်ကောင်စီတပ်ကြောင့် ၂၀၂၄ ခုနှစ်၊ ဇန်နဝါရီ တစ်လတည်းမှာတင် နိုင်ငံတဝန်းသေဆုံးသူ ၇၀ နီးပါးမှာ တဝက်နီးပါးဟာ  အမျိုးသမီးနဲ့ ကလေးတွေလို့ AAPP စာရင်းတွေက ဖော်ပြပါတယ်။
ယူကရိန်းကို ဒေါ်လာ ဘီလျံ ၅၀ ကျော် ထောက်ပံ့ဖို့ အီးယူနိုင်ငံတွေ သဘောတူ - ဖေဖော်ဝါရီလ ၁ ရက် နိုင်ငံတကာသတင်းများ,"Thu, 01 Feb 2024 14:51:11 GMT",https://www.bbc.com/burmese/articles/cn3n07zg74lo,https://www.bbc.com/burmese/articles/cn3n07zg74lo,ယူကရိန်းကို ကြီးမားတဲ့ ထောက်ပံ့ကူညီမှုတွေ လုပ်ရေးမှာ ဥရောပသမဂ္ဂအဖွဲ့ဝင် နိုင်ငံတွေအကြား သဘောတူချက် ရသွားပြီ ဖြစ်ပါတယ်။
ဖေဖော်ဝါရီ ၁ ရက် ထိပ်တန်းသတင်းများ - စစ်အာဏာသိမ်းမှု ၃ နှစ်ပြည့်မှာ အကူအညီလိုသူ ၁၈ သန်းကျော်ပြီလို့ ကုလပြော,"Thu, 01 Feb 2024 11:07:59 GMT",https://www.bbc.com/burmese/articles/c72g3qzw2pgo,https://www.bbc.com/burmese/articles/c72g3qzw2pgo,စစ်အာဏာသိမ်းထားတဲ့တစ်လျှောက် စစ်တပ်ရဲ့ လုပ်ရပ်တွေထဲမှာ အရပ်သားပြည်သူ ထောင်နဲ့ချီကို ဖမ်းဆီး‌ထောင်ချတာ၊ သတ်ဖြတ်တာ၊ ညှင်းပန်းနှိပ်စက်တာတွေအပြင် အကြမ်းဖက်မှုတွေ ပိုများလာတယ်လို့လည်း ဥရောပသမဂ္ဂ(အီးယူ)ကိုယ်စား အနောက်နိုင်ငံအများစုပါဝင်တဲ့ ပူးတွဲထုတ်ပြန်ချက်က ဆိုပါတယ်။
ထိုင်းရွေးကောက်ပွဲအနိုင်ရ Move Forward ပါတီ ဖျက်သိမ်းခံရဖွယ်ရှိ - ဇန်နဝါရီလ ၃၁ ရက် နိုင်ငံတကာသတင်းများ,"Wed, 31 Jan 2024 15:05:34 GMT",https://www.bbc.com/burmese/articles/c51wpd9v0njo,https://www.bbc.com/burmese/articles/c51wpd9v0njo,ဇန်နဝါရီလ ၃၁ ရက် နိုင်ငံတကာသတင်းများ
မြန်မာလုပ်ငန်းရှင် ဦးထွန်းမင်းလတ်ရဲ့အမှုကို ထိုင်းတရားရုံး ပလပ်,"Tue, 30 Jan 2024 16:14:49 GMT",https://www.bbc.com/burmese/articles/crg7xz6zw9go,https://www.bbc.com/burmese/articles/crg7xz6zw9go,ထိုင်းနိုင်ငံ၊ ဘန်ကောက်မြို့မှာရှိတဲ့ ရာဇဝတ်တရားရုံးဟာ မြန်မာစစ်တပ်ကို လက်နက်ဝယ်ယူပေးသူလို့ စွပ်စွဲခံထားရတဲ့ ဦးထွန်းမင်းလတ်နဲ့ သူ့အမှုတွဲ ၄ ဦးကို သူတို့ တရားရင်ဆိုင် စွပ်စွဲခံထားရတဲ့ ငွေကြေးခဝါချမှု၊ မူးယစ်မှောင်ခိုကူးမှုအပါအဝင် အမှုပေါင်း ၃၀ ကျော်ကနေ ကင်းလွတ်ခွင့်ပေး လိုက်ပါတယ်။
ဇန်နဝါရီ ၂၉ ရက် ထိပ်တန်းသတင်းများ - ကရင်မှာ စစ်‌‌ကောင်စီရဟတ်ယာဉ်တစ်စီးပစ်ချခံရ,"Mon, 29 Jan 2024 11:31:07 GMT",https://www.bbc.com/burmese/articles/cv2jprj74yvo,https://www.bbc.com/burmese/articles/cv2jprj74yvo,ကရင်ပြည်နယ်၊ မြဝတီမြို့၊ သင်္ဃန်းညီနောင်ရွာတဝိုက်ကို ပျံသန်းလာတဲ့ စစ်ကောင်စီရဟတ်ယာဉ်တစ်စီးကို ကရင်တော်လှန်ရေးအင်အားစုတွေဘက်က ဒရုန်း၊ လက်နက်ကြီးတွေအသုံးပြုပြီး ပစ်ချခဲ့တာကြောင့် စစ်ကောင်စီရဲ့ ခြေမြန်တပ်ရင်း အမှတ် ၃၅၅ အနီးမှာ ပျက်ကျခဲ့တယ်လို့ စစ်ရေးသတင်းသိရှိတွေက ပြောပါတယ်။
ထောင် ၁၂ နှစ် ချခံထားရသူ မလေးရှားဝန်ကြီးချုပ်ဟောင်းကို ထောင်ဒဏ် တစ်ဝက် လျှော့- ဖေဖော်ဝါရီ ၂ ရက် နိုင်ငံတကာသတင်းများ,"Fri, 02 Feb 2024 14:52:22 GMT",https://www.bbc.com/burmese/articles/cldqnek99wko,https://www.bbc.com/burmese/articles/cldqnek99wko,ငွေကြေးအရှုပ်တော်ပုံမှာ ပါဝင်ခဲ့မှုနဲ့ ထောင်ဒဏ် ၁၂ နှစ်ချခံထားရတဲ့ မလေးရှား ဝန်ကြီးချုပ်ဟောင်း နာဂျစ်ဘ် ရာဇက်ခ်ကို ထောင်ဒဏ်သက်တမ်း တစ်ဝက် လျှော့ပေါ့ပေးလိုက်ပါတယ်။
စစ်ဆန့်ကျင်တဲ့ ရုရှား Bi-2 ရော့ခ်ဂီတအဖွဲ့ ထိုင်းကနေ ရှောင်တိမ်းရ,"Fri, 02 Feb 2024 18:18:59 GMT",https://www.bbc.com/burmese/articles/crgv79wv001o,https://www.bbc.com/burmese/articles/crgv79wv001o,စစ်ပွဲတွေကိုဆန့်ကျင်တဲ့ ရုရှားက ဘီလာရူရှန် ရော့ခ်ဂီတတီးဝိုင်း (Bi-2) က အဖွဲ့ဝင်တွေအားလုံး ရုရှားနိုင်ငံပြန်ပို့ခံရမှာကို စိုးရိမ်တဲ့အတွက် ထိုင်းကနေ အစ္စရေးနိုင်ငံကို ထွက်ခွာသွားပြီလို့ Bi-2 က ပြောလိုက်ပါတယ်။
ဖေဖော်ဝါရီ ၂ ရက် ထိပ်တန်းသတင်းများ - ခင်ဦးမှာ တစ်နေ့တည်း အရပ်သား ၃ ဦး သတ်ဖြတ်ခံရ,"Fri, 02 Feb 2024 14:09:30 GMT",https://www.bbc.com/burmese/articles/cmjgxj63e46o,https://www.bbc.com/burmese/articles/cmjgxj63e46o,စစ်ကိုင်းတိုင်း ခင်ဦးမြို့အနောက်ဘက်ခြမ်းက ရွာတွေကို စစ်ကောင်စီတပ်တွေက မနေ့ ဖေဖော်ဝါရီ ၁ ရက် မနက်ပိုင်းမှာ စစ်ကြောင်းထိုးဝင်ရောက်ခဲ့ပြီး အရပ်သား ၃ ဦးကို သတ်ဖြတ်သွားတယ်လို့ မြေပြင်အခြေအနေသိရှိတဲ့ ‌ဒေသခံအချို့က ဘီဘီစီကိုအတည်ပြုပြောပြကြပါတယ်။
မတည်ငြိမ်မှုတွေရှိတဲ့ မြန်မာနယ်စပ်ကို အိန္ဒိယကဘာကြောင့် စည်းရိုးခတ်ချင်တာလဲ,"Fri, 02 Feb 2024 04:25:03 GMT",https://www.bbc.com/burmese/articles/ckd415vpqreo,https://www.bbc.com/burmese/articles/ckd415vpqreo, အိန္ဒိယနိုင်ငံရဲ့ ပြည်ထဲရေးဝန်ကြီး အမစ်ရှားက အိမ်နီးချင်း မြန်မာနိုင်ငံနဲ့  နယ်နိမိတ် စည်းရိုးခတ်မယ့်အစီအစဉ်ကို ပြီးခဲ့တဲ့ တစ်ပတ်ကျော်က ကြေညာထားပါတယ်။
နယ်မြေ‌တွေဆုံးရှုံးခဲ့ပေမဲ့ ရှမ်းမြောက်က ဗိုလ်ချုပ်တွေ ရာထူးတိုး,"Sat, 03 Feb 2024 15:09:41 GMT",https://www.bbc.com/burmese/articles/c80n62p87yxo,https://www.bbc.com/burmese/articles/c80n62p87yxo,၁၀၂၇ စစ်ဆင်ရေးကြောင့် ရှမ်းပြည်နယ်(မြောက်ပိုင်း)က မြို့နယ် အများအပြား မကြုံစဖူး နယ်မြေတွေ ဆုံးရှုံးခဲ့ပေမဲ့ အဲဒီစစ်ဒေသတွေကို တာဝန်ယူတဲ့ စစ်ဗိုလ်ချုပ်တွေ ရာထူးတိုးသွားကြပါတယ်။
မြောက်ကိုရီးယားရဲ့ မျက်တောင်တုများ - ဖေဖေါ်ဝါရီ ၃ ရက် ထိပ်တန်း နိုင်ငံတကာ သတင်းများ,"Sat, 03 Feb 2024 14:50:00 GMT",https://www.bbc.com/burmese/articles/clw5g5gngvxo,https://www.bbc.com/burmese/articles/clw5g5gngvxo,နိုင်ငံတကာ ပိတ်ဆို့မှုတွေကြောင့် ဆံတု၊ မျက်တောင်တု ထုတ်တဲ့ကဏ္ဍကို ပြုံယမ်း  အလေးထား
ဖေဖော်ဝါရီ ၃ ရက် ထိပ်တန်းသတင်းများ - ဖားကန့် နမ့်တိန်းဗျူဟာကုန်းကို KIA နဲ့ PDF သိမ်းပိုက်,"Sat, 03 Feb 2024 09:02:31 GMT",https://www.bbc.com/burmese/articles/c3g0p7lj583o,https://www.bbc.com/burmese/articles/c3g0p7lj583o,ကချင်ပြည်နယ်၊ ဖားကန့်မြို့အနီးက စစ်ကောင်စီခြေကုတ်ယူထားတဲ့ နမ့်တိန်းဗျူဟာကုန်းကို ကချင်လွတ်လပ်ရေးတပ် (KIA) က ဒီကနေ့ နေ့လယ်ပိုင်းမှာ အပြီးသတ်တိုက်ခိုက်သိမ်းပိုက်နိုင်ခဲ့တယ်လို့ စစ်ရေးအခြေအနေသိရှိတဲ့ ‌ဒေသခံတစ်ဦးက ဘီဘီစီကိုပြောပါတယ်။
အမေရိကန်တိုက်ခိုက်မှုကြောင့် အရပ်သားတွေအပါအဝင် ၁၆ ဦးသေတယ်လို့ အီရတ်ပြော,"Sat, 03 Feb 2024 11:02:47 GMT",https://www.bbc.com/burmese/articles/c72g65d4yj2o,https://www.bbc.com/burmese/articles/c72g65d4yj2o,အမေရိကန်ရဲ့ တိုက်ခိုက်မှုကြောင့် အရပ်သားတွေအပါအဝင် လူ ၁၆ ဦးသေဆုံးပြီး ၂၅ ဦးဒဏ်ရာရရှိခဲ့တယ်လို့ အီရတ်အစိုးရက ပြောဆိုထားပါတယ်။
ဗြိတိန်မှာ စစ်သားဦးရေနည်းပါးနေသလို လက်နက်ခဲယမ်းလည်း ရေရှည်စစ်အတွက် မပြည့်မီ- ဖေဖေါ်ဝါရီ ၄ ရက် နိုင်ငံတကာ ထိပ်တန်း သတင်း,"Sun, 04 Feb 2024 14:13:11 GMT",https://www.bbc.com/burmese/articles/clmjzz4k8mzo,https://www.bbc.com/burmese/articles/clmjzz4k8mzo,ဗြိတိန် စစ်တပ် အနေတဲ့ ရေရှည် စစ်ပွဲ ဆင်နွှဲနိုင်ဖို့ ဘယ်လိုမှ အသင့် ရှိမနေဘူး ဆိုပြီး ကာကွယ်ရေးဆိုင်ရာ ပါလီမန်ကော်မတီက သတိပေး
အီရတ်နဲ့ ဆီးရီးယားကပစ်မှတ်တွေကို တိုက်မယ်ဆိုတဲ့အမေရိကန်အပြောကို အီရန်ဘယ်လိုတွက်ဆနေလဲ,"Sun, 04 Feb 2024 13:18:05 GMT",https://www.bbc.com/burmese/articles/c29k030dz6lo,https://www.bbc.com/burmese/articles/c29k030dz6lo,ဂျော်ဒန်နိုင်ငံက အမေရိကန်စစ်အခြေစိုက်စခန်း ဒရုန်းတိုက်ခိုက်ခံရမှုကြောင့် စစ်သား ၃ ဦးသေဆုံးခဲ့အပြီးမှာ အီရတ်နဲ့ဆီးရီးယားနိုင်ငံတို့မှာရှိတဲ့အီရန်ရဲ့အစွယ်အပွားအဖွဲ့တွေကို လေကြောင်းတိုက်ခိုက်မယ်လို့ အမေရိကန်က ပြောဆိုလာတာကြောင့် အီရန်နိုင်ငံဟာ သူ့အတွက် ရွေးချယ်စရာအခြေအနေတွေကို အကဲခတ် တွက်ဆနေပါတယ်။
ဖေဖော်ဝါရီ ၄ ရက်ထိပ်တန်းသတင်းများ - မောင်တောက နယ်ခြားစောင့်ရဲ ၁၄ ဦး ဘင်္ဂလားဒေ့ရှ်ဘက် ထွက်ပြေး,"Sun, 04 Feb 2024 10:49:03 GMT",https://www.bbc.com/burmese/articles/c4nv8prvgvro,https://www.bbc.com/burmese/articles/c4nv8prvgvro,မြန်မာ- ဘင်္ဂလားဒေ့ရှ်နှစ်နိုင်ငံနယ်စပ်၊ မောင်တောမြို့နယ်ထဲမှာ လုံခြုံရေးယူနေတဲ့ စစ်ကောင်စီနယ်ခြားစောင့်တပ်ဖွဲ့ဝင် ၁၄ ဦးဟာ ဒီနေ့ မနက်ပိုင်းမှာ ရက္ခိုင့်တပ်တော်(အေအေ)နဲ့ဖြစ်ပွားတဲ့တိုက်ပွဲအတွင်း ဘင်္ဂလားဒေ့ရှ် နိုင်ငံထဲကို လက်နက်တွေနဲ့အတူ ထွက်ပြေးခဲ့တယ်လို့ သိရပါတယ်။
အသက် ၂၀ ပြည့်လာတဲ့ ဖေ့စ်ဘွတ်ခ်က ကမ္ဘာကို ပြောင်းလဲခဲ့တဲ့ နည်း ၄ သွယ်,"Tue, 30 Jan 2024 16:10:30 GMT",https://www.bbc.com/burmese/articles/cz9e7wgg66go,https://www.bbc.com/burmese/articles/cz9e7wgg66go, ၂၀၂၃ ခုနှစ် အဆုံးမှာ ဖေ့စ်ဘွတ်ခ် နေ့စဉ် သုံးစွဲသူ ၂ ဘီလျံကျော် ရှိပါတယ်။
ဘက်ပြောင်းခိုလှုံသူတွေ ပြောပြတဲ့ မြောက်ကိုရီးယားနိုင်ငံထဲကို စပိုင်ရုပ်ရှင်ဆန်ဆန် ငွေလွှဲပြောင်းမှု,"Fri, 02 Feb 2024 17:36:10 GMT",https://www.bbc.com/burmese/articles/cjevn215jq3o,https://www.bbc.com/burmese/articles/cjevn215jq3o,သူတို့ ငွေလွှဲလုပ်ငန်း ဘယ်လို လျှို့ဝှက်စွာပြုလုပ်ရတယ်ဆိုတဲ့အကြောင်း မြောက်ကိုရီးယားကနေ တောင်ကိုရီးယားကို ဘက်ပြောင်း‌ခိုလှုံလာသူ အတော်များများက ဘီဘီစီကို ပြောပြထားပါတယ်။
ချားလ်စ်ဘုရင် ကင်ဆာဖြစ်နေတယ်လို့နန်းတော် ထုတ်ပြန်,"Mon, 05 Feb 2024 19:44:53 GMT",https://www.bbc.com/burmese/articles/c80n5e10lz0o,https://www.bbc.com/burmese/articles/c80n5e10lz0o,""" ကုသမှုနဲ့ ပတ်သက်ပြီး ဘုရင်က လုံးဝ ယုံကြည်မှု ရှိကြောင်း"" ဘက်ကင်ဟမ် နန်းတော်က ပြောပါတယ်။"
ကလေးယူတဲ့ ဝန်ထမ်းတွေအတွက် တောင်ကိုရီးယားကုမ္ပဏီတခုက ဒေါ်လာ ၇ သောင်းကျော် ဆုချ - ဖေဖော်ဝါရီ ၅  ရက် နိုင်ငံတကာသတင်းများ,"Mon, 05 Feb 2024 15:04:36 GMT",https://www.bbc.com/burmese/articles/c72grve675eo,https://www.bbc.com/burmese/articles/c72grve675eo, ဖေဖော်ဝါရီ ၅  ရက် နိုင်ငံတကာသတင်းများ
ကိုးကန့်၊ ဘီလူးကိုးကောင် စောင့်တဲ့နယ်,"Mon, 05 Feb 2024 12:52:18 GMT",https://www.bbc.com/burmese/articles/cd10gl14z93o,https://www.bbc.com/burmese/articles/cd10gl14z93o,ဗြိတိသျှအစိုးရက မြန်မာပြည်ကို သိမ်းပိုက်ပြီးနောက် ရှမ်းအရှေ့ဖျားက ထိန်းချုပ်ရခက်တဲ့ ၀နဲ့ ကိုးကန့်နယ်တွေကို သိမ်းသွင်းဖို့ ကြိုးစားရာက ကိုးကန့်က မြန်မာပြည်ထဲကို ၁၈၉၇ မှာ အပြီး ရောက်လာခဲ့ပါတယ်။
ဖေဖော်ဝါရီ ၅ ရက် ထိပ်တန်းသတင်းများ - ဘင်္ဂလားဒေ့ရှ်ထဲ မြန်မာမော်တာကျည်ကျလို့ အရပ်သား နှစ်ဦးသေဆုံး,"Mon, 05 Feb 2024 10:09:41 GMT",https://www.bbc.com/burmese/articles/c3g093z9r3do,https://www.bbc.com/burmese/articles/c3g093z9r3do,မြန်မာ - ဘင်္ဂလားဒေ့ရှ်နယ်စပ်ဖြစ်တဲ့ ရခိုင်ပြည်နယ်၊ မောင်တောမြို့၊ တောင်ပြိုလက်ဝဲမှာ စစ်ကောင်စီတပ်နဲ့ ရက္ခိုင့်တပ်တော် အေအေ ကြားတိုက်ပွဲပြင်းထန်ရာကနေ ဒီကနေ့ မှာ ဘင်္ဂလားဒေ့ရှ်နိုင်ငံထဲ လက်နက်ကြီးကျလို့ အမျိုးသား ၁ ဦးနဲ့ အမျိုးသမီး ၁ ဦး သေဆုံးခဲ့တယ်လို့ သိရပါတယ်။
ချီလီတောမီး  - လူ ၁၂၀ ကျော်သေဆုံးပြီး အိမ်ထောင်ချီမီးလောင်ကျွမ်းထား,"Mon, 05 Feb 2024 08:17:20 GMT",https://www.bbc.com/burmese/articles/cge7xprrpp5o,https://www.bbc.com/burmese/articles/cge7xprrpp5o,ချီလီတောမီးလောင်ကျွမ်းမှုကြောင့် ကယ်ဆယ်ရေးအဖွဲ့တွေက အပြင်းထန်ဆုံးထိခိုက်တဲ့ နေရာတွေမှာ ကူညီကယ်ထုတ်ရေးတွေလုပ်ဆောင်နေပါတယ်။ မီးဘေးကြောင့် သေဆုံးသူဦးရေ တိုးလာဖွယ်ရှိတယ်လို့ တာဝန်ရှိသူတွေက သတိပေးနေပါတယ်။
သူလျှိုသံသယနဲ့ ဖမ်းဆီးခံရတဲ့ သြစတြေးလျနိုင်ငံသား ရန်ဟန်းဂျွန်ရဲ့ ဆိုင်းငံ့သေဒဏ်ချမှတ် ,"Mon, 05 Feb 2024 11:24:49 GMT",https://www.bbc.com/burmese/articles/c510979y807o,https://www.bbc.com/burmese/articles/c510979y807o,သူလျှိုလုပ်တယ်ဆိုတဲ့ သံသယနဲ့ တရုတ်နိုင်ငံမှာ အဖမ်းဆီးခံနေရတဲ့ တရုတ်နွယ်ဖွား သြစတြေးလျနိုင်ငံသား ရန်ဟန်းဂျွန်ကို ဒီကနေ့ ဖေဖော်ဝါရီ ၅ ရက်မှာ တရုတ်အစိုးရတရားရုံးက ဆိုင်းငံ့သေဒဏ်အမိန့် ချမှတ်လိုက်ပါတယ်။
စစ်အာဏာသိမ်း ၃ နှစ် -  မိသားစုထဲကထွက်ခွာသွားရတဲ့ အမျိုးသမီးနဲ့ ကလေးတွေ,"Thu, 01 Feb 2024 13:02:44 GMT",https://www.bbc.com/burmese/articles/cyjk8xmwzg1o,https://www.bbc.com/burmese/articles/cyjk8xmwzg1o,လက်နက်ကြီးတိုက်ခိုက်ခံရမှုအပါအဝင် စစ်ကောင်စီတပ်ကြောင့် ၂၀၂၄ ခုနှစ်၊ ဇန်နဝါရီ တစ်လတည်းမှာတင် နိုင်ငံတဝန်းသေဆုံးသူ ၇၀ နီးပါးမှာ တဝက်နီးပါးဟာ  အမျိုးသမီးနဲ့ ကလေးတွေလို့ AAPP စာရင်းတွေက ဖော်ပြပါတယ်။
တရားခံမဲ့ လေကြောင်းပစ်ခတ်မှု - ‌ ‌ကြွေလွင့်သွားတဲ့ကျောင်းသားအသက်တွေ,"Tue, 06 Feb 2024 13:14:47 GMT",https://www.bbc.com/burmese/articles/c101eq5yzv2o,https://www.bbc.com/burmese/articles/c101eq5yzv2o,ကျောင်းသားတွေရဲ့ စာအော်ဆိုသံတွေနဲ့ လှုပ်ရှားအသက်ဝင်နေခဲ့တဲ့ ဒီးမော့ဆိုက စာသင်ကျောင်းတွေဟာ မိနစ်ပိုင်းအတွင်း လေယာဉ်နီးကပ်လာသံ၊ ဗုံးကြဲချလိုက်လို့ ပေါက်ကွဲသံ၊ စက်သေနတ်သံတွေနဲ့ အစားထိုးခံလိုက်ရပြီး စာသင်ခန်းဟာ ကလေးငယ်လေးဦးရဲ့ နောက်ဆုံးခိုနားရာနေရာအဖြစ် အသက်မဲ့သွားခဲ့ပါတယ်။
ယူကရိန်းနွယ်ဖွား ဂျပန်နိုင်ငံသူ အလှသရဖူ စွန့်လွှတ်- ဖေဖော်ဝါရီ ၆ ရက် နိုင်ငံတကာသတင်းများ,"Tue, 06 Feb 2024 15:44:26 GMT",https://www.bbc.com/burmese/articles/c6px633erx0o,https://www.bbc.com/burmese/articles/c6px633erx0o,ဖေဖော်ဝါရီ ၆ ရက် နိုင်ငံတကာသတင်းများ
ဖေဖော်ဝါရီ ၆ ရက်ထိပ်တန်းသတင်းများ - စစ်ကောင်စီက ဘင်္ဂလား‌ဒေ့ရှ်ဘက်ထွက်ပြေးသွားတဲ့ တပ်ဖွဲ့ဝင်တွေကို ပြန်ခေါ်ဖို့ကြိုးစား,"Tue, 06 Feb 2024 10:42:05 GMT",https://www.bbc.com/burmese/articles/c9w4deyyy9do,https://www.bbc.com/burmese/articles/c9w4deyyy9do,မြန်မာ-ဘင်္ဂလား‌ဒေ့ရှ်နယ်စပ်က တိုက်ပွဲတွေကြောင့် ဘင်္ဂလား‌ဒေ့ရှ်နိုင်ငံ ကော့ဘဇားဒေသထဲ ထွက်ပြေးခိုလှုံလာတဲ့ စစ်ကောင်စီတပ်ရဲ့ နယ်ခြားစောင့်တပ်ဖွဲ့ဝင်တွေကို စစ်ကောင်စီဘက်က ပြန်လည်ခေါ်ယူဖို့ ကြိုးစားနေတယ်လို့ ဘင်္ဂလားဒေ့ရှ် နိုင်ငံခြားရေးရေးဝန်ကြီး ဒေါက်တာဟာဆန်မာမွတ်က ပြောပါတယ်။
ထိုင်းက ဖမ်းဝရမ်းထုတ်တဲ့ သူဌေးကျွန်းပိုင်ရှင် ဦးကျော်လွင်,"Tue, 06 Feb 2024 03:04:56 GMT",https://www.bbc.com/burmese/articles/cv2we9v3q3do,https://www.bbc.com/burmese/articles/cv2we9v3q3do,လောင်စာဆီတင်သွင်းဖြန့်ဖြူးရေးလုပ်ငန်း၊ ရေခဲစက်လုပ်ငန်းတွေသာမက ဟိုတယ်ခရီးသွားလုပ်ငန်းတွေနဲ့ပါ ထင်ပေါ်ကျော်ကြားတဲ့ ဦးကျော်လွင် ဟာ အသက် ၆၀ ကျော်အရွယ် လုပ်ငန်းရှင်တစ်ဦးဖြစ်ပြီး အလှူအတန်းလည်းရက်ရောတဲ့သူလို့ ရနောင်းရောက်မြန်မာတွေဆီက သိရပါတယ်။
‘‘ရက္ခိတအိပ်မက်ဆိုတာရှိပေမဲ့ … လူမျိုးပေါင်းစုံ လွတ်မြောက်ရေး၊ တန်းတူမျှတရေး...ငြိမ်းချမ်းဖို့ လိုတယ်’’ - AA စစ်ဦးစီးချုပ်,"Wed, 07 Feb 2024 04:11:52 GMT",https://www.bbc.com/burmese/articles/cd1wj7vqw50o,https://www.bbc.com/burmese/articles/cd1wj7vqw50o,ရက္ခိုင့်တပ်တော်(အေအေ) စစ်ဦးစီးချုပ်ကိုယ်တိုင်ပြောပြလာတဲ့ စစ်သည်အင်အား၊ စစ်ကောင်စီရဲ့ လက်ရှိအခြေအနေကို သုံးသပ်ချက်၊ တရုတ်နိုင်ငံနဲ့ ပတ်သက်တဲ့သဘောထား ... စတာတွေကို ဖတ်ရှုနိုင်ပါတယ်။
ဂျပန်မြောက်ပိုင်း ရေခဲပြင်ကြား ပိတ်မိနေတဲ့ ဝေလငါးအုပ် လွတ်မြောက် - ဖေဖော်ဝါရီ ၇  ရက် နိုင်ငံတကာသတင်းများ,"Wed, 07 Feb 2024 14:45:45 GMT",https://www.bbc.com/burmese/articles/cq57zw7047no,https://www.bbc.com/burmese/articles/cq57zw7047no,ဖေဖော်ဝါရီ ၇  ရက် နိုင်ငံတကာသတင်းများ
“သမီးကို လာခေါ်ပေးပါ” - ပါလက်စတိုင်းကလေးငယ်ရဲ့ ကံကြမ္မာ,"Wed, 07 Feb 2024 10:22:29 GMT",https://www.bbc.com/burmese/articles/cv2xnnnkzdno,https://www.bbc.com/burmese/articles/cv2xnnnkzdno,အစ္စရေးတင့်ကားတွေနဲ့ ရင်ဆိုင်တွေ့ခဲ့တဲ့ ကားထဲက မိသားစု၊ ခြောက်နှစ်သမီးလေးပဲ အသက်ရှင်ကျန်ရစ်ပြီး သူ့ဆီလည်း ဘယ်သူမှ သွားမကယ်နိုင်ဖြစ်နေခဲ့ပါတယ်။ တစ်ပတ်ကျော်ကြာတဲ့အထိ သူ ဘာဖြစ်သွားသလဲ မသိရသေးပါဘူး။
ဖေဖော်ဝါရီ ၇ ရက်ထိပ်တန်းသတင်းများ - ဇရပ်ကြီးမြို့က စစ်တပ်ခြေလျင်တပ်ရင်းတိုက်ခိုက်ခံရ,"Wed, 07 Feb 2024 09:47:51 GMT",https://www.bbc.com/burmese/articles/czd73zyq0k4o,https://www.bbc.com/burmese/articles/czd73zyq0k4o,ရခိုင်ပြည်နယ်၊ မင်းပြားမြို့နယ်ထဲက စစ်ကောင်စီတပ်ရဲ့ အမှတ် ၃၇၉ နဲ့ ၅၄၁ ခြေမြန်တပ်ရင်း(ခမရ)တွေကို ရက္ခိုင့်တပ်တော်(အေအေ) သိမ်းလိုက်လိုက်ပြီလို့ အေအေပါဝင်တဲ့ မြောက်ပိုင်းညီနောင် မဟာမိတ် ၃ ဖွဲ့က သတင်းထုတ်ပြန်ပါတယ်။
ဖေဖော်ဝါရီ ၆ ရက်ထိပ်တန်းသတင်းများ - ဘင်္ဂလား‌ဒေ့ရှ်ကို ထွက်ပြေးတဲ့တပ်ဖွဲ့ဝင်တွေကို ပြန်ခေါ်ဖို့ စစ်ကောင်စီကြိုးပမ်း,"Tue, 06 Feb 2024 10:42:05 GMT",https://www.bbc.com/burmese/articles/c9w4deyyy9do,https://www.bbc.com/burmese/articles/c9w4deyyy9do,မြန်မာ-ဘင်္ဂလား‌ဒေ့ရှ်နယ်စပ်က တိုက်ပွဲတွေကြောင့် ဘင်္ဂလား‌ဒေ့ရှ်နိုင်ငံ ကော့ဘဇားဒေသထဲ ထွက်ပြေးခိုလှုံလာတဲ့ စစ်ကောင်စီတပ်ရဲ့ နယ်ခြားစောင့်တပ်ဖွဲ့ဝင်တွေကို စစ်ကောင်စီဘက်က ပြန်လည်ခေါ်ယူဖို့ ကြိုးစားနေတယ်လို့ ဘင်္ဂလားဒေ့ရှ် နိုင်ငံခြားရေးရေးဝန်ကြီး ဒေါက်တာဟာဆန်မာမွတ်က ပြောပါတယ်။
‘‘ရိုဟင်ဂျာ၊ ဘင်္ဂါလီ၊ ... ဘယ်လိုပဲခေါ်ခေါ်  ရခိုင်ပြည်သားတစ်ယောက်ဆိုရင် နိုင်ငံသားအခွင့်အရေးက ရရမှာပဲ’’ – AA စစ်ဦးစီးချုပ်,"Thu, 08 Feb 2024 11:49:58 GMT",https://www.bbc.com/burmese/articles/crg9rz77j95o,https://www.bbc.com/burmese/articles/crg9rz77j95o,‘‘ရိုဟင်ဂျာ၊ ဘင်္ဂါလီ၊ စစ်တကောင်းနယ်သား... ဘယ်လိုပဲခေါ်ခေါ်  ရခိုင်ဒေသကို ရောက်လာတဲ့ ရခိုင်ပြည်သားတစ်ယောက်ဆိုရင် နိုင်ငံသားအခွင့်အရေးက ရရမှာပဲ’’ – AA စစ်ဦးစီးချုပ်
DIOR လက်ကိုင်အိတ် လက်ဆောင် လက်ခံလို့ တောင်ကိုရီးယား သမ္မတကတော် ဝေဖန်ခံရ - ဖေဖော်ဝါရီ ၈  ရက် နိုင်ငံတကာသတင်းများ,"Thu, 08 Feb 2024 15:09:56 GMT",https://www.bbc.com/burmese/articles/c80nrw4pv1qo,https://www.bbc.com/burmese/articles/c80nrw4pv1qo,ဖေဖော်ဝါရီ ၈  ရက် နိုင်ငံတကာသတင်းများ
ဖေဖော်ဝါရီ ၈ ရက် ထိပ်တန်းသတင်းများ - ကယား (ကရင်နီ) ၊ ရှားတောမှာ ကလေး ၃ ဦးအပါ အရပ်သား ၇ ဦး အသတ်ခံရ,"Thu, 08 Feb 2024 13:24:29 GMT",https://www.bbc.com/burmese/articles/cy0mrrn9znko,https://www.bbc.com/burmese/articles/cy0mrrn9znko,အမျိုးသားညီညွတ်ရေးအစိုးရ NUG ထိန်းချုပ်ထားတဲ့ စစ်ကိုင်းတိုင်း၊ ကောလင်းမြို့ကို ပြန်ရဖို့ စစ်ကောင်စီတပ်အင်အားရာနဲ့ချီ ထိုးစစ်ဆင်နေပြီး ကန့်ဘလူ၊ ကိုးတောင်ဘို့ကျေးရွာ အုပ်စုအနီးမှာတင် စစ်ကြောင်းသုံးကြောင်းနဲ့ တိုက်ခိုက်နေတယ်လို့ မြေပြင်မှာရှိနေသူတွေက ပြောပါတယ်။
ထိုင်းက ဖမ်းဝရမ်းထုတ်တဲ့ သူဌေးကျွန်းပိုင်ရှင် ဦးကျော်လွင်,"Thu, 08 Feb 2024 03:16:03 GMT",https://www.bbc.com/burmese/articles/cv2we9v3q3do,https://www.bbc.com/burmese/articles/cv2we9v3q3do,လောင်စာဆီတင်သွင်းဖြန့်ဖြူးရေးလုပ်ငန်း၊ ရေခဲစက်လုပ်ငန်းတွေသာမက ဟိုတယ်ခရီးသွားလုပ်ငန်းတွေနဲ့ပါ ထင်ပေါ်ကျော်ကြားတဲ့ ဦးကျော်လွင် ဟာ အသက် ၆၀ ကျော်အရွယ် လုပ်ငန်းရှင်တစ်ဦးဖြစ်ပြီး အလှူအတန်းလည်းရက်ရောတဲ့သူလို့ ရနောင်းရောက်မြန်မာတွေဆီက သိရပါတယ်။
''အမေက အကောင်းပကတိမွေးပေးခဲ့တယ်၊ မြေမြှုပ်မိုင်းက ခြေထောက်တွေဖြတ်ယူသွားတယ်'',"Fri, 09 Feb 2024 10:21:36 GMT",https://www.bbc.com/burmese/articles/c8vn70j6pq6o,https://www.bbc.com/burmese/articles/c8vn70j6pq6o,မိုင်းတွေဟာ လူတွေမမြင်နိုင်တဲ့ မြေအောက်မှာရှိနေတဲ့အပြင် သက်တမ်းကုန်ဆုံးရက်မရှိတာကြောင့် ဘယ်အချိန်မှာ ဘယ်သူက မိုင်းနင်းမိပြီး အသက်သေဆုံးမလဲ၊ ကိုယ်လက်အင်္ဂါဆုံးရှုံးမလဲဆိုတာကို အချိန်တိုင်းလိုလို စိတ်ပူနေကြရပါတယ်။
အကြိတ်အနယ်ဖြစ်နေတဲ့ ပါကစ္စတန်ရွေးကောက်ပွဲရလဒ်- ဖေဖော်ဝါရီ ၉  ရက် နိုင်ငံတကာသတင်းများ,"Fri, 09 Feb 2024 14:55:02 GMT",https://www.bbc.com/burmese/articles/crg5lx88mp2o,https://www.bbc.com/burmese/articles/crg5lx88mp2o,ဖေဖော်ဝါရီ ၉  ရက် နိုင်ငံတကာသတင်းများ
ပရာဘိုဝို ဆူဘီယံတို - သွေးစွန်း အတိတ်နဲ့ ပွေ့ဖက်ချင်စရာ ဘိုးဘိုး,"Fri, 09 Feb 2024 03:06:20 GMT",https://www.bbc.com/burmese/articles/c9w470vnkwlo,https://www.bbc.com/burmese/articles/c9w470vnkwlo,ပရာဘိုဝို ဆူဘီယံတိုရဲ့ နာမည်ကြားတာနဲ့တင် အင်ဒိုနီးရှားနိုင်ငံသားတွေ ကျောချမ်းခဲ့ကြတဲ့ အချိန်တစ်ခုရှိခဲ့ဖူးပါတယ်။ ဒါပေမဲ့ အခုအချိန်မှာတော့ လူငယ်မဲဆန္ဒရှင်တွေဟာ ကာကွယ်ရေးဝန်ကြီးရဲ့ အသွင်ပြောင်းမှုကို နှစ်ခြိုက်နေကြပါပြီ။
ဖေဖော်ဝါရီ ၉ ရက် ထိပ်တန်းသတင်းများ - စစ်အာဏာသိမ်း သုံးနှစ်အတွင်း အစုလိုက်အပြုံလိုက် အသတ်ခံရမှုပေါင်း ၈၃ ခုရှိတယ်လို့ NLD ထုတ်ပြန်,"Fri, 09 Feb 2024 09:18:24 GMT",https://www.bbc.com/burmese/articles/cy6evxegjgzo,https://www.bbc.com/burmese/articles/cy6evxegjgzo,ပြီးခဲ့တဲ့ အောက်တိုဘာလဆန်းကနေ ဖေဖော်ဝါရီ ၈ အထိ ပြုစုထားတဲ့စာရင်းအရ တရုတ်နိုင်ငံသားကအများဆုံးဖြစ်ပြီး ၄၈၈၀၃ ဦးအထိ ရှိနေတာပါ။
ဂန္ဓာလရာဇ်သို့ ပိုးလမ်းမကြီး- မြန်မာသိတဲ့ စိန့်တိုင်း တရုတ်ပြည်,"Fri, 09 Feb 2024 23:50:59 GMT",https://www.bbc.com/burmese/articles/cqed5p1jqr6o,https://www.bbc.com/burmese/articles/cqed5p1jqr6o,မြန်မာပြည်ရဲ့ ပတ်ပတ်လည် ၅ နိုင်ငံထဲက ၄ နိုင်ငံကို အိန္ဒိယ၊ ဘင်္ဂလားဒေ့ရှ်၊ ထိုင်းနဲ့ လာအိုဆိုပြီး နဂိုအမည်နဲ့ ခေါ်ဝေါ်သုံးစွဲပေမယ့် တရုတ်ပြည်ကိုတော့ ချိုင်းနားလို့ မသုံးဘဲ တရုတ်ဆိုတဲ့ နာမည်နဲ့ပဲ မြန်မာက ခေါ်ပါတယ်။
ဖေဖော်ဝါရီ ၁၀ ရက် ထိပ်တန်းသတင်းများ - လေးလအတွင်း လေကြောင်းတိုက်ခိုက်မှုပေါင်း အကြိမ် ၇၅၀ ရှိခဲ့တယ်လို့ သုတေသနအဖွဲ့ထုတ်ပြန်,"Sat, 10 Feb 2024 09:48:47 GMT",https://www.bbc.com/burmese/articles/c3g0j7yr5l7o,https://www.bbc.com/burmese/articles/c3g0j7yr5l7o,အဲဒီလက်နက်တပ်ဆင်ပွဲကို တိုင်းမှူးဟောင်းဖြစ်တဲ့ အမှတ်(၂)အထူးစစ်ဆင်ရေးအဖွဲ့မှူး ဗိုလ်ချုပ် နိုင်နိုင်ဦး ကိုယ်တိုင် တက်ရောက်ပေးအပ်ခဲ့တာဖြစ်ပါတယ်။
အင်ဒိုနီးရှား ရွေးကောက်ပွဲ - ရိုဟင်ဂျာဒုက္ခသည်တွေကို အမုန်းပွားစေတဲ့ ကောလာဟလတွေ,"Sat, 10 Feb 2024 06:08:46 GMT",https://www.bbc.com/burmese/articles/cd1vzg5np7ro,https://www.bbc.com/burmese/articles/cd1vzg5np7ro,၂၀၂၃ အတွင်း လူမှုကွန်ရက်ပေါ်က သတင်းမှားဖြစ်စဉ် ၁၈၉ ခုမှာ ရိုဟင်ဂျာတွေကို တိုက်ခိုက်မှု ဖြစ်စေတဲ့ ဖြစ်စဉ်က ၁၀ ခု ပါဝင်တယ်လို့ အင်ဒိုနီးရှားအစိုးရက ဖော်ပြပါတယ်။
ပါကစ္စတန်ရွေးကောက်ပွဲ နောက်ဆုံးမဲရလဒ် ထုတ်ပြန်-ဖေဖော်ဝါရီလ ၁၁ ရက်ညပိုင်းသတင်းများ,"Sun, 11 Feb 2024 14:29:10 GMT",https://www.bbc.com/burmese/articles/cq57qze94p2o,https://www.bbc.com/burmese/articles/cq57qze94p2o,ပါကစ္စတန် ပါလီမန်ရွေးကောက်ပွဲမှာ သီးခြားလွတ်လပ်တဲ့ အမတ်လောင်း ၁၀၁ ဦး အမတ်နေရာရခဲ့တယ်လို့ ရွေးကောက်ပွဲကော်မရှင်က ထုတ်ပြန်လိုက်ပါတယ်။
စစ်ကောင်စီအသက်သွင်းတဲ့ ပြည်သူ့စစ်မှုထမ်းဥပဒေ လူထုဘယ်လိုအကျပ်ဆိုက်မလဲ,"Sun, 11 Feb 2024 13:35:30 GMT",https://www.bbc.com/burmese/articles/ckkv9676vego,https://www.bbc.com/burmese/articles/ckkv9676vego,၂၀၂၃ နှစ်ကုန်ပိုင်းမှာစတင်ခဲ့တဲ့ ၁၀၂၇ စစ်ဆင်ရေးနောက်ဆက်တွဲ တပ်စခန်းတွေဆုံးရှုံးပြီး စစ်ကောင်စီတပ်သားအများအပြား ထိခိုက်သေဆုံးခဲ့တာဟာ အခုလို ဥပဒေပြဋ္ဌာန်းပြီး လူအင်အားဖြည့်တင်းရတဲ့ အဓိကအကြောင်းအရင်းလို့ နိုင်ငံရေးအကဲခတ်တွေက ပြောကြပါတယ်။
ဖေဖော်ဝါရီ ၁၁ ရက် ထိပ်တန်းသတင်းများ-ကိုးကန့်ဒေသ အောင်ပွဲကို မြောက်ပိုင်းမဟာမိတ်တပ် ခေါင်းဆောင်တွေ တက်ရောက်,"Sun, 11 Feb 2024 10:08:22 GMT",https://www.bbc.com/burmese/articles/c88n534ygjno,https://www.bbc.com/burmese/articles/c88n534ygjno,ကိုးကန့်တပ် (MNDAA) က ဦးဆောင်ကျင်းပတဲ့ ကိုးကန့်ဒေသတစ်ခုလုံး စစ်အာဏာရှင်စနစ်မှ အလုံးစုံလွတ်မြောက်ရေးအောင်ပွဲ အခမ်းအနားကို ညီနောင်မဟာမိတ်အဖွဲ့ဝင်တွေဖြစ်တဲ့ တအာင်းတပ်(TNLA)နဲ့ ရက္ခိုင့်တပ်တော်(AA)တို့ရဲ့ စစ်ဦးစီးချုပ်တွေ တက်ရောက်ခဲ့ကြပါတယ်။
ဂါဇာမှာ အရေးပေါ် ဖုန်းခေါ်ဆို အကူအညီတောင်းခဲ့တဲ့ ပါလက်စတိုင်းကလေးငယ်သေဆုံး,"Sun, 11 Feb 2024 05:47:33 GMT",https://www.bbc.com/burmese/articles/cv2xnnnkzdno,https://www.bbc.com/burmese/articles/cv2xnnnkzdno,အသက် ၆ နှစ်အရွယ်ကလေးငယ် ဟင်း ရာဂျက် ဆီကနေ နောက်ဆုံးကြားခဲ့ရတာဟာ လွန်ခဲ့တဲ့ ၁၂ ရက်တုန်းက ဖြစ်ပြီး သူ့ကိုလာကယ်ဖို့ အရေးပေါ် ကယ်ဆယ်ရေးအဖွဲ့ကို ဖုန်းဆက်ခဲ့ချိန်တုန်းက သူ့ဘေးမှာ လက်နက်ထိမှန်သေဆုံးတဲ့မိသားစုဝင်တွေ အလောင်းအပြည့်နဲ့ပါ။
ဖေဖော်ဝါရီ ၁၀ ရက် ထိပ်တန်းသတင်းများ - ၄ လအတွင်း လေကြောင်းတိုက်ခိုက်မှု အကြိမ် ၇၅၀ ရှိခဲ့,"Sat, 10 Feb 2024 09:48:47 GMT",https://www.bbc.com/burmese/articles/c3g0j7yr5l7o,https://www.bbc.com/burmese/articles/c3g0j7yr5l7o,အဲဒီလက်နက်တပ်ဆင်ပွဲကို တိုင်းမှူးဟောင်းဖြစ်တဲ့ အမှတ်(၂)အထူးစစ်ဆင်ရေးအဖွဲ့မှူး ဗိုလ်ချုပ် နိုင်နိုင်ဦး ကိုယ်တိုင် တက်ရောက်ပေးအပ်ခဲ့တာဖြစ်ပါတယ်။
‘‘အမေက အကောင်းပကတိမွေးပေးခဲ့တယ်၊ မြေမြှုပ်မိုင်းက ခြေထောက်တွေဖြတ်ယူသွားတယ်’’,"Fri, 09 Feb 2024 10:21:36 GMT",https://www.bbc.com/burmese/articles/c8vn70j6pq6o,https://www.bbc.com/burmese/articles/c8vn70j6pq6o,မိုင်းတွေဟာ လူတွေမမြင်နိုင်တဲ့ မြေအောက်မှာရှိနေတဲ့အပြင် သက်တမ်းကုန်ဆုံးရက်မရှိတာကြောင့် ဘယ်အချိန်မှာ ဘယ်သူက မိုင်းနင်းမိပြီး အသက်သေဆုံးမလဲ၊ ကိုယ်လက်အင်္ဂါဆုံးရှုံးမလဲဆိုတာကို အချိန်တိုင်းလိုလို စိတ်ပူနေကြရပါတယ်။
“ကောလင်းကို PDF နဲ့ ပကဖ တွေက ထိန်းချုပ်ထားဆဲပါ” - အမှတ် (၁) စစ်ဒေသအဖွဲ့ဝင် ကိုသြဇာ,"Mon, 12 Feb 2024 13:49:59 GMT",https://www.bbc.com/burmese/articles/cw4qvyjqy5po,https://www.bbc.com/burmese/articles/cw4qvyjqy5po,စစ်ကောင်စီရဲ့ စစ်ရေးအုပ်ချုပ်ရေးရပ်တန့်ပြီး အမျိုးသားညီညွတ်ရေးအစိုးရ(NUG) က ပထမဆုံး အုပ်ချုပ်ရေးဖော်ဆောင်တဲ့ စစ်ကိုင်းတိုင်း၊ ကောလင်းမြို့ကို ပြန်လည်ထိန်းချုပ်နိုင်ပြီလို့ စစ်ကောင်စီ ဘက်က ပြောဆိုမှု ဘယ်လောက်အထိမှန်ကန်လဲ၊ ကောလင်းမှာဘာတွေဖြစ်နေလဲ၊ အမှတ် ၁ စစ်ဒေသမှာ ဘယ်နေရာတွေ ပါဝင်ပါသလဲ ... စတာတွေကို အမှတ် ၁ စစ်ဒေသ ကွပ်ကဲ‌ရေးအဖွဲ့ဝင်လည်းဖြစ်၊ စစ်ကိုင်းတိုင်း ပြည်သူ့ကာကွယ်ရေးတပ်ဖွဲ့ တာဝန်ခံလည်းဖြစ်တဲ့ ကိုသြဇာကို ဘီဘီစီက ဆက်သွယ် မေးမြန်းထားပါတယ်။
ဖေဖော်ဝါရီ ၁၂ ရက် ထိပ်တန်းသတင်းများ - ‌ထိုင်းနဲ့ အမေရိကန်နိုင်ငံခြားရေးဝန်ကြီးတွေ မြန်မာ့အရေးဆွေးနွေးကြဖို့ရှိ,"Mon, 12 Feb 2024 10:11:14 GMT",https://www.bbc.com/burmese/articles/c25d8y2g840o,https://www.bbc.com/burmese/articles/c25d8y2g840o,အမေရိကန်ပြည်ထောင်စုကို အလုပ်သဘောခရီးစဥ်ရောက်နေတဲ့ ထိုင်းနိုင်ငံခြားရေးဝန်ကြီးဟာ အမေရိကန် နိုင်ငံခြားရေးဝန်ကြီးနဲ့တွေ့ဆုံပြီး မြန်မာ့အရေးကို ဆွေးနွေးဖို့ ရှိတယ်လို့ သိရပါတယ်။
ဓားစာခံတွေ ကယ်ထုတ်ဖို့ စစ်ရေးသာရှိလို့  အစ္စရေးဆို- ဖေဖော်ဝါရီ ၁၂ရက် နိုင်ငံတကာသတင်းများ ,"Mon, 12 Feb 2024 13:00:29 GMT",https://www.bbc.com/burmese/articles/c97vn7v0pj4o,https://www.bbc.com/burmese/articles/c97vn7v0pj4o,ဖေဖော်ဝါရီ ၁၂ရက် နိုင်ငံတကာသတင်းများ
စစ်ခေါင်းဆောင်ရဲ့ စစ်ဘက်လက်ထောက်,"Tue, 13 Feb 2024 11:51:08 GMT",https://www.bbc.com/burmese/articles/cxw7gpvlr8jo,https://www.bbc.com/burmese/articles/cxw7gpvlr8jo,စစ်ခေါင်းဆောင်ဟာ အရပ်ဘက်ရော စစ်ဘက်မှာပါ ရာထူးခန့်ထားရေးကိစ္စတွေမှာ စစ်ဘက်လက်ထောက်ရဲ့  အကြံဥာဏ်ကို ရယူနေတယ်ဆိုတာ ဗိုလ်ချုပ်မိုးမြင့်ဆွေ နဲ့ နီးစပ်သူတွေ ထိပ်ပိုင်းနေရာတွေ ရလာတာကိုကြည့်ရင် သိနိုင်တယ်လို့ စစ်ရုံးက သတင်းအရင်းအမြစ်တွေက ပြောပါတယ်။
ဒေါ်လာဘီလျံချီ ထောက်ပံ့ရေး ဥပဒေကြမ်း အမေရိကန်ဆီးနိတ်လွှတ်တော် အတည်ပြု - ဖေဖော်ဝါရီလ ၁၃ ရက် နိုင်ငံတကာသတင်းများ,"Tue, 13 Feb 2024 15:27:36 GMT",https://www.bbc.com/burmese/articles/cedqegl4yx4o,https://www.bbc.com/burmese/articles/cedqegl4yx4o,ယူကရိန်းကို အမေရိကန်အစိုးရက ဒေါ်လာဘီလျံနဲ့ချီ ထောက်ပံ့မယ့် ဥပဒေကြမ်းတစ်ခုကို အမေရိကန် ဆီးနိတ်လွှတ်တော်က အတည်ပြုလိုက်ပါတယ်။
‘သူတို့နဲ့မျက်လုံးချင်းဆုံအောင် မကြည့်နဲ့’ - အယ်လ် ဆာဗေးဒိုး လျှို့ဝှက်ထောင်ကြီးက အကျဥ်းသားတွေနဲ့တွေ့ဆုံခြင်း,"Tue, 13 Feb 2024 09:11:54 GMT",https://www.bbc.com/burmese/articles/c51692gpkedo,https://www.bbc.com/burmese/articles/c51692gpkedo,အယ်လ် ဆာဗေးဒိုး သမ္မတရဲ့ အငြင်းပွားဖွယ် ရာဇဝတ်မှုနှိမ်နင်းရေးစစ်ပွဲမှာ ထိန်းသိမ်းခံရတဲ့ဂိုဏ်းအဖွဲ့ဝင် ထောင်ချီကို ထိန်းသိမ်းထားတဲ့လုံခြုံရေးမြှင့် လျှို့ဝှက်ထောင်ကြီး စီကော့ထဲကို ဘီဘီစီသတင်းထောက် လယ်ရာ ဗန်းတက်စ် ကြုံတောင့်ကြုံခဲ ဝင်ရောက်ခွင့်ရခဲ့ပါတယ်။
‘‘လက်နက်တပ်ဆင်ပေးမှုမှာ ပိုစနစ်ကျအောင် ပြည်သူ့စစ်မှုထမ်းဥပဒေကို ဆောင်ရွက်တာဖြစ်ပါတယ်’’ - စစ်ကောင်စီပြောခွင့်ရ ဗိုလ်ချုပ်ဇော်မင်းထွန်း ,"Wed, 14 Feb 2024 11:11:07 GMT",https://www.bbc.com/burmese/articles/c2j5z802mero,https://www.bbc.com/burmese/articles/c2j5z802mero,ပြည်သူ့စစ်မှုထမ်းဥပဒေကို စစ်ကောင်စီက ဘယ်တော့ စတင်အကောင်အထည်ဖော်မှာပါလဲ၊ ဘယ်လိုလူတွေကို ဦးစားပေး ‌ခေါ်ယူမှာလဲ၊ နိုင်ငံကူးလက်မှတ် ထုတ်ပေးတာနဲ့ နိုင်ငံထဲက ထွက်ခွာခွင့်ကို စစ်ကောင်စီက ကန့်သတ်လိုက်ပြီလား ... စတာတွေကို စစ်ကောင်စီပြောခွင့်ရသူ ဗိုလ်ချုပ်ဇော်မင်းထွန်းကို ဘီဘီစီက ဆက်သွယ်မေးမြန်းထားပါတယ်။
ရုရှားစစ်သင်္ဘော ယူကရိန်း တိုက်ခိုက်နှစ်မြှုပ်လိုက်တယ်လို့ပြော- ဖေဖော်ဝါရီ ၁၄ နိုင်ငံတကာသတင်းများ,"Wed, 14 Feb 2024 14:21:30 GMT",https://www.bbc.com/burmese/articles/c3gd3pz2njjo,https://www.bbc.com/burmese/articles/c3gd3pz2njjo,ဖေဖော်ဝါရီ ၁၄ နိုင်ငံတကာသတင်းများ
စုံတွဲတွေ ဘာကြောင့် ပိုပြီး ခွဲအိပ်လာကြသလဲ ,"Wed, 14 Feb 2024 02:16:21 GMT",https://www.bbc.com/burmese/articles/cxemk1vp8p8o,https://www.bbc.com/burmese/articles/cxemk1vp8p8o,ခွဲအိပ်ရင် ကောင်းကောင်းအိပ်ပျော်စေတာက ကောင်းကျိုးဖြစ်ပေမဲ့ ဆိုးကျိုးတွေလည်း ရှိတယ်လို့ ကျွမ်းကျင်သူတွေက ပြောပါတယ်။
လောက်ကိုင်မှာ တရားမဝင်နိုင်ငံခြားသား  သောင်းချီ ဘယ်လို ခိုအောင်းခဲ့ကြသလဲ,"Thu, 15 Feb 2024 10:16:02 GMT",https://www.bbc.com/burmese/articles/c0jv3eyy9y9o,https://www.bbc.com/burmese/articles/c0jv3eyy9y9o,ကျားဖြန့် လို့ ခေါ်တဲ့ အွန်လိုင်းလိမ်လည်မှု လုပ်နေတဲ့ တရုတ်နိုင်ငံသားတွေ မြန်မာနိုင်ငံထဲ တရားမဝင် ဘယ်လိုဝင်ရောက်လာပြီး နှစ်ပေါက်အောင် ခိုအောင်းနေနိုင်ခဲ့သလဲ ဆိုတာကို ဘီဘီစီက စုံစမ်းခဲ့ပါတယ်။
ဘန်ကောက်လေထုညစ်ညမ်းမှုကြောင့် အိမ်ကနေအလုပ်လုပ်ဖို့ အာဏာပိုင်တွေပန်ကြား - ဖေဖော်ဝါရီ ၁၅ရက် နိုင်ငံတကာသတင်းများ,"Thu, 15 Feb 2024 15:26:59 GMT",https://www.bbc.com/burmese/articles/clk81pj8j3ko,https://www.bbc.com/burmese/articles/clk81pj8j3ko,ဖေဖော်ဝါရီ ၁၅ရက် နိုင်ငံတကာသတင်းများ
မြောက်ကိုရီးယားလူငယ်တွေကို လိင်စော်ကားမှုနဲ့ တောင်ကိုရီးယားသင်းအုပ်ဆရာ ထောင်ချခံရ - ဖေဖော်ဝါရီလ ၁၆ ရက် နိုင်ငံတကာသတင်းများ,"Fri, 16 Feb 2024 16:00:27 GMT",https://www.bbc.com/burmese/articles/c2l731yd3npo,https://www.bbc.com/burmese/articles/c2l731yd3npo, ဖေဖော်ဝါရီလ ၁၆ ရက် နိုင်ငံတကာသတင်းများ
ဖေဖော်ဝါရီ ၁၆ ရက် ထိပ်တန်းသတင်းများ- ကောလင်းမှာ တိုက်ပွဲဖြစ်နေပြီး နေအိမ်တချို့ နဲ့ တံတားမီးလောင်,"Fri, 16 Feb 2024 09:43:02 GMT",https://www.bbc.com/burmese/articles/c4ndxm37dero,https://www.bbc.com/burmese/articles/c4ndxm37dero,ချင်းပြည်နယ် နဲ့ ရခိုင်ပြည်နယ် အစပ်က ပလက်ဝ အပါအဝင် ရခိုင်ပြည်နယ်က မြို့ကြီး ၆ မြို့ကို ၃ လ အတွင်း ရက္ခိုင့်တပ်တော် (အေအေ) က ထိန်းချုပ်ထားနိုင်တယ်လို့ ဖေဖော်ဝါရီ ၁၅ ရက်က ထုတ်ပြန်လာပါတယ်။
အလက်ဇီ နဗာလ်နီ - ထောင်ဒဏ်ချမှတ်ခံခဲ့ရပေမဲ့ ရုရှားသမ္မတပူတင်ကို ပေါ်တင်ဝေဖန်ခဲ့သူ,"Sat, 17 Feb 2024 13:12:56 GMT",https://www.bbc.com/burmese/articles/cy6e12zq8ldo,https://www.bbc.com/burmese/articles/cy6e12zq8ldo,ရုရှားနိုင်ငံထဲ အဂတိလိုက်စားမှုတိုက်ဖျက်ရေးဦးဆောင်လှုပ်ရှားသူ အလက်ဇီ နဗာလ်နီဟာ သမ္မတပူတင်ရဲ့ ကလင်မလင်နန်းတော်အတွက် အဓိက အတိုက်အခံ ခြိမ်းခြောက်မှုတစ်ခုဖြစ်ခဲ့ပါတယ်။
ဖေဖော်ဝါရီ ၁၇ ရက်ထိပ်တန်းသတင်းများ - မံစီမြို့၊ စီခမ်းကြီးကျေးရွာမှာ တိုက်ပွဲပြင်းထန်နေ,"Sat, 17 Feb 2024 10:15:53 GMT",https://www.bbc.com/burmese/articles/c28lvvz7r1jo,https://www.bbc.com/burmese/articles/c28lvvz7r1jo,ကချင်ပြည်နယ် မံစီမြို့နဲ့ မိုင် ၅၀ ဝန်းကျင်လောက်ကွာဝေးတဲ့ စီခမ်းကြီးကျေးရွာမှာ စစ်ကောင်စီတပ်နဲ့ ကချင်လွတ်လပ်ရေးတပ်(KIA)နဲ့ ပူးပေါင်းတပ်တွေကြား ဒီနေ့ မနက်အစောပိုင်းကစပြီး တိုက်ပွဲပြင်းထန်နေတယ်လို့ သိရပါတယ်။
ကောလင်းမြို့ လက်လွှတ်လိုက်ရတဲ့ နောက်ခံအကြောင်းတွေ,"Sun, 18 Feb 2024 10:47:25 GMT",https://www.bbc.com/burmese/articles/c51e0kwnqn8o,https://www.bbc.com/burmese/articles/c51e0kwnqn8o,နယ်မြေကျွမ်းကျင်တဲ့ ပြည်သူ့ကာကွယ်ရေးတပ်ဖွဲ့ဝင်တွေက စစ်ကောင်စီတပ်တွေလာနိုင်တဲ့ လမ်းကြောင်းတွေကို သိထားတာကြောင့် ခုခံတိုက်ပွဲတွေမှာ အသာစီးရခဲ့ပေမဲ့ လက်နက်အင်အား မလိုက်နိုင်တာ၊ တပ်ဖွဲ့ဝင်တချို့ ထိခိုက်သေဆုံးတာတွေ၊ အရပ်သားတွေ ထိခိုက်သေဆုံးတာ၊ နေအိမ် အဆောက်အဦတွေ ထိခိုက်ပျက်စီးတာတွေကြောင့် နောက်ဆုတ်လိုက်ရတာလည်း ဖြစ်ပါတယ်။
လက်နက်တွေထပ်လိုနေပြီလို့ ယူကရိန်းသမ္မတပြော,"Sun, 18 Feb 2024 12:38:00 GMT",https://www.bbc.com/burmese/articles/c72grjn8wp2o,https://www.bbc.com/burmese/articles/c72grjn8wp2o,ယူကရိန်းကို လက်နက်ကြီးနဲ့ အဝေးပစ်လက်နက်တွေ ပြတ်လပ်အောင်လုပ်နေတာဟာ ပူတင်ကို စစ်ရေးအရှိန်နဲ့ပတ်သက်လို့ ထင်သလိုလုပ်ခွင့်ပေးနေတာပဲလို့ ဇလန်းစကီးက ပြောပါတယ်။
ဖေဖော်ဝါရီ ၁၈ ရက် ထိပ်တန်းသတင်းများ - ဆီဆိုင်မှာ လက်နက်ကြီးကျလို့ ကလေးငယ်အပါအဝင် ၂ ဦးသေဆုံး,"Sun, 18 Feb 2024 08:58:09 GMT",https://www.bbc.com/burmese/articles/crg9p274plro,https://www.bbc.com/burmese/articles/crg9p274plro,ရှမ်းပြည်နယ်တောင်ပိုင်း၊ ဆီဆိုင်မြို့နယ်၊ ဘန်းယဉ်မြို့ပေါ်မှာရှိတဲ့ စစ်ကောင်စီရဲ့ခြေမြန်တပ်ရင်း ခမရ ၄၂၅ နဲ့ ၄၂၆ တပ်ကနေ ကျေးရွာတွေထဲကို လက်နက်ကြီးတွေနဲ့ပစ်ခတ်တာကြောင့် ၆ လ သားအရွယ် ကလေးငယ်တစ်ဦးနဲ့ ဒေသခံတစ်ဦး သေဆုံးခဲ့တယ်လို့ ပအိုဝ်းအမျိုးသားလွတ်မြောက်ရေးတပ် PNLA က သတင်းထုတ်ပြန်ပါတယ်။
ပတ်စ်ပို့တန်းစီရင်း အသက်ဆုံးတဲ့အထိဖြစ်ကြတာဘာကြောင့်လဲ,"Mon, 19 Feb 2024 14:15:01 GMT",https://www.bbc.com/burmese/articles/ck560j1600eo,https://www.bbc.com/burmese/articles/ck560j1600eo,မန္တလေးမြို့က ပတ်စ်ပို့ရုံးမှာ ဖေဖော်ဝါရီ ၁၉ ရက်က တိုကင်ရဖို့ တန်းစီနေကြသူတွေထဲ လူအုပ်ပိမှုဖြစ်ခဲ့တာကြောင့် အမျိုးသမီး ၂ ဦး သေဆုံးခဲ့ပါတယ်။ ဒီအမျိုးသမီးနှစ်ဦးလူအုပ်ပိတဲ့အထိဖြစ်ပြီးသေဆုံးခဲ့ရမှုဟာ  နိုင်ငံကူးလက်မှတ် ရဖို့ကြိုးစားသူတွေ ဘယ်လောက်တောင်ရှိနေလဲဆိုတာကို ပေါ်လွင်စေခဲ့ပါတယ်။
ပါလက်စတိုင်းကို အစ္စရေး သိမ်းပိုက်မှု အိုင်စီဂျေ မှာ ကြားနာ - ဖေဖော်ဝါရီ ၁၉ နိုင်ငံတကာသတင်းများ,"Mon, 19 Feb 2024 16:08:24 GMT",https://www.bbc.com/burmese/articles/c6pv132vg67o,https://www.bbc.com/burmese/articles/c6pv132vg67o,ဖေဖော်ဝါရီ ၁၉ နိုင်ငံတကာသတင်းများ
ဖေဖော်ဝါရီ ၁၉ ရက် ထိပ်တန်းသတင်းများ - စစ်ကောင်စီရဲ့ စစ်မှုထမ်းဥပဒေကို ဆန့်ကျင်ကန့်ကွက်တယ်လို့ KNU ပြော,"Mon, 19 Feb 2024 10:13:18 GMT",https://www.bbc.com/burmese/articles/cpe0p09nvzyo,https://www.bbc.com/burmese/articles/cpe0p09nvzyo,စစ်ကောင်စီ အသက်သွင်းလိုက်တဲ့ပြည်သူ့စစ်မှုထမ်းဥပဒေကို ဆန့်ကျင်ကန့်ကွက်ပြီး လူငယ်တွေအနေနဲ့လည်း ဆန်းသစ်တဲ့ကိုယ်စွမ်းဉာဏ်စွမ်းတွေကို အသုံးချပြီး စစ်ကောင်စီ လုပ်ဆောင်နေတာတွေကို ဆန့်ကျင်ဖို့  ကရင်အမျိုးသားအစည်းအရုံး(KNU)က ပြောပါတယ်။
ဥရောပ ထွန်စက်တိုက်ပွဲ အိန္ဒိယလယ်သမားတွေဆီ ပျံ့နှံ့လာပြီလား,"Mon, 19 Feb 2024 10:22:55 GMT",https://www.bbc.com/burmese/articles/cpe02pevd89o,https://www.bbc.com/burmese/articles/cpe02pevd89o,ဥရောပမှာ စိုက်ပျိုးမွေးမြူရေးသမားတွေက လမ်းတွေကိုပိတ်၊ ရဲတွေနဲ့ ထိပ်တိုက်တွေ့ပြီး ဆန္ဒပြမှုတွေဟာ အခုဆိုရင် အိန္ဒိယအထိရောက်လာပါတယ်။ ကမ္ဘာမှာ အခုလိုအကြီးအကျယ်ဆန္ဒပြမှုတွေ ဖြစ်ရတဲ့နောက်ကွယ်က အကြောင်းရင်းတွေက ဘာတွေလဲ။
ဖေဖော်ဝါရီ ၁၈ ရက် ထိပ်တန်းသတင်းများ - ဆီဆိုင်မြို့မှာ လက်နက်ကြီးကျလို့ ကလေးငယ်အပါအဝင် ၂ ဦးသေဆုံး,"Sun, 18 Feb 2024 08:58:09 GMT",https://www.bbc.com/burmese/articles/crg9p274plro,https://www.bbc.com/burmese/articles/crg9p274plro,ရှမ်းပြည်နယ်တောင်ပိုင်း၊ ဆီဆိုင်မြို့နယ်၊ ဘန်းယဉ်မြို့ပေါ်မှာရှိတဲ့ စစ်ကောင်စီရဲ့ခြေမြန်တပ်ရင်း ခမရ ၄၂၅ နဲ့ ၄၂၆ တပ်ကနေ ကျေးရွာတွေထဲကို လက်နက်ကြီးတွေနဲ့ပစ်ခတ်တာကြောင့် ၆ လ သားအရွယ် ကလေးငယ်တစ်ဦးနဲ့ ဒေသခံတစ်ဦး သေဆုံးခဲ့တယ်လို့ ပအိုဝ်းအမျိုးသားလွတ်မြောက်ရေးတပ် PNLA က သတင်းထုတ်ပြန်ပါတယ်။
 အစ္စရေးရဲ့ လူမျိုးခွဲခြားမှု တောင်အာဖရိက အိုင်စီဂျေမှာ စွပ်စွဲ- ဖေဖော်ဝါရီ ၂၀ နိုင်ငံတကာသတင်းများ,"Tue, 20 Feb 2024 14:56:49 GMT",https://www.bbc.com/burmese/articles/cek754xe1d2o,https://www.bbc.com/burmese/articles/cek754xe1d2o,ဖေဖော်ဝါရီ ၂၀ နိုင်ငံတကာသတင်းများ
ဖေဖော်ဝါရီ ၂၀ ရက်ထိပ်တန်းသတင်းများ - မံစီမြို့နယ်၊ စီခမ်းကြီးက စစ်တပ်စခန်းကို KIA ပူးပေါင်းတပ်ဖွဲ့တွေ သိမ်း,"Tue, 20 Feb 2024 11:46:40 GMT",https://www.bbc.com/burmese/articles/cjjxg6pwwj7o,https://www.bbc.com/burmese/articles/cjjxg6pwwj7o,"စစ်ကိုင်းတိုင်း၊ တန့်ဆည်မြို့နဲ့ ရေဦးမြို့ကြားက ကျေးရွာတွေကို မနေ့ ဖေဖော်ဝါရီ ၁၉ ရက် မနက်ပိုင်းကစပြီး စစ်ကောင်စီတပ်ဘက်က အင်အားရာနဲ့ချီ စစ်ကြောင်းထိုးဝင်ရောက်နေတာကြောင့် ဒေသခံ ၅,၀၀၀ ထက်မနည်း ထွက်ပြေးတိမ်းရှောင်နေရတယ်လို့ ဒေသခံတွေက ဘီဘီစီကိုပြောပါတယ်။"
ဥရောပ ထွန်စက်တိုက်ပွဲ အိန္ဒိယလယ်သမားတွေဆီ ပျံ့နှံ့လာပြီလား,"Tue, 20 Feb 2024 06:38:07 GMT",https://www.bbc.com/burmese/articles/cpe02pevd89o,https://www.bbc.com/burmese/articles/cpe02pevd89o,ဥရောပမှာ စိုက်ပျိုးမွေးမြူရေးသမားတွေက လမ်းတွေကိုပိတ်၊ ရဲတွေနဲ့ ထိပ်တိုက်တွေ့ပြီး ဆန္ဒပြမှုတွေဟာ အခုဆိုရင် အိန္ဒိယအထိရောက်လာပါတယ်။ ကမ္ဘာမှာ အခုလိုအကြီးအကျယ်ဆန္ဒပြမှုတွေ ဖြစ်ရတဲ့နောက်ကွယ်က အကြောင်းရင်းတွေက ဘာတွေလဲ။
‘‘မိုးမိတ်က မြို့ပျက်ကြီးလိုဖြစ်ပြီး ရပ်ကွက်ထဲ အလောင်းတွေရှိနေသေးတယ်’’,"Wed, 21 Feb 2024 13:05:30 GMT",https://www.bbc.com/burmese/articles/cxerrknmxjpo,https://www.bbc.com/burmese/articles/cxerrknmxjpo,‘‘မြို့ထဲမှာ အပုပ်နံ့တွေ လှိုင်နေတယ်။ အိမ်တွေ၊ ဆိုင်တွေမှာရှိတဲ့ပစ္စည်းတွေ အကုန်အဖောက်ခံရတယ်။ ဘာမှမကျန်တော့ဘူး’’ လို့  ဘီဘီစီက သီးခြားစီဆက်သွယ်ခဲ့တဲ့ မိုးမိတ်မြို့ခံ ၄ ဦးထက်မနည်းက တူညီတဲ့စကားတွေနဲ့ ပြောပါတယ်။
ဗြိတိသျှဒုံးကျည်စမ်းမှု မအောင်မြင်- ဖေဖော်ဝါရီ ၂၁ ရက် နိုင်ငံတကာသတင်းများ,"Wed, 21 Feb 2024 15:10:44 GMT",https://www.bbc.com/burmese/articles/cd1xxjxgv4no,https://www.bbc.com/burmese/articles/cd1xxjxgv4no,ဖေဖော်ဝါရီ ၂၁ ရက် နိုင်ငံတကာသတင်းများ
တစ်ယောက်အသက် တစ်ယောက် ကယ်ခဲ့တဲ့ သူစိမ်းတွေ,"Wed, 21 Feb 2024 15:12:22 GMT",https://www.bbc.com/burmese/articles/cd1xxnl9vrro,https://www.bbc.com/burmese/articles/cd1xxnl9vrro,ရှာဖွေမှု ၂ နှစ်ကြာပြီးတဲ့နောက်မှာ “သွေးချင်းညီအစ်ကို”ဖြစ်လာကြသူ နှစ်ဦး ပထမဦးဆုံးအကြိမ် အချင်းချင်း ရှာတွေ့ခဲ့ပါတယ်။
ဖေဖော်ဝါရီ ၂၁ ရက် ထိပ်တန်းသတင်းများ - စစ်မှုထမ်းဥပဒေကြောင့် တိမ်းရှောင်လာသူတွေကို ကူညီပေးဖို့ ထိုင်းအတိုက်ခံ တိုက်တွန်း,"Wed, 21 Feb 2024 11:01:16 GMT",https://www.bbc.com/burmese/articles/cv2003kwewko,https://www.bbc.com/burmese/articles/cv2003kwewko,မြန်မာနိုင်ငံမှာ စစ်မှုမထမ်းမနေရဥပဒေကြောင့် ထွက်ပြေးတိမ်းရှောင်လာကြတဲ့ မြန်မာနိုင်ငံသားတွေကို ထိုင်းအစိုးရအနေနဲ့ လူသားချင်းစာနာထောက်ထားပြီး ကူညီပေးဖို့ ထိုင်းနိုင်ငံရဲ့ အတိုက်အခံလွှတ်တော်အမတ်ကနဝီဆစ်ဘ်ဆန်ကတိုက်တွန်းလိုက်ပါတယ်။
ဖေဖော်ဝါရီ ၂၂ ရက် ထိပ်တန်းသတင်းများ - မြန်မာက နျူကလီးယားဓာတ်သတ္တုပစ္စည်းတွေကို ရောင်းချဖို့ကြိုးပမ်းမှုနဲ့ ယာကူဇာ ခေါင်းဆောင်ကို အမေရိကန်စွဲချက်တင်,"Thu, 22 Feb 2024 11:03:48 GMT",https://www.bbc.com/burmese/articles/cp6xx15j4r8o,https://www.bbc.com/burmese/articles/cp6xx15j4r8o,မြန်မာနိုင်ငံက တိုင်းရင်းသားလက်နက်ကိုင်အဖွဲ့တစ်ခုဆီကနေရတဲ့ လက်နက်ထုတ်အသုံးပြုနိုင်တဲ့ နျူကလီးယားဓာတ်သတ္တုပစ္စည်းတွေကို ရောင်းချဖို့ကြိုးပမ်းမှုနဲ့ စွပ်စွဲခံထားရတဲ့ ဂျပန်ရာဇ၀တ်ဂိုဏ်း ယာကူဇာ ခေါင်းဆောင်ကို အမေရိကန်တရားရေးဌာနက စွဲချက်တင်လိုက်ပါတယ်။
အနောက်ဘက်ကမ်း ပစ်ခတ်မှု လူသေဆုံး- ဖေဖော်ဝါရီ ၂၂ ရက် နိုင်ငံတကာသတင်းများ,"Thu, 22 Feb 2024 12:31:50 GMT",https://www.bbc.com/burmese/articles/cjmddg9pl1no,https://www.bbc.com/burmese/articles/cjmddg9pl1no,ဖေဖော်ဝါရီ ၂၂ ရက် နိုင်ငံတကာသတင်းများ
ယူကရိန်း စစ်ပွဲ ၂ နှစ်ပြည့် - စစ်ပွဲကြီးရဲ့ အဓိကကျတဲ့ အချက် ၅ ချက်,"Thu, 22 Feb 2024 10:53:43 GMT",https://www.bbc.com/burmese/articles/cl5llwvw0nno,https://www.bbc.com/burmese/articles/cl5llwvw0nno,စစ်ပွဲ ပြီးဆုံးနိုင်တဲ့ အရိပ်လက္ခဏာလည်း မတွေ့ရသေးပါ
ဖေဖော်ဝါရီ ၂၃ ရက် ထိပ်တန်းသတင်းများ - ထိုင်းနိုင်ငံ တာ့ခ်ပြည်နယ်မှာ ဧည့်စာရင်းတိုင်ဖို့ အမိန့်ထုတ်,"Fri, 23 Feb 2024 10:53:00 GMT",https://www.bbc.com/burmese/articles/c28l0gr3velo,https://www.bbc.com/burmese/articles/c28l0gr3velo,စစ်ကောင်စီက လက်လွှတ်လိုက်ရတဲ့မြို့တွေကို တခြားလက်နက်ကိုင်အဖွဲ့အစည်းတွေ အုပ်ချုပ်လို့မရအောင်လုပ်တာကြောင့် မြို့သိမ်းတိုက်ပွဲတွေထက် စစ်ကောင်စီအုပ်ချုပ်နေတဲ့ နေပြည်တော်ကို ထိုးဖောက်ဖို့သာ စဉ်းစားချက်ရှိတယ်လို့ KNU ပြောရေးဆိုခွင့်ရှိသူ ဗဟိုအလုပ်အမှုဆောင် ပဒိုစောတောနီးက ပြောပါတယ်။
အမေရိကန်နဲ့ ဥရောပသမဂ္ဂတို့က ရုရှားအပေါ် ဒဏ်ခတ်ပိတ်ဆို့မှုအသစ်တွေ ချမှတ်- ဖေဖော်ဝါရီ ၂၃ နိုင်ငံတကာသတင်းများ,"Fri, 23 Feb 2024 15:39:12 GMT",https://www.bbc.com/burmese/articles/ckm3v5k31ezo,https://www.bbc.com/burmese/articles/ckm3v5k31ezo,ဖေဖော်ဝါရီ ၂၃ နိုင်ငံတကာသတင်းများ
မျှော်လင့်ချက်ပျက်သုဥ်းနေတဲ့မြန်မာလူငယ်တွေနဲ့တရစ်ရစ်ကျပ်လာတဲ့ထိုင်းဥပဒေ,"Sat, 24 Feb 2024 12:56:06 GMT",https://www.bbc.com/burmese/articles/ce9579899j0o,https://www.bbc.com/burmese/articles/ce9579899j0o,“အမိမြေထက် တခြားနိုင်ငံက ပိုလုံခြုံတယ်လို့ ခံစားနေရတယ်။ တကယ်လို့ အဖမ်းခံရရင်တောင် ထိုင်းမှာအဖမ်းခံရတာက တော်သေးတယ်။ ကိုယ့်နိုင်ငံမှာဆို နှိပ်စက်ခံရမှာ”လို့ မသဇင်မြင့်ရဲ့ စိုးရိမ်စိတ်ထင်ဟပ်နေတဲ့ စကားကို ကြားလိုက်ရပါတယ်။
ယူကရိန်းစစ် ၂ နှစ်ပြည့် နဲ့ ဂါဇာက အခြေအနေ - ဖေဖော်ဝါရီ  ၂၄ ရက်ညခင်း သတင်းများ ,"Sat, 24 Feb 2024 15:04:02 GMT",https://www.bbc.com/burmese/articles/c6pqe22zn5vo,https://www.bbc.com/burmese/articles/c6pqe22zn5vo,အနောက်ကမ္ဘာက ခေါင်းဆောင်တွေက ယူကရိန်းနဲ့ တစ်သားတည်းရှိကြောင်း လာရောက်ပြသကြပေမဲ့ လတ်တလော ရုရှားဘက်က တိုက်ခိုက်မှုတွေကြောင့် ယူကရိန်းအလားအလာဟာ ပြီးခဲ့တဲ့ နှစ်ကနဲ့စာရင် ယုတ်လျော့အားနည်းလာတယ်လို့ သတင်းထောက်တွေက ပြောပါတယ်။
ဖေဖော်ဝါရီ၂၄ ရက်ထိပ်တန်းသတင်းများ -မြန်မာကိုပေးမယ့် လူသားချင်းစာနာအကူအညီတွေ မတ်လမှာစတင်ဖို့ ထိုင်းစီစဥ်,"Sat, 24 Feb 2024 11:36:50 GMT",https://www.bbc.com/burmese/articles/cpr80px8x5eo,https://www.bbc.com/burmese/articles/cpr80px8x5eo,"မြန်မာနိုင်ငံက စစ်ရှောင်ရွှေ့ပြောင်းဒုက္ခသည်တွေအတွက် လူသားချင်းစာနာထောက်ထားတဲ့ အကူအညီတွေကို မတ်လပထမအပတ်က စတင်ပေးနိုင်ဖို့ မျှော်လင့်ထားပြီး ထိုင်းနိုင်ငံ၊
တာ့ခ် ခရိုင်ကနေ စတင်ဆောင်ရွက်သွားမယ်လို့ ထိုင်းနိုင်ငံခြားရေးဝန်ကြီး ပန်ပရီးကပြောကြောင်း ထိုင်း PBS  သတင်းကဖော်ပြပါတယ်။"
Eurovision သီချင်းပြိုင်ပွဲကိစ္စ အချင်းများနေမှုအစ္စရေးသမ္မတ ဝင်ပြော - ဖေဖော်ဝါရီလ ၂၅ ရက်ညပိုင်း သတင်းများ,"Sun, 25 Feb 2024 15:03:22 GMT",https://www.bbc.com/burmese/articles/c28l94z29y9o,https://www.bbc.com/burmese/articles/c28l94z29y9o,Eurovision သီချင်းပြိုင်ပွဲကိစ္စ အချင်းများနေမှုအစ္စရေးသမ္မတ ဝင်ပြော အပါအဝင် ဖေဖော်ဝါရီလ ၂၅ ရက် ညပိုင်းသတင်းများ
ဂျပန်က အဝတ်ဗလာပွဲတော် - နှစ်ပေါင်း တစ်ထောင်ကျော်အတွင်း အမျိုးသမီးတွေ ပထမဆုံးပါဝင်ခွင့်ရ,"Sun, 25 Feb 2024 11:51:28 GMT",https://www.bbc.com/burmese/articles/cldq0kprr94o,https://www.bbc.com/burmese/articles/cldq0kprr94o,အမျိုးသားတွေ နံငယ်ပိုင်းကိုသာ အဝတ်ဖြူနဲ့ ခါးတောင်ကျိုက် ဝတ်ဆင်ဖုံးကွယ်တဲ့ ဂျပန်က အဝတ်ဗလာ ရိုးရာပွဲတော်မှာ နှစ်ပေါင်းတစ်ထောင့်နှစ်ရာကျော်အတွင်း အမျိုးသမီးတွေလည်း ပါဝင်ဆင်နွှဲနိုင်ပြီဖြစ်ပါတယ်။
ဖေဖော်ဝါရီ ၂၅ ရက် ထိပ်တန်းသတင်းများ - မေတ္တာမြို့နဲ့ ဟိန္ဒားရဲစခန်းက စစ်ကောင်စီတပ်ဖွဲ့ဝင်တွေ စခန်းစွန့်ခွာ,"Sun, 25 Feb 2024 09:37:32 GMT",https://www.bbc.com/burmese/articles/ck56kdd820zo,https://www.bbc.com/burmese/articles/ck56kdd820zo,တနင်္သာရီတိုင်း၊ ထားဝယ်ခရိုင်၊ မေတ္တာမြို့နယ်ခွဲ နယ်မြေရဲစခန်းနဲ့ ဟိန္ဒားရဲစခန်းကို ကရင်အမျိုးသားလွတ်မြောက်ရေးတပ်(KNLA)နဲ့ ပြည်သူ့ကာကွယ်ရေး ပူးပေါင်းအဖွဲ့တွေ မတိုက်ခိုက်ခင် စစ်ကောင်စီတပ်ဖွဲ့ဝင်တွေ စခန်းစွန့်ခွာသွားကြတယ်လို့ ဒေသခံတွေဆီကနေ သိရပါတယ်။
မောင်းသူမရှိဘဲ ထွက်သွားတဲ့ အိန္ဒိယ ကုန်တင်ရထား - ဖေဖော်ဝါရီလ ၂၆ ရက် နိုင်ငံတကာသတင်းများ,"Mon, 26 Feb 2024 14:56:26 GMT",https://www.bbc.com/burmese/articles/c72g2zp61eeo,https://www.bbc.com/burmese/articles/c72g2zp61eeo,ဖေဖော်ဝါရီလ ၂၆ ရက် နိုင်ငံတကာသတင်းများ
ကန့်ကွက်မှုတွေကြားက မြန်မာအတွက် ထိုင်းရဲ့ လူသားချင်းစာနာမှုဆိုင်ရာရှေ့ပြေးအစီအစဉ်,"Mon, 26 Feb 2024 11:57:05 GMT",https://www.bbc.com/burmese/articles/c514njpn25jo,https://www.bbc.com/burmese/articles/c514njpn25jo,အစာခြောက်နဲ့ အမိုးအကာတွေကူညီထောက်ပံ့မယ့် “လူသားချင်းစာနာမှုဆိုင်ရာရှေ့ပြေး အစီအစဉ်”အတွက် ထိုင်းကြက်ခြေနီအဖွဲ့က ဖေဖော်ဝါရီလကစလို့ ရက်ပေါင်း ၃၀ အတွင်း ပစ္စည်းတွေစုဆောင်းနေပါတယ်။
ဖေဖော်ဝါရီလ ၂၆ ရက် ထိပ်တန်းသတင်းများ- ကောလင်းမြို့နယ်၊ ကျောက်တန်းရွာကို လေကြောင်းတိုက်ခိုက်,"Mon, 26 Feb 2024 10:59:52 GMT",https://www.bbc.com/burmese/articles/c1v1wvq9ypeo,https://www.bbc.com/burmese/articles/c1v1wvq9ypeo,စစ်ကောင်စီတပ်က ရမ်းဗြဲတိုက်ပွဲအတွက် ပို့လိုက်တဲ့ စစ်ကူ ၁၂၀ ထဲက အင်အား ၆၀ လောက်ကို တိုက်ခိုက်ခဲ့တယ်လို့ ရက္ခိုင့်တပ်တော်(အေအေ)က ဒီနေ့ မနက်အစောပိုင်းမှာ ပြောပါတယ်။
တိုက်ပွဲပြင်းထန်နေတဲ့ ကလေးမြို့နဲ့ ခြုံခိုတိုက်ခိုက်ခံရတဲ့ ဒုစစ်ဦးစီးချုပ်,"Tue, 27 Feb 2024 13:11:12 GMT",https://www.bbc.com/burmese/articles/cn0n08jmjkvo,https://www.bbc.com/burmese/articles/cn0n08jmjkvo,စစ်မျက်နှာပြင်လေးခုမှာ စစ်ကောင်စီရဲ့ လူ၊ လက်နက်သာလွန်အင်အားတွေနဲ့ တိုက်ခိုက်တာကိုကြုံနေရတဲ့ တော်လှန်ရေးအင်အားစုတွေအတွက်တော့ အတက်အကျကြမ်းတဲ့ ဖေဖော်ဝါရီရက်စွဲတွေကိုဖြတ်သန်းနေရပါတယ်။
လူသတ်မှုတွေ ကျူးလွန်ခဲ့တဲ့ မူးယစ်ခေါင်းဆောင်ကို နယ်သာလန်မှာ တစ်သက်တကျွန်းချမှတ် - ဖေဖော်ဝါရီလ ၂၇ ရက်ညပိုင်းသတင်းများ,"Tue, 27 Feb 2024 14:51:47 GMT",https://www.bbc.com/burmese/articles/ckvevexz24zo,https://www.bbc.com/burmese/articles/ckvevexz24zo,လူသတ်မှုတွေ၊ လူသတ်ရန်ကြံစည်ခဲ့မှုတွေ တစ်သီတသန်းကြီး ကျူးလွန်ခဲ့တဲ့ မူးယစ်မှောင်ခိုဂိုဏ်းကြီးရဲ့ ခေါင်းဆောင်ကို ဒတ်ချ်တရားရုံးက ထောင်ဒဏ် တစ်သက်တကျွန်း ချမှတ်လိုက်ပါတယ်။
ဖေဖော်ဝါရီ ၂၇ ရက် ထိပ်တန်းသတင်းများ - ထိုင်းက တန်ဖိုးမြင့်အိမ်ခြံမြေဝယ်ယူမှုအများဆုံးတတိယနေရာမှာ မြန်မာရပ်တည်,"Tue, 27 Feb 2024 11:33:25 GMT",https://www.bbc.com/burmese/articles/c1d1d3vv1zdo,https://www.bbc.com/burmese/articles/c1d1d3vv1zdo,ထိုင်းနိုင်ငံရဲ့ မြို့ကြီးတွေက တန်ဖိုးမြင့်အိမ်ခြံမြေတွေကို ဝယ်ယူမှုအများဆုံးနိုင်ငံတွေရဲ့ စာရင်းမှာ မြန်မာက တတိယနေရာမှာရှိနေတယ်လို့ ထိုင်းအစိုးရအိမ်ရာဘဏ် အိမ်ခြံမြေရောင်းဝယ်ရေး သတင်းအချက်အလက်စင်တာ (REIC) မှာ ဖော်ပြထားပါတယ်။
 ၂၀၂၄ ရက်ထပ်နှစ်နဲ့ ထုံးတမ်းစဥ်လာတွေ,"Wed, 28 Feb 2024 15:47:56 GMT",https://www.bbc.com/burmese/articles/c3g0rnqqvxyo,https://www.bbc.com/burmese/articles/c3g0rnqqvxyo,ရက်ထပ်နှစ်က လေးနှစ်မှာတစ်ကြိမ်ဖြစ်ပေါ်တယ်လို့ လူအများစုက ယုံကြည်ကြပေမယ့် အဲဒါက အမြဲတမ်းအတွက်တော့ မဟုတ်ပါဘူး။
အမေရိကန် တိုင်ချက်ထဲက ယာကူဇာခေါင်းဆောင်နဲ့ မြန်မာအဖွဲ့တွေကြား ပတ်သက်မှု,"Wed, 28 Feb 2024 17:27:59 GMT",https://www.bbc.com/burmese/articles/c16130d212no,https://www.bbc.com/burmese/articles/c16130d212no,အမေရိကန်ရဲ့  တိုင်တန်းချက်ထဲပါတဲ့ မြန်မာကတိုင်းရင်းသားလက်နက်ကိုင်အဖွဲ့တွေကို အမေရိကန်က ဘာဆက်လုပ်နိုင်လဲဆိုတဲ့အပေါ် မေးခွန်းထုတ်နေကြတာလည်း ရှိပါတယ်။
ချာ့ဒ်နိုင်ငံ မြို့တော် နေရာအတော်များများမှာပစ်ခတ်မှုတွေ ဖြစ် - ဖေဖော်ဝါရီလ ၂၈ ရက် နိုင်ငံတကာသတင်းများ,"Wed, 28 Feb 2024 14:57:41 GMT",https://www.bbc.com/burmese/articles/c89n73lnndeo,https://www.bbc.com/burmese/articles/c89n73lnndeo,ချာ့ဒ်နိုင်ငံမှာ လုံခြုံရေးအေဂျင်စီအဖွဲ့ ဌာနချုပ်ရုံးကို အတိုက်အခံပါတီတစ်ခုက တိုက်ခိုက်ခဲ့တယ်လို့ အစိုးရက ပြောခဲ့အပြီး မြို့တော်က နေရာအတော်များများမှာ ပြင်းထန်တဲ့ ပစ်ခတ်မှုတွေ ဖြစ်ပွားနေပါတယ်။
ဖေဖော်ဝါရီ ၂၈ ရက် ထိပ်တန်းသတင်းများ - မိုးကောင်းတံတားဖောက်ခွဲခံရ,"Wed, 28 Feb 2024 08:20:47 GMT",https://www.bbc.com/burmese/articles/crgk7nky3gyo,https://www.bbc.com/burmese/articles/crgk7nky3gyo,မွန်ပြည်နယ်၊ သထုံမြို့အပိုင် ရန်ကုန် - မော်လမြိုင်လမ်းမကြီးပေါ်မှာရှိတဲ့ မိုးကောင်းတံတား‌ ဖောက်ခွဲခံရကာ ပြိုကျပျက်စီးတာကြောင့် ရွာအတွင်းလမ်းပိုင်းကနေ ပြောင်းလဲသွားလာနေရတယ်လို့ မြေပြင်မှာရှိနေသူတွေဆီက သိရပါတယ်။
တိုက်ပွဲပြင်းထန်နေတဲ့ ကလေးမြို့နဲ့ ခြုံခိုတိုက်ခိုက်ခံရတဲ့ ဒုစစ်ဦးစီးချုပ်,"Wed, 28 Feb 2024 03:31:05 GMT",https://www.bbc.com/burmese/articles/cn0n08jmjkvo,https://www.bbc.com/burmese/articles/cn0n08jmjkvo,စစ်မျက်နှာပြင်လေးခုမှာ စစ်ကောင်စီရဲ့ လူ၊ လက်နက်သာလွန်အင်အားတွေနဲ့ တိုက်ခိုက်တာကိုကြုံနေရတဲ့ တော်လှန်ရေးအင်အားစုတွေအတွက်တော့ အတက်အကျကြမ်းတဲ့ ဖေဖော်ဝါရီရက်စွဲတွေကိုဖြတ်သန်းနေရပါတယ်။
‘ဘယ်သူက ကျွန်တော့်ကို ဖေဖေလို့ ခေါ်တော့မှာလဲ’ ဆွေမျိုး ၁၀၃ ယောက်ဆုံးရှုံး လိုက်ရတဲ့ ဂါဇာက ဖခင်ရဲ့ မျက်ရည်တွေ,"Wed, 28 Feb 2024 05:57:31 GMT",https://www.bbc.com/burmese/articles/ceqjqpqd087o,https://www.bbc.com/burmese/articles/ceqjqpqd087o,“ကျွန်တော့်အိပ်မက်က ဂါဇာမှာ ကြေမွပျက်စီးသွားပြီ” လို့ အာမက်ကပြောပါတယ်။ “ဘယ်သူ့အတွက် ကျွန်တော်ပြန်မှာလဲ၊ ဘယ်သူက ကျွန်တော့်ကို ဖေဖေလို့ ခေါ်တော့ မှာလဲ၊ ဘယ်သူက ကျွန်တော့်ကို ချစ်ရတဲ့ ယောက်ျားရေလို့ ခေါ်မှာလဲ၊ ကျွန်တော့် ဇနီးက သူ့ဘဝမှာ ကျွန်တော်က အရာရာပဲလို့ ပြောပြောနေတာ၊ အခု ဘယ်သူက ပြောတော့မှာလဲ။”
အစ္စရေးထိုးစစ်ဆင်မှု စကတည်းက သေဆုံးသူ ပါလက်စတိုင်း ၃ သောင်းကျော်ရှိပြီ - ဖေဖော်ဝါရီလ ၂၉ ရက်ညပိုင်းသတင်းများ,"Thu, 29 Feb 2024 14:56:55 GMT",https://www.bbc.com/burmese/articles/c9x088yyll4o,https://www.bbc.com/burmese/articles/c9x088yyll4o,ဟားမတ်စ်အဖွဲ့အပေါ် အစ္စရေးရဲ့ ထိုးစစ်ဆင်မှုတွေ စတင်ခဲ့ချိန်ကတည်းကစလို့ ဂါဇာဒေသမှာ ပါလက်စတိုင်း လူမျိုး သေဆုံးသူ ၃ သောင်းကျော်ရှိသွားပြီ
ဖေဖော်ဝါရီ ၂၉ ရက် ထိပ်တန်းသတင်းများ - ဖေဖော်ဝါရီလတစ်လအတွင်း ထိုင်းဘက်တရားမဝင်ခိုးဝင်သူ မြန်မာနိုင်ငံသား(၄၀၀)ဝန်းကျင်ဖမ်းဆီးခံရ,"Thu, 29 Feb 2024 10:22:15 GMT",https://www.bbc.com/burmese/articles/cxx526xdlw0o,https://www.bbc.com/burmese/articles/cxx526xdlw0o,ထိုင်း-မြန်မာ နယ်စပ်တွေကနေ တရားမဝင်ဖြတ်ကျော်ဝင်ရောက်လို့ ဖေဖော်ဝါရီလအတွင်း ဖမ်းဆီးခံရသူ ၄၀၀ ဝန်းကျင်ရှိတယ်လို့ ထိုင်း - မြန်မာနယ်စပ်က မြန်မာပြည်သားများအရေးပူးတွဲလှုပ်ရှားမှုကော်မတီ(JACBA)ရဲ့ ဥက္ကဋ္ဌ ဦးမိုးကြိုးကပြောပါတယ်။
မွတ်ဆလင်အများဆုံး နိုင်ငံက စီးပွားရေးအကြီးဆုံး  ၅ နိုင်ငံထဲ ဝင်နိုင်အောင် ကြိုးစားနေ,"Thu, 29 Feb 2024 08:59:32 GMT",https://www.bbc.com/burmese/articles/crg958g7245o,https://www.bbc.com/burmese/articles/crg958g7245o,"အင်ဒိုနီးရှားက ၂၀၄၅ ခုနှစ်ကျရင် ဆင်းရဲသူကင်းမဲ့ပြီး တဦးချင်း တနှစ်ပျှမ်းမျှ ဝင်ငွေ ဒေါ်လာ ၂၅,၀၀၀ ဖြစ်ဖို့ ရည်မှန်းနေ"
အမေရိကန်တိုင်ချက်ထဲက ယာကူဇာခေါင်းဆောင်နဲ့ မြန်မာအဖွဲ့တွေကြားပတ်သက်မှု,"Thu, 29 Feb 2024 06:59:38 GMT",https://www.bbc.com/burmese/articles/c16130d212no,https://www.bbc.com/burmese/articles/c16130d212no,အမေရိကန်ရဲ့  တိုင်တန်းချက်ထဲပါတဲ့ မြန်မာကတိုင်းရင်းသားလက်နက်ကိုင်အဖွဲ့တွေကို အမေရိကန်က ဘာဆက်လုပ်နိုင်လဲဆိုတဲ့အပေါ် မေးခွန်းထုတ်နေကြတာလည်း ရှိပါတယ်။
အစ္စရေးထိုးစစ်ဆင်မှု စကတည်းက သေဆုံးသူ ပါလက်စတိုင်း ၃ သောင်းကျော်ရှိပြီ - ဖေဖော်ဝါရီလ ၂၉ ရက်ညပိုင်းသတင်းများ,"Thu, 29 Feb 2024 14:56:55 GMT",https://www.bbc.com/burmese/articles/c9x088yyll4o#0,https://www.bbc.com/burmese/articles/c9x088yyll4o,ဟားမတ်စ်အဖွဲ့အပေါ် အစ္စရေးရဲ့ ထိုးစစ်ဆင်မှုတွေ စတင်ခဲ့ချိန်ကတည်းကစလို့ ဂါဇာဒေသမှာ ပါလက်စတိုင်း လူမျိုး သေဆုံးသူ ၃ သောင်းကျော်ရှိသွားပြီ
ဖေဖော်ဝါရီ ၂၉ ရက် ထိပ်တန်းသတင်းများ - ဖေဖော်ဝါရီလတစ်လအတွင်း ထိုင်းဘက်တရားမဝင်ခိုးဝင်သူ မြန်မာနိုင်ငံသား(၄၀၀)ဝန်းကျင်ဖမ်းဆီးခံရ,"Thu, 29 Feb 2024 10:22:15 GMT",https://www.bbc.com/burmese/articles/cxx526xdlw0o#0,https://www.bbc.com/burmese/articles/cxx526xdlw0o,ထိုင်း-မြန်မာ နယ်စပ်တွေကနေ တရားမဝင်ဖြတ်ကျော်ဝင်ရောက်လို့ ဖေဖော်ဝါရီလအတွင်း ဖမ်းဆီးခံရသူ ၄၀၀ ဝန်းကျင်ရှိတယ်လို့ ထိုင်း - မြန်မာနယ်စပ်က မြန်မာပြည်သားများအရေးပူးတွဲလှုပ်ရှားမှုကော်မတီ(JACBA)ရဲ့ ဥက္ကဋ္ဌ ဦးမိုးကြိုးကပြောပါတယ်။
မွတ်ဆလင်အများဆုံး နိုင်ငံက စီးပွားရေးအကြီးဆုံး  ၅ နိုင်ငံထဲ ဝင်နိုင်အောင် ကြိုးစားနေ,"Thu, 29 Feb 2024 08:59:32 GMT",https://www.bbc.com/burmese/articles/crg958g7245o#0,https://www.bbc.com/burmese/articles/crg958g7245o,"အင်ဒိုနီးရှားက ၂၀၄၅ ခုနှစ်ကျရင် ဆင်းရဲသူကင်းမဲ့ပြီး တဦးချင်း တနှစ်ပျှမ်းမျှ ဝင်ငွေ ဒေါ်လာ ၂၅,၀၀၀ ဖြစ်ဖို့ ရည်မှန်းနေ"
 ၂၀၂၄ ရက်ထပ်နှစ်နဲ့ ထုံးတမ်းစဥ်လာတွေ,"Wed, 28 Feb 2024 15:47:56 GMT",https://www.bbc.com/burmese/articles/c3g0rnqqvxyo#0,https://www.bbc.com/burmese/articles/c3g0rnqqvxyo,ရက်ထပ်နှစ်က လေးနှစ်မှာတစ်ကြိမ်ဖြစ်ပေါ်တယ်လို့ လူအများစုက ယုံကြည်ကြပေမယ့် အဲဒါက အမြဲတမ်းအတွက်တော့ မဟုတ်ပါဘူး။
အမေရိကန်တိုင်ချက်ထဲက ယာကူဇာခေါင်းဆောင်နဲ့ မြန်မာအဖွဲ့တွေကြားပတ်သက်မှု,"Thu, 29 Feb 2024 06:59:38 GMT",https://www.bbc.com/burmese/articles/c16130d212no#0,https://www.bbc.com/burmese/articles/c16130d212no,အမေရိကန်ရဲ့  တိုင်တန်းချက်ထဲပါတဲ့ မြန်မာကတိုင်းရင်းသားလက်နက်ကိုင်အဖွဲ့တွေကို အမေရိကန်က ဘာဆက်လုပ်နိုင်လဲဆိုတဲ့အပေါ် မေးခွန်းထုတ်နေကြတာလည်း ရှိပါတယ်။
ချာ့ဒ်နိုင်ငံ မြို့တော် နေရာအတော်များများမှာပစ်ခတ်မှုတွေ ဖြစ် - ဖေဖော်ဝါရီလ ၂၈ ရက် နိုင်ငံတကာသတင်းများ,"Wed, 28 Feb 2024 14:57:41 GMT",https://www.bbc.com/burmese/articles/c89n73lnndeo#0,https://www.bbc.com/burmese/articles/c89n73lnndeo,ချာ့ဒ်နိုင်ငံမှာ လုံခြုံရေးအေဂျင်စီအဖွဲ့ ဌာနချုပ်ရုံးကို အတိုက်အခံပါတီတစ်ခုက တိုက်ခိုက်ခဲ့တယ်လို့ အစိုးရက ပြောခဲ့အပြီး မြို့တော်က နေရာအတော်များများမှာ ပြင်းထန်တဲ့ ပစ်ခတ်မှုတွေ ဖြစ်ပွားနေပါတယ်။
ဖေဖော်ဝါရီ ၂၈ ရက် ထိပ်တန်းသတင်းများ - မိုးကောင်းတံတားဖောက်ခွဲခံရ,"Wed, 28 Feb 2024 08:20:47 GMT",https://www.bbc.com/burmese/articles/crgk7nky3gyo#0,https://www.bbc.com/burmese/articles/crgk7nky3gyo,မွန်ပြည်နယ်၊ သထုံမြို့အပိုင် ရန်ကုန် - မော်လမြိုင်လမ်းမကြီးပေါ်မှာရှိတဲ့ မိုးကောင်းတံတား‌ ဖောက်ခွဲခံရကာ ပြိုကျပျက်စီးတာကြောင့် ရွာအတွင်းလမ်းပိုင်းကနေ ပြောင်းလဲသွားလာနေရတယ်လို့ မြေပြင်မှာရှိနေသူတွေဆီက သိရပါတယ်။
တိုက်ပွဲပြင်းထန်နေတဲ့ ကလေးမြို့နဲ့ ခြုံခိုတိုက်ခိုက်ခံရတဲ့ ဒုစစ်ဦးစီးချုပ်,"Wed, 28 Feb 2024 03:31:05 GMT",https://www.bbc.com/burmese/articles/cn0n08jmjkvo#0,https://www.bbc.com/burmese/articles/cn0n08jmjkvo,စစ်မျက်နှာပြင်လေးခုမှာ စစ်ကောင်စီရဲ့ လူ၊ လက်နက်သာလွန်အင်အားတွေနဲ့ တိုက်ခိုက်တာကိုကြုံနေရတဲ့ တော်လှန်ရေးအင်အားစုတွေအတွက်တော့ အတက်အကျကြမ်းတဲ့ ဖေဖော်ဝါရီရက်စွဲတွေကိုဖြတ်သန်းနေရပါတယ်။
‘ဘယ်သူက ကျွန်တော့်ကို ဖေဖေလို့ ခေါ်တော့မှာလဲ’ ဆွေမျိုး ၁၀၃ ယောက်ဆုံးရှုံး လိုက်ရတဲ့ ဂါဇာက ဖခင်ရဲ့ မျက်ရည်တွေ,"Wed, 28 Feb 2024 05:57:31 GMT",https://www.bbc.com/burmese/articles/ceqjqpqd087o#0,https://www.bbc.com/burmese/articles/ceqjqpqd087o,“ကျွန်တော့်အိပ်မက်က ဂါဇာမှာ ကြေမွပျက်စီးသွားပြီ” လို့ အာမက်ကပြောပါတယ်။ “ဘယ်သူ့အတွက် ကျွန်တော်ပြန်မှာလဲ၊ ဘယ်သူက ကျွန်တော့်ကို ဖေဖေလို့ ခေါ်တော့ မှာလဲ၊ ဘယ်သူက ကျွန်တော့်ကို ချစ်ရတဲ့ ယောက်ျားရေလို့ ခေါ်မှာလဲ၊ ကျွန်တော့် ဇနီးက သူ့ဘဝမှာ ကျွန်တော်က အရာရာပဲလို့ ပြောပြောနေတာ၊ အခု ဘယ်သူက ပြောတော့မှာလဲ။”
ကန့်ကွက်မှုတွေကြားက မြန်မာအတွက် ထိုင်းရဲ့ လူသားချင်းစာနာမှုဆိုင်ရာရှေ့ပြေးအစီအစဉ်,"Mon, 26 Feb 2024 11:57:05 GMT",https://www.bbc.com/burmese/articles/c514njpn25jo#0,https://www.bbc.com/burmese/articles/c514njpn25jo,အစာခြောက်နဲ့ အမိုးအကာတွေကူညီထောက်ပံ့မယ့် “လူသားချင်းစာနာမှုဆိုင်ရာရှေ့ပြေး အစီအစဉ်”အတွက် ထိုင်းကြက်ခြေနီအဖွဲ့က ဖေဖော်ဝါရီလကစလို့ ရက်ပေါင်း ၃၀ အတွင်း ပစ္စည်းတွေစုဆောင်းနေပါတယ်။
ဂျပန်က အဝတ်ဗလာပွဲတော် - နှစ်ပေါင်း တစ်ထောင်ကျော်အတွင်း အမျိုးသမီးတွေ ပထမဆုံးပါဝင်ခွင့်ရ,"Sun, 25 Feb 2024 11:51:28 GMT",https://www.bbc.com/burmese/articles/cldq0kprr94o#0,https://www.bbc.com/burmese/articles/cldq0kprr94o,အမျိုးသားတွေ နံငယ်ပိုင်းကိုသာ အဝတ်ဖြူနဲ့ ခါးတောင်ကျိုက် ဝတ်ဆင်ဖုံးကွယ်တဲ့ ဂျပန်က အဝတ်ဗလာ ရိုးရာပွဲတော်မှာ နှစ်ပေါင်းတစ်ထောင့်နှစ်ရာကျော်အတွင်း အမျိုးသမီးတွေလည်း ပါဝင်ဆင်နွှဲနိုင်ပြီဖြစ်ပါတယ်။
မျှော်လင့်ချက်ပျက်သုဥ်းနေတဲ့မြန်မာလူငယ်တွေနဲ့တရစ်ရစ်ကျပ်လာတဲ့ထိုင်းဥပဒေ,"Sat, 24 Feb 2024 12:56:06 GMT",https://www.bbc.com/burmese/articles/ce9579899j0o#1,https://www.bbc.com/burmese/articles/ce9579899j0o,“အမိမြေထက် တခြားနိုင်ငံက ပိုလုံခြုံတယ်လို့ ခံစားနေရတယ်။ တကယ်လို့ အဖမ်းခံရရင်တောင် ထိုင်းမှာအဖမ်းခံရတာက တော်သေးတယ်။ ကိုယ့်နိုင်ငံမှာဆို နှိပ်စက်ခံရမှာ”လို့ မသဇင်မြင့်ရဲ့ စိုးရိမ်စိတ်ထင်ဟပ်နေတဲ့ စကားကို ကြားလိုက်ရပါတယ်။
ယူကရိန်း စစ်ပွဲ ၂ နှစ်ပြည့် - စစ်ပွဲကြီးရဲ့ အဓိကကျတဲ့ အချက် ၅ ချက်,"Thu, 22 Feb 2024 10:53:43 GMT",https://www.bbc.com/burmese/articles/cl5llwvw0nno#1,https://www.bbc.com/burmese/articles/cl5llwvw0nno,စစ်ပွဲ ပြီးဆုံးနိုင်တဲ့ အရိပ်လက္ခဏာလည်း မတွေ့ရသေးပါ
‘‘မိုးမိတ်က မြို့ပျက်ကြီးလိုဖြစ်ပြီး ရပ်ကွက်ထဲ အလောင်းတွေရှိနေသေးတယ်’’,"Wed, 21 Feb 2024 13:05:30 GMT",https://www.bbc.com/burmese/articles/cxerrknmxjpo#1,https://www.bbc.com/burmese/articles/cxerrknmxjpo,‘‘မြို့ထဲမှာ အပုပ်နံ့တွေ လှိုင်နေတယ်။ အိမ်တွေ၊ ဆိုင်တွေမှာရှိတဲ့ပစ္စည်းတွေ အကုန်အဖောက်ခံရတယ်။ ဘာမှမကျန်တော့ဘူး’’ လို့  ဘီဘီစီက သီးခြားစီဆက်သွယ်ခဲ့တဲ့ မိုးမိတ်မြို့ခံ ၄ ဦးထက်မနည်းက တူညီတဲ့စကားတွေနဲ့ ပြောပါတယ်။
တစ်ယောက်အသက် တစ်ယောက် ကယ်ခဲ့တဲ့ သူစိမ်းတွေ,"Wed, 21 Feb 2024 15:12:22 GMT",https://www.bbc.com/burmese/articles/cd1xxnl9vrro#1,https://www.bbc.com/burmese/articles/cd1xxnl9vrro,ရှာဖွေမှု ၂ နှစ်ကြာပြီးတဲ့နောက်မှာ “သွေးချင်းညီအစ်ကို”ဖြစ်လာကြသူ နှစ်ဦး ပထမဦးဆုံးအကြိမ် အချင်းချင်း ရှာတွေ့ခဲ့ပါတယ်။
ပတ်စ်ပို့တန်းစီရင်း အသက်ဆုံးတဲ့အထိဖြစ်ကြတာဘာကြောင့်လဲ,"Mon, 19 Feb 2024 14:15:01 GMT",https://www.bbc.com/burmese/articles/ck560j1600eo#1,https://www.bbc.com/burmese/articles/ck560j1600eo,မန္တလေးမြို့က နိုင်ငံကူးလက်မှတ်ထုတ်ပေးရေးရုံး(ပတ်စ်ပို့ရုံး)မှာ ဖေဖော်ဝါရီ ၁၉ ရက်က တိုကင်ရဖို့ တန်းစီနေကြသူတွေထဲ လူအုပ်ပိမှုဖြစ်ခဲ့တာကြောင့် အမျိုးသမီး ၂ ဦး သေဆုံးခဲ့ပြီး ၁ ဦးကတော့ ခြေထောက်ကျိုး ဒဏ်ရာရခဲ့ပါတယ်။ ဒီအမျိုးသမီးနှစ်ဦး လူအုပ်ပိသေဆုံးခဲ့ရမှုဟာ  နိုင်ငံကူးလက်မှတ် ရဖို့ကြိုးစားသူတွေ ဘယ်လောက်တောင်ရှိနေလဲဆိုတာကို ပေါ်လွင်စေခဲ့ပါတယ်။
ကောလင်းမြို့ လက်လွှတ်လိုက်ရတဲ့ နောက်ခံအကြောင်းတွေ,"Sun, 18 Feb 2024 10:47:25 GMT",https://www.bbc.com/burmese/articles/c51e0kwnqn8o#1,https://www.bbc.com/burmese/articles/c51e0kwnqn8o,နယ်မြေကျွမ်းကျင်တဲ့ ပြည်သူ့ကာကွယ်ရေးတပ်ဖွဲ့ဝင်တွေက စစ်ကောင်စီတပ်တွေလာနိုင်တဲ့ လမ်းကြောင်းတွေကို သိထားတာကြောင့် ခုခံတိုက်ပွဲတွေမှာ အသာစီးရခဲ့ပေမဲ့ လက်နက်အင်အား မလိုက်နိုင်တာ၊ တပ်ဖွဲ့ဝင်တချို့ ထိခိုက်သေဆုံးတာတွေ၊ အရပ်သားတွေ ထိခိုက်သေဆုံးတာ၊ နေအိမ် အဆောက်အဦတွေ ထိခိုက်ပျက်စီးတာတွေကြောင့် နောက်ဆုတ်လိုက်ရတာလည်း ဖြစ်ပါတယ်။
ဥရောပ ထွန်စက်တိုက်ပွဲ အိန္ဒိယလယ်သမားတွေဆီ ပျံ့နှံ့လာပြီလား,"Tue, 20 Feb 2024 06:38:07 GMT",https://www.bbc.com/burmese/articles/cpe02pevd89o#1,https://www.bbc.com/burmese/articles/cpe02pevd89o,ဥရောပမှာ စိုက်ပျိုးမွေးမြူရေးသမားတွေက လမ်းတွေကိုပိတ်၊ ရဲတွေနဲ့ ထိပ်တိုက်တွေ့ပြီး ဆန္ဒပြမှုတွေဟာ အခုဆိုရင် အိန္ဒိယအထိရောက်လာပါတယ်။ ကမ္ဘာမှာ အခုလိုအကြီးအကျယ်ဆန္ဒပြမှုတွေ ဖြစ်ရတဲ့နောက်ကွယ်က အကြောင်းရင်းတွေက ဘာတွေလဲ။
အလက်ဇီ နဗာလ်နီ - ထောင်ဒဏ်ချမှတ်ခံခဲ့ရပေမဲ့ ရုရှားသမ္မတပူတင်ကို ပေါ်တင်ဝေဖန်ခဲ့သူ,"Sat, 17 Feb 2024 13:12:56 GMT",https://www.bbc.com/burmese/articles/cy6e12zq8ldo#1,https://www.bbc.com/burmese/articles/cy6e12zq8ldo,ရုရှားနိုင်ငံထဲ အဂတိလိုက်စားမှုတိုက်ဖျက်ရေးဦးဆောင်လှုပ်ရှားသူ အလက်ဇီ နဗာလ်နီဟာ သမ္မတပူတင်ရဲ့ ကလင်မလင်နန်းတော်အတွက် အဓိက အတိုက်အခံ ခြိမ်းခြောက်မှုတစ်ခုဖြစ်ခဲ့ပါတယ်။
လောက်ကိုင်မှာ တရားမဝင်နိုင်ငံခြားသား  သောင်းချီ ဘယ်လို ခိုအောင်းခဲ့ကြသလဲ,"Thu, 15 Feb 2024 10:16:02 GMT",https://www.bbc.com/burmese/articles/c0jv3eyy9y9o#3,https://www.bbc.com/burmese/articles/c0jv3eyy9y9o,ကျားဖြန့် လို့ ခေါ်တဲ့ အွန်လိုင်းလိမ်လည်မှု လုပ်နေတဲ့ တရုတ်နိုင်ငံသားတွေ မြန်မာနိုင်ငံထဲ တရားမဝင် ဘယ်လိုဝင်ရောက်လာပြီး နှစ်ပေါက်အောင် ခိုအောင်းနေနိုင်ခဲ့သလဲ ဆိုတာကို ဘီဘီစီက စုံစမ်းခဲ့ပါတယ်။
‘‘လက်နက်တပ်ဆင်ပေးမှုမှာ ပိုစနစ်ကျအောင် ပြည်သူ့စစ်မှုထမ်းဥပဒေကို ဆောင်ရွက်တာဖြစ်ပါတယ်’’ - စစ်ကောင်စီပြောခွင့်ရ ဗိုလ်ချုပ်ဇော်မင်းထွန်း ,"Wed, 14 Feb 2024 11:11:07 GMT",https://www.bbc.com/burmese/articles/c2j5z802mero#3,https://www.bbc.com/burmese/articles/c2j5z802mero,ပြည်သူ့စစ်မှုထမ်းဥပဒေကို စစ်ကောင်စီက ဘယ်တော့ စတင်အကောင်အထည်ဖော်မှာပါလဲ၊ ဘယ်လိုလူတွေကို ဦးစားပေး ‌ခေါ်ယူမှာလဲ၊ နိုင်ငံကူးလက်မှတ် ထုတ်ပေးတာနဲ့ နိုင်ငံထဲက ထွက်ခွာခွင့်ကို စစ်ကောင်စီက ကန့်သတ်လိုက်ပြီလား ... စတာတွေကို စစ်ကောင်စီပြောခွင့်ရသူ ဗိုလ်ချုပ်ဇော်မင်းထွန်းကို ဘီဘီစီက ဆက်သွယ်မေးမြန်းထားပါတယ်။
စုံတွဲတွေ ဘာကြောင့် ပိုပြီး ခွဲအိပ်လာကြသလဲ ,"Wed, 14 Feb 2024 02:16:21 GMT",https://www.bbc.com/burmese/articles/cxemk1vp8p8o#3,https://www.bbc.com/burmese/articles/cxemk1vp8p8o,ခွဲအိပ်ရင် ကောင်းကောင်းအိပ်ပျော်စေတာက ကောင်းကျိုးဖြစ်ပေမဲ့ ဆိုးကျိုးတွေလည်း ရှိတယ်လို့ ကျွမ်းကျင်သူတွေက ပြောပါတယ်။
စစ်ခေါင်းဆောင်ရဲ့ စစ်ဘက်လက်ထောက်,"Tue, 13 Feb 2024 11:51:08 GMT",https://www.bbc.com/burmese/articles/cxw7gpvlr8jo#3,https://www.bbc.com/burmese/articles/cxw7gpvlr8jo,စစ်ခေါင်းဆောင်ဟာ အရပ်ဘက်ရော စစ်ဘက်မှာပါ ရာထူးခန့်ထားရေးကိစ္စတွေမှာ စစ်ဘက်လက်ထောက်ရဲ့  အကြံဥာဏ်ကို ရယူနေတယ်ဆိုတာ ဗိုလ်ချုပ်မိုးမြင့်ဆွေ နဲ့ နီးစပ်သူတွေ ထိပ်ပိုင်းနေရာတွေ ရလာတာကိုကြည့်ရင် သိနိုင်တယ်လို့ စစ်ရုံးက သတင်းအရင်းအမြစ်တွေက ပြောပါတယ်။
ဂန္ဓာလရာဇ်သို့ ပိုးလမ်းမကြီး- မြန်မာသိတဲ့ စိန့်တိုင်း တရုတ်ပြည်,"Fri, 09 Feb 2024 23:50:59 GMT",https://www.bbc.com/burmese/articles/cqed5p1jqr6o#3,https://www.bbc.com/burmese/articles/cqed5p1jqr6o,မြန်မာပြည်ရဲ့ ပတ်ပတ်လည် ၅ နိုင်ငံထဲက ၄ နိုင်ငံကို အိန္ဒိယ၊ ဘင်္ဂလားဒေ့ရှ်၊ ထိုင်းနဲ့ လာအိုဆိုပြီး နဂိုအမည်နဲ့ ခေါ်ဝေါ်သုံးစွဲပေမယ့် တရုတ်ပြည်ကိုတော့ ချိုင်းနားလို့ မသုံးဘဲ တရုတ်ဆိုတဲ့ နာမည်နဲ့ပဲ မြန်မာက ခေါ်ပါတယ်။
ဘီဘီစီ မြန်မာ နေ့စဉ် ရုပ်သံအစီအစဉ်ကို မဇ္စျိမတီဗီ တွင် ကြည့်ရှုနိုင်ပြီ,"Mon, 26 Mar 2018 16:15:48 GMT",https://www.bbc.com/burmese/institutional-43548528#4,https://www.bbc.com/burmese/institutional-43548528,နိုင်ငံတကာ နှင့် ဒေသတွင်းဖြစ်ပျက်နေသည့် နေ့စဉ် အရေးကြီးသတင်းများကို ပရိသတ်ထံသို့ အရောက် သယ်ဆောင်လာပါပြီ။
အရှုံး‌ပေါ် ပန်းဂေါ်ဖီ၊ ခရမ်းချဉ်နဲ့ မြေကြီးပေါ်က အရင်းများ,"Sat, 02 Mar 2024 13:01:43 GMT",https://www.bbc.com/burmese/articles/c51405vdgvko#0,https://www.bbc.com/burmese/articles/c51405vdgvko,“ဒီနှစ်က ပိုးကျလို့ ပျက်တာက တစ်မျိုး၊ မျိုးမအောင်တာရော..ပိုးသတ်ဆေးဝယ်ရတာရောနဲ့ ကိုယ့်ရှိတာအပြင်ဘေးကနေဆွဲထားရသေးတယ်။အသီးအောင်ဖို့ကိုလည်းရေတင်ရတယ်၊ရေတင်ဖို့ဆီသုံးထားရသေးတယ်”လို့ သူရင်းနှီးထားတဲ့ ငွေ ၁၃ သိန်းအတွက် ပြန်ရသလောက်ရောင်းနိုင်ဖို့ မျှော်လင့်နေပါတယ်။
စူပါအင်္ဂါနေ့ (Super Tuesday)နဲ့ ရီပတ်ဘလီကန်တွေရဲ့  ပရိုင်မာရီရွေးကောက်ပွဲဆိုတာ ဘာလဲ,"Sat, 02 Mar 2024 07:47:14 GMT",https://www.bbc.com/burmese/articles/c517ljrxqd2o#0,https://www.bbc.com/burmese/articles/c517ljrxqd2o,လာမယ့် မတ်လ ၅ ရက် စူပါအင်္ဂါနေ့ကျရင် အမေရိကန်နိုင်ငံ ပြည်နယ် ၁၅ ခုမှာ ရီပတ်ဘလီကန် ပါတီကိုယ်စားပြု သမ္မတလောင်း ရွေးပွဲတွေ ကျင်းပကြမှာ ဖြစ်ပါတယ်။
ရခိုင်စစ်ရေးကြောင့် ဧရာဝတီမှာစစ်ကြောင်းပြင်,"Fri, 01 Mar 2024 14:07:07 GMT",https://www.bbc.com/burmese/articles/crg4ley90reo#0,https://www.bbc.com/burmese/articles/crg4ley90reo,'' ရခိုင်ပြည်နယ်တစ်ပြည်နယ်လုံးသာ အေအေကထိန်းချုပ်နိုင်ရင် ဧရာဝတီတိုင်းကသိပ်တိုက်စရာမလိုတော့ဘူး။ ဧရာဝတီကတပ်တွေက တော်တော်ကြီးကိုအင်အားယုတ်လျော့နေတာရှိတယ်၊ ခုခံစစ်လုပ်ထားတာမရှိဘူး '' လို့ စစ်ရေးအခြေအနေကိုသိရှိသူကပြောပါတယ်။
တောင်ကိုရီးယားအမျိုးသမီးတွေ ကလေးမယူကြဖို့ ဆုံးဖြတ်လာကြတဲ့နောက်ကွယ် အကြောင်းရင်းတွေက ဘာတွေလဲ,"Sun, 03 Mar 2024 09:24:21 GMT",https://www.bbc.com/burmese/articles/cqvxdjpwwj1o#0,https://www.bbc.com/burmese/articles/cqvxdjpwwj1o,ကမ္ဘာ့ပေါ်မှာ ကလေးမွေးနှုန်း အနိမ့်ဆုံးဖြစ်လာတဲ့တောင်ကိုရီးယားနိုင်ငံမှာ ဖွံ့ဖြိုးတိုးတက်နေပေမဲ့ အမျိုးသမီးတွေဟာ ကလေးယူကြဖို့ တွန့်ဆုတ်လာနေကြပါတယ်။ ဒီနောက်ကွယ်မှာ ဘယ်လိုအကြောင်းအရာတွေရှိနေမလဲဆိုတာ ဘီဘီစီက လေ့လာထားပါတယ်။
ကန့်ကွက်မှုတွေကြားက မြန်မာအတွက် ထိုင်းရဲ့ လူသားချင်းစာနာမှုဆိုင်ရာရှေ့ပြေးအစီအစဉ်,"Mon, 26 Feb 2024 11:57:05 GMT",https://www.bbc.com/burmese/articles/c514njpn25jo#1,https://www.bbc.com/burmese/articles/c514njpn25jo,အစာခြောက်နဲ့ အမိုးအကာတွေကူညီထောက်ပံ့မယ့် “လူသားချင်းစာနာမှုဆိုင်ရာရှေ့ပြေး အစီအစဉ်”အတွက် ထိုင်းကြက်ခြေနီအဖွဲ့က ဖေဖော်ဝါရီလကစလို့ ရက်ပေါင်း ၃၀ အတွင်း ပစ္စည်းတွေစုဆောင်းနေပါတယ်။
အလက်ဇီ နဗာလ်နီ - ထောင်ဒဏ်ချမှတ်ခံခဲ့ရပေမဲ့ ရုရှားသမ္မတပူတင်ကို ပေါ်တင်ဝေဖန်ခဲ့သူ,"Sat, 17 Feb 2024 13:12:56 GMT",https://www.bbc.com/burmese/articles/cy6e12zq8ldo#3,https://www.bbc.com/burmese/articles/cy6e12zq8ldo,ရုရှားနိုင်ငံထဲ အဂတိလိုက်စားမှုတိုက်ဖျက်ရေးဦးဆောင်လှုပ်ရှားသူ အလက်ဇီ နဗာလ်နီဟာ သမ္မတပူတင်ရဲ့ ကလင်မလင်နန်းတော်အတွက် အဓိက အတိုက်အခံ ခြိမ်းခြောက်မှုတစ်ခုဖြစ်ခဲ့ပါတယ်။
တန့်ဆည်က အရွယ်စုံအမျိုးသား ၁၁ ဦးသတ်ဖြတ်ခံခဲ့ရတဲ့ ၁၁ ရက်တာ ငရဲလမ်း,"Mon, 04 Mar 2024 12:53:30 GMT",https://www.bbc.com/burmese/articles/c7204r5d86xo#0,https://www.bbc.com/burmese/articles/c7204r5d86xo,စစ်ကိုင်းတိုင်း၊ တန့်ဆည်မြို့နယ်၊ ကံထူးမရွာနယ်မြေရဲစခန်းတိုက်ခိုက်ခံရအပြီးမှာ စစ်ကောင်စီတပ် စစ်ကြောင်းကြောင့် အမျိုးသား ၁၁ ဦး ရက်ရက်စက်စက်အသတ်ခံခဲ့ရတဲ့အထိ ပြေးလွှားတိမ်းရှောင်ခဲ့ရတဲ့ ၁၁ ရက်ကာလဟာ သူတို့အတွက် ‘‘ငရဲကျသလိုပဲ’’ လို့ ဒေသခံတွေက ဘီဘီစီကိုပြောပါတယ်။
ဟေတီမြို့တော်မှာ အရေးပေါ်အခြေအနေကြေညာ - မတ်လ ၄ ရက် နိုင်ငံတကာသတင်းများ,"Mon, 04 Mar 2024 16:25:57 GMT",https://www.bbc.com/burmese/articles/cgxdy332303o#0,https://www.bbc.com/burmese/articles/cgxdy332303o,ဟေတီမြို့တော် ပေါ်တို ပရန့်စ်မြို့က အကျဉ်းထောင်ကို လက်နက်ကိုင်တွေက ဝင်ရောက်စီးနင်းခဲ့စဉ် လူ တစ်ဒါဇင်လောက်သေဆုံးခဲ့ပြီး အကျဉ်းသား  ၄၀၀၀ နီးပါး လွတ်မြောက်သွားခဲ့အပြီး ညမထွက်ရအမိန့် ထုတ်ပြန်ထားပါတယ်။
လေးကြိမ်မြောက် ဟိုင်ဂင်ဆွေးနွေးပွဲ - စစ်ကောင်စီနဲ့ ရက္ခိုင့်တပ်တော်ကြား အပစ်ရပ်သလား,"Mon, 04 Mar 2024 14:15:24 GMT",https://www.bbc.com/burmese/articles/c2q766296d3o#0,https://www.bbc.com/burmese/articles/c2q766296d3o,တိုက်ပွဲပြင်းထန်နေတဲ့ရခိုင်ပြည်နယ်အတွင်း စစ်တပ်နဲ့ ရက္ခိုင့်တပ်တော်(အေအေ) တို့ကြား အပစ်ရပ်တာမရှိဘူးလို့  AA ဒုစစ်ဦးစီးချုပ်ကငြင်းဆိုလိုက်ပါတယ်။ စစ်တပ်နဲ့နီးစပ်သူတွေကလည်း MNDAA သိမ်းပိုက်ထားတဲ့ ကိုးကန့်ကို အထူးဒေသ ၁ အဖြစ်လက်ခံပေမဲ့  MNDAA ကိုးကန့်တပ်ကို ဒေသအစိုးရအဖြစ်လက်ခံတာမရှိဘူးလို့ တုံ့ပြန်ပါတယ်။
တောင်ကိုရီးယားအမျိုးသမီးတွေ ကလေးမယူကြဖို့ ဆုံးဖြတ်လာကြတဲ့နောက်ကွယ် အကြောင်းရင်းတွေက ဘာတွေလဲ,"Mon, 04 Mar 2024 16:31:00 GMT",https://www.bbc.com/burmese/articles/cqvxdjpwwj1o#0,https://www.bbc.com/burmese/articles/cqvxdjpwwj1o,ကမ္ဘာ့ပေါ်မှာ ကလေးမွေးနှုန်း အနိမ့်ဆုံးဖြစ်လာတဲ့တောင်ကိုရီးယားနိုင်ငံမှာ ဖွံ့ဖြိုးတိုးတက်နေပေမဲ့ အမျိုးသမီးတွေဟာ ကလေးယူကြဖို့ တွန့်ဆုတ်လာနေကြပါတယ်။ ဒီနောက်ကွယ်မှာ ဘယ်လိုအကြောင်းအရာတွေရှိနေမလဲဆိုတာ ဘီဘီစီက လေ့လာထားပါတယ်။
ဟားမတ်စ်ကို အပြီးသတ်ချေမှုန်းမယ့် အစ္စရေးအစီအစဉ် အောင်မြင်သလား,"Tue, 05 Mar 2024 18:00:55 GMT",https://www.bbc.com/burmese/articles/crgdn22ply8o#0,https://www.bbc.com/burmese/articles/crgdn22ply8o,အရပ်သားတွေအပေါ် စစ်ပွဲအကျိုးသက်ရောက်မှုတွေရှိစေခဲ့တဲ့ အစ္စရေးအနေနဲ့ ပြင်းထန်တဲ့ဝေဖန်မှုတွေရင်ဆိုင်နေရ
စီးပွားရေးကျပ်နေတဲ့ကြားက တရုတ် ကာကွယ်ရေးစရိတ် မြှင့် - မတ်လ ၅ ရက် နိုင်ငံတကာသတင်းများ,"Tue, 05 Mar 2024 14:35:22 GMT",https://www.bbc.com/burmese/articles/c4ndv1vle24o#0,https://www.bbc.com/burmese/articles/c4ndv1vle24o,နိုင်ငံမှာ စီးပွားရေးအကျပ်အတည်း ကြုံနေရတဲ့ကြားက ကာကွယ်ရေး အသုံးစရိတ် ၇ ရာခိုင်နှုန်း တိုးမြှင့်မယ်လို့ တရုတ်အစိုးရက ထုတ်ဖော်ကြေညာလိုက်ပါတယ်။
အမေရိကန်တိုင်ချက်ထဲက ယာကူဇာခေါင်းဆောင်နဲ့ မြန်မာအဖွဲ့တွေကြားပတ်သက်မှု,"Tue, 05 Mar 2024 07:20:59 GMT",https://www.bbc.com/burmese/articles/c16130d212no#1,https://www.bbc.com/burmese/articles/c16130d212no,အမေရိကန်ရဲ့  တိုင်တန်းချက်ထဲပါတဲ့ မြန်မာကတိုင်းရင်းသားလက်နက်ကိုင်အဖွဲ့တွေကို အမေရိကန်က ဘာဆက်လုပ်နိုင်လဲဆိုတဲ့အပေါ် မေးခွန်းထုတ်နေကြတာလည်း ရှိပါတယ်။
 ၂၀၂၄ ရက်ထပ်နှစ်နဲ့ ထုံးတမ်းစဥ်လာတွေ,"Wed, 28 Feb 2024 15:47:56 GMT",https://www.bbc.com/burmese/articles/c3g0rnqqvxyo#1,https://www.bbc.com/burmese/articles/c3g0rnqqvxyo,ရက်ထပ်နှစ်က လေးနှစ်မှာတစ်ကြိမ်ဖြစ်ပေါ်တယ်လို့ လူအများစုက ယုံကြည်ကြပေမယ့် အဲဒါက အမြဲတမ်းအတွက်တော့ မဟုတ်ပါဘူး။
တိုက်ပွဲပြင်းထန်နေတဲ့ ကလေးမြို့နဲ့ ခြုံခိုတိုက်ခိုက်ခံရတဲ့ ဒုစစ်ဦးစီးချုပ်,"Wed, 28 Feb 2024 03:31:05 GMT",https://www.bbc.com/burmese/articles/cn0n08jmjkvo#1,https://www.bbc.com/burmese/articles/cn0n08jmjkvo,စစ်မျက်နှာပြင်လေးခုမှာ စစ်ကောင်စီရဲ့ လူ၊ လက်နက်သာလွန်အင်အားတွေနဲ့ တိုက်ခိုက်တာကိုကြုံနေရတဲ့ တော်လှန်ရေးအင်အားစုတွေအတွက်တော့ အတက်အကျကြမ်းတဲ့ ဖေဖော်ဝါရီရက်စွဲတွေကိုဖြတ်သန်းနေရပါတယ်။
‘ဘယ်သူက ကျွန်တော့်ကို ဖေဖေလို့ ခေါ်တော့မှာလဲ’ ဆွေမျိုး ၁၀၃ ယောက်ဆုံးရှုံး လိုက်ရတဲ့ ဂါဇာက ဖခင်ရဲ့ မျက်ရည်တွေ,"Wed, 28 Feb 2024 05:57:31 GMT",https://www.bbc.com/burmese/articles/ceqjqpqd087o#1,https://www.bbc.com/burmese/articles/ceqjqpqd087o,ဝင်ခိုလှုံတဲ့ အိမ်တအိမ်ထဲမှာ အာမက် အယ်ဂုဖာရီရဲ့ ဇနီး၊ သမီးလေး ၃ ယောက်နဲ့ မိခင်တို့ သေဆုံးခဲ့ရ
ပတ်စ်ပို့တန်းစီရင်း အသက်ဆုံးတဲ့အထိဖြစ်ကြတာဘာကြောင့်လဲ,"Mon, 19 Feb 2024 14:15:01 GMT",https://www.bbc.com/burmese/articles/ck560j1600eo#3,https://www.bbc.com/burmese/articles/ck560j1600eo,မန္တလေးမြို့က နိုင်ငံကူးလက်မှတ်ထုတ်ပေးရေးရုံး(ပတ်စ်ပို့ရုံး)မှာ ဖေဖော်ဝါရီ ၁၉ ရက်က တိုကင်ရဖို့ တန်းစီနေကြသူတွေထဲ လူအုပ်ပိမှုဖြစ်ခဲ့တာကြောင့် အမျိုးသမီး ၂ ဦး သေဆုံးခဲ့ပြီး ၁ ဦးကတော့ ခြေထောက်ကျိုး ဒဏ်ရာရခဲ့ပါတယ်။ ဒီအမျိုးသမီးနှစ်ဦး လူအုပ်ပိသေဆုံးခဲ့ရမှုဟာ  နိုင်ငံကူးလက်မှတ် ရဖို့ကြိုးစားသူတွေ ဘယ်လောက်တောင်ရှိနေလဲဆိုတာကို ပေါ်လွင်စေခဲ့ပါတယ်။
ကောလင်းမြို့ လက်လွှတ်လိုက်ရတဲ့ နောက်ခံအကြောင်းတွေ,"Sun, 18 Feb 2024 10:47:25 GMT",https://www.bbc.com/burmese/articles/c51e0kwnqn8o#3,https://www.bbc.com/burmese/articles/c51e0kwnqn8o,နယ်မြေကျွမ်းကျင်တဲ့ ပြည်သူ့ကာကွယ်ရေးတပ်ဖွဲ့ဝင်တွေက စစ်ကောင်စီတပ်တွေလာနိုင်တဲ့ လမ်းကြောင်းတွေကို သိထားတာကြောင့် ခုခံတိုက်ပွဲတွေမှာ အသာစီးရခဲ့ပေမဲ့ လက်နက်အင်အား မလိုက်နိုင်တာ၊ တပ်ဖွဲ့ဝင်တချို့ ထိခိုက်သေဆုံးတာတွေ၊ အရပ်သားတွေ ထိခိုက်သေဆုံးတာ၊ နေအိမ် အဆောက်အဦတွေ ထိခိုက်ပျက်စီးတာတွေကြောင့် နောက်ဆုတ်လိုက်ရတာလည်း ဖြစ်ပါတယ်။
စစ်မှုထမ်းဥပဒေအတွက် စစ်ကောင်စီဘယ်လို ခြေလှမ်းဆက်နေလဲ,"Wed, 06 Mar 2024 14:31:23 GMT",https://www.bbc.com/burmese/articles/c7235n0yy2ro#0,https://www.bbc.com/burmese/articles/c7235n0yy2ro,'' သင်တန်းဆင်းပြီးသွားပြီးဆိုရင်တော့ တိုက်ခိုက်ရေးတပ်သား ပုံမှန်စစ်သားအဖြစ် ထမ်းဆောင်ရမှာပါ။ အရင်တုန်းကတော့ တပ်သားသစ်တွေကို ရှေ့တန်းစစ်မျက်နှာပြင်ကို မခေါ်ဖို့ နောက်တန်းမှာ လေ့ကျင့်သင်ကြားဖို့ အဲ့လိုမျိုး ညွှန်ကြားချက်တော့ ရှိတယ်။ ဒါပေမယ့် အခု အနေအထားက အရေးပေါ်လိုတာဆိုတော့ ရှေ့တန်းမဟုတ်ရင်တောင် အဓိကျတဲ့စခန်းတွေကို ပို့ဖို့ များတယ်လို့ ‌ပြောလို့ရတယ်'' လို့ စစ်တပ် CDM အရာရှိတစ်ဦးကပြောပါတယ်။
ရွေးကောက်ပွဲနေ့မှာ ပူတင်ကို ဆန္ဒပြကြဖို့ နာဗယ်လ်နီရဲ့ ဇနီး တိုက်တွန်း - မတ်လ ၆ ရက် နိုင်ငံတကာသတင်းများ,"Wed, 06 Mar 2024 14:50:41 GMT",https://www.bbc.com/burmese/articles/cv2y691ejvno#0,https://www.bbc.com/burmese/articles/cv2y691ejvno,မတ်လ ၁၇ ရက် ရွေးကောက်ပွဲနေ့မှာ ရုရှားသမ္မတ ပူတင်ကို ကန့်ကွက်ဆန္ဒပြကြဖို့ ကွယ်လွန်သူ အတိုက်အခံခေါင်းဆောင် နဗာလ်နီရဲ့ ဇနီးသည်က တိုက်တွန်းပြောဆိုလိုက်ပါတယ်။
ထိုင်းမှာ လေထုညစ်ညမ်းမှုကြောင့် လူ ၁၀ သန်းကျော်ဆေးကုသမှုခံယူရ,"Wed, 06 Mar 2024 13:01:34 GMT",https://www.bbc.com/burmese/articles/c25lw7zg0d5o#0,https://www.bbc.com/burmese/articles/c25lw7zg0d5o,ထိုင်းနိုင်ငံတွင်းလေထုညစ်ညမ်းမှုနဲ့ ဆက်စပ်တဲ့ ရောဂါတွေ ဖြစ်ပွားမှုကို အရင်နှစ်တွေနဲ့ နှိုင်းယှဉ်မယ်ဆိုရင် အခုနှစ်  ၂၀၂၄ နှစ်စရဲ့   ရောဂါဖြစ်ပွားမှုအခြေအနေဟာ ပြီးခဲ့တဲ့နှစ်တွေကို ကျော်တက်သွားပါတယ်။
စစ်ကောင်စီတပ်ကို အလံဖြူထောင်ခိုင်းနေတဲ့ကနီတိုက်ပွဲ,"Thu, 07 Mar 2024 13:28:43 GMT",https://www.bbc.com/burmese/articles/czvzdxy880lo#0,https://www.bbc.com/burmese/articles/czvzdxy880lo,စစ်ရှောင်ကြရသူတွေထဲ Non CDM နဲ့ ပျူစောထီးတွေ‌တောင် ပါဝင်နေတယ်လို့ဆိုတဲ့ ချင်းတွင်းမြစ်ကမ်းက ကနီမြို့တိုက်ပွဲမှာ အလံဖြူထောင်ပြီး လက်နက်ချဖို့ စစ်ကောင်စီတပ်ကို ပြည်သူ့ကာကွယ်ရေးတပ်ဖွဲ့ဝင်တွေက တိုက်တွန်းနေပါတယ်။
စစ်တပ်ကိုဖိအားပေးတဲ့ လိုင်ဇာအနီးက KIA ဖော်တဲ့တိုက်ပွဲတွေ,"Thu, 07 Mar 2024 13:27:06 GMT",https://www.bbc.com/burmese/articles/c51dwy12240o#0,https://www.bbc.com/burmese/articles/c51dwy12240o,'' လိုင်ဇာဌာနချုပ်အနီးနဲ့ မြစ်ကြီးနားဗန်းမော်ကားလမ်းတစ်လျှောက် ထိုးစစ်စတင်တာက စစ်ကောင်စီကို စစ်ရေးအရအနားမပေးဘဲ​ဖိအားပေးတဲ့ သဘောနဲ့ လုပ်ဆောင်တာပါ'' လို့ ဗိုလ်မှူးကြီးနော်ဘူက တုံ့ပြန်ပါတယ်။
အမေရိကန်သံတမန်တွေကို နှင်ထုတ်မယ်လို့ ရုရှားခြိမ်းခြောက် - မတ်လ ၇ ရက် နိုင်ငံတကာသတင်းများ,"Thu, 07 Mar 2024 14:40:38 GMT",https://www.bbc.com/burmese/articles/cp4lx582144o#0,https://www.bbc.com/burmese/articles/cp4lx582144o,ပြည်တွင်းရေး ဝင်စွက်နေတယ်ဆိုပြီး အမေရိကန်သံတမန်တွေကို ရုရှားနိုင်ငံထဲကနေ နှင်ထုတ်မယ်လို့ ရုရှားအစိုးရက ခြိမ်းခြောက်ပြောဆိုလိုက်ပါတယ်။
စစ်မှုထမ်းဥပဒေအတွက် စစ်ကောင်စီဘယ်လို ခြေလှမ်းဆက်နေလဲ,"Thu, 07 Mar 2024 02:44:46 GMT",https://www.bbc.com/burmese/articles/c7235n0yy2ro#0,https://www.bbc.com/burmese/articles/c7235n0yy2ro,'' သင်တန်းဆင်းပြီးသွားပြီးဆိုရင်တော့ တိုက်ခိုက်ရေးတပ်သား ပုံမှန်စစ်သားအဖြစ် ထမ်းဆောင်ရမှာပါ။ အရင်တုန်းကတော့ တပ်သားသစ်တွေကို ရှေ့တန်းစစ်မျက်နှာပြင်ကို မခေါ်ဖို့ နောက်တန်းမှာ လေ့ကျင့်သင်ကြားဖို့ အဲ့လိုမျိုး ညွှန်ကြားချက်တော့ ရှိတယ်။ ဒါပေမယ့် အခု အနေအထားက အရေးပေါ်လိုတာဆိုတော့ ရှေ့တန်းမဟုတ်ရင်တောင် အဓိကျတဲ့စခန်းတွေကို ပို့ဖို့ များတယ်လို့ ‌ပြောလို့ရတယ်'' လို့ စစ်တပ် CDM အရာရှိတစ်ဦးကပြောပါတယ်။
တောင်ကိုရီးယားအမျိုးသမီးတွေ ကလေးမယူကြဖို့ ဆုံးဖြတ်လာကြတဲ့နောက်ကွယ် အကြောင်းရင်းတွေက ဘာတွေလဲ,"Mon, 04 Mar 2024 16:31:00 GMT",https://www.bbc.com/burmese/articles/cqvxdjpwwj1o#1,https://www.bbc.com/burmese/articles/cqvxdjpwwj1o,ကမ္ဘာ့ပေါ်မှာ ကလေးမွေးနှုန်း အနိမ့်ဆုံးဖြစ်လာတဲ့တောင်ကိုရီးယားနိုင်ငံမှာ ဖွံ့ဖြိုးတိုးတက်နေပေမဲ့ အမျိုးသမီးတွေဟာ ကလေးယူကြဖို့ တွန့်ဆုတ်လာနေကြပါတယ်။ ဒီနောက်ကွယ်မှာ ဘယ်လိုအကြောင်းအရာတွေရှိနေမလဲဆိုတာ ဘီဘီစီက လေ့လာထားပါတယ်။
အရှုံး‌ပေါ် ပန်းဂေါ်ဖီ၊ ခရမ်းချဉ်နဲ့ မြေကြီးပေါ်က အရင်းများ,"Sat, 02 Mar 2024 13:01:43 GMT",https://www.bbc.com/burmese/articles/c51405vdgvko#1,https://www.bbc.com/burmese/articles/c51405vdgvko,"ဝါးခတွေအတွက် တက်နိုင်သလောက် အရင်းငွေလေးပြန်ရလိုရငြား ခူးဆွတ်နေပါတယ်။
“ဒီနှစ်က ပိုးကျလို့ ပျက်တာက တစ်မျိုး၊ မျိုးမအောင်တာရော၊ ဖြုတ်စားပိုး သီးလုံးဖောက်ပိုးတွေကျလို့ ပိုးသတ်ဆေးဝယ်ရတာရောနဲ့ ကိုယ့်ရှိတာအပြင် ဘေးကနေ ဆွဲထားရသေးတယ်၊ ဒါတွေ အသီးအောင်ဖို့ကိုလည်း ငါးရက်တစ်ခါ ရေတင်ရတယ်၊ ရေတင်ဖို့ကိုလည်း ဆီသုံးထားရသေးတယ်”လို့ သူရင်းနှီးထား ငွေ ၁၃ သိန်းအတွက် ပြန်ရသလောက် ရောင်းနိုင်ဖို့ မျှော်လင့်နေပါတယ်။
"
ယူကရိန်း စစ်ပွဲ ၂ နှစ်ပြည့် - စစ်ပွဲကြီးရဲ့ အဓိကကျတဲ့ အချက် ၅ ချက်,"Thu, 22 Feb 2024 10:53:43 GMT",https://www.bbc.com/burmese/articles/cl5llwvw0nno#3,https://www.bbc.com/burmese/articles/cl5llwvw0nno,စစ်ပွဲ ပြီးဆုံးနိုင်တဲ့ အရိပ်လက္ခဏာလည်း မတွေ့ရသေးပါ
‘‘မိုးမိတ်က မြို့ပျက်ကြီးလိုဖြစ်ပြီး ရပ်ကွက်ထဲ အလောင်းတွေရှိနေသေးတယ်’’,"Wed, 21 Feb 2024 13:05:30 GMT",https://www.bbc.com/burmese/articles/cxerrknmxjpo#3,https://www.bbc.com/burmese/articles/cxerrknmxjpo,‘‘မြို့ထဲမှာ အပုပ်နံ့တွေ လှိုင်နေတယ်။ အိမ်တွေ၊ ဆိုင်တွေမှာရှိတဲ့ပစ္စည်းတွေ အကုန်အဖောက်ခံရတယ်။ ဘာမှမကျန်တော့ဘူး’’ လို့  ဘီဘီစီက သီးခြားစီဆက်သွယ်ခဲ့တဲ့ မိုးမိတ်မြို့ခံ ၄ ဦးထက်မနည်းက တူညီတဲ့စကားတွေနဲ့ ပြောပါတယ်။
ဘူရ်ခါဝတ်ရင်း တာလီဘန်ကိုဆန့်ကျင်သီချင်းဆိုတဲ့ ညီအစ်မ,"Fri, 08 Mar 2024 17:01:25 GMT",https://www.bbc.com/burmese/articles/c517v2ly2lwo#0,https://www.bbc.com/burmese/articles/c517v2ly2lwo,"""တာလီဘန်တွေ အာဏာမသိမ်းခင်က ကျွန်မတို့ ကကဗျာတစ်ပုဒ်တောင် မရေးဖူးဘူး။ ဒီလိုဖြစ်လာအောင် တာလီဘန်တွေကပဲလုပ်ခဲ့တာ။"""
ရွှေ့ပြောင်းဝင်လာသူတွေအရေး စာနာမှု အရင်းခံနဲ့ ချဥ်းကပ်မယ်လို့ သမ္မတဘိုင်ဒင်ပြော - မတ်လ ၈ ရက် ထိပ်တန်းနိုင်ငံတကာသတင်းများ,"Fri, 08 Mar 2024 14:17:16 GMT",https://www.bbc.com/burmese/articles/cndjyk86g9yo#0,https://www.bbc.com/burmese/articles/cndjyk86g9yo,ဘိုင်ဒင်ရဲ့ အခုသမ္မတသက်တမ်း နောက်ဆုံးပေးတဲ့ နိုင်ငံတော် အခြေပြ မိန့်ခွန်းထဲ ထရမ့်ကို ပြင်းပြင်းထန်ထန် ဝေဖန်
ယူကရိန်းစစ်ပွဲ - ရုရှားအတွက် တိုက်ပေးနေရတဲ့ လှည့်ဖျားခံ အိန္ဒိယလူရွယ်တွေ,"Sat, 09 Mar 2024 15:31:50 GMT",https://www.bbc.com/burmese/articles/cljl4zpe6e4o#0,https://www.bbc.com/burmese/articles/cljl4zpe6e4o,လိမ်ညာခေါ်ဆောင်သူတွေက  အသက် ၂၂ နှစ်နဲ့ ၃၁ နှစ်အရွယ် အိန္ဒိယလူရွယ်တွေကို '' ရုရှားစစ်တပ်မှာ စစ်တပ်ထဲအကူသမား'' အနေနဲ့ ခေါ် ခဲ့တာလို့သိရပါတယ်။ မိသားစုဝင်တွေရဲ့ အဆိုအရတော့ '' လေ့ကျင့်ရေး'' ဆိုတဲ့ အကြောင်းပြချက်ခေါင်းစဥ်နဲ့ စစ်မြေပြင်ကို စေလွှတ်ခဲ့တယ်လို့ပြောပါတယ်။
ကရင်နယ်ခြားစောင့်တပ် BGF က KNA အဖြစ်အသွင်ပြောင်းတာဘာကြောင့်လဲ,"Sat, 09 Mar 2024 11:27:59 GMT",https://www.bbc.com/burmese/articles/cqe326g53jdo#0,https://www.bbc.com/burmese/articles/cqe326g53jdo,စစ်တပ်ကပေးတဲ့ လစာနဲ့ အကျိုးအမြတ်တွေကိုလည်း မယူတော့သလို လက်မောင်းတံဆိပ်ကို လည်း Karen National Army ဆိုပြီး ပြောင်းလဲလိုက်ပြီလို့ BGF  တပ်နယ် (၂) ဗျူဟာမှုး စောတင်ဝင်းကပြောပါတယ်။
ဂါဇာကိုသွားမယ့် စာနာမှုသင်္ဘာ ဆိုက်ပရပ်စ်ကနေ ထွက်ခွာဖို့ရှိ- မတ်လ ၉ ရက် နိုင်ငံတကာ ထိပ်တန်းသတင်း,"Sat, 09 Mar 2024 13:00:36 GMT",https://www.bbc.com/burmese/articles/c84jy7xpq01o#0,https://www.bbc.com/burmese/articles/c84jy7xpq01o,ဂါဇာကို စာနာမှု ပစ္စည်းတွေ ပင်လယ်လမ်းကြောင်းကနေ ဝင်နိုင်ရေး လမ်းပွင့်ဖို့ အီးယူ မျှော်လင့်ထား
မတ် ၉ ရက် နိုင်ငံတဝန်းထူးခြားသတင်းများအနှစ်ချုပ်,"Sat, 09 Mar 2024 10:34:47 GMT",https://www.bbc.com/burmese/articles/c9edy9mnv95o#0,https://www.bbc.com/burmese/articles/c9edy9mnv95o,ကေအိုင်အေထိုးစစ်ဆင်နေတဲ့ လိုင်ဇာမြို့အနီး ၁၀ မိုင်အကွာ မြစ်ကြီးနား - ဗန်းမော်ကားလမ်းပိုင်း တိုက်ပွဲမှာ နှစ်ရက်အတွင်း ကာကင်းစခန်းငယ်တွေအပါအဝင် စစ်ကောင်စီတပ်စခန်း ၁၅ ခုထက်မနည်းကို ရရှိထားပြီလို့ ကေအိုင်အေ ပြန်ကြားရေးတာဝန်ခံ ဗိုလ်မှူးကြီးနော်ဘူက ဘီဘီစီကို ပြောပါတယ်။
ဆူမတ်ထြားကျွန်း မြေပြိုမှု သေဆုံးသူ ၁၉ ဦးထက်မနည်းရှိ- မတ်လ ၁၀ ရက်ညပိုင်းသတင်းများ,"Sun, 10 Mar 2024 15:15:56 GMT",https://www.bbc.com/burmese/articles/cj56q3mgjnpo#0,https://www.bbc.com/burmese/articles/cj56q3mgjnpo,အင်ဒိုနီးရှားနိုင်ငံ ဆူမတ်ထြားကျွန်းမှာ မြေပြိုမှုတွေ ဆက်တိုက်ဖြစ်ခဲ့ရာမှာ သေဆုံးသူပေါင်း ၁၉ ဦးထက်မနည်း ရှိသွားပြီ ဖြစ်ပါတယ်။
ကချင်တိုက်ပွဲ - တရုတ်နယ်စပ်အနီး လိုင်ဇာချောင်းဘေးကို ပြေးနေကြရတဲ့စစ်ရှောင်တွေ,"Sun, 10 Mar 2024 11:13:41 GMT",https://www.bbc.com/burmese/articles/c03r1e519jro#0,https://www.bbc.com/burmese/articles/c03r1e519jro,တိုက်ပွဲစဖြစ်တဲ့ မတ်လ ၇ ရက်မနက်ပိုင်းမှာတင် လိုင်ဇာမြို့ထဲလက်နက်ကြီးကျရောက်ပြီး သားအမိနှစ်ဦးနဲ့ လူငယ်အမျိုးသားတစ်ဦး သေဆုံးခဲ့သလို မတ်လ ၈ ရက်နေ့မှာတော့ လူနေရပ်ကွက်တွေပေါ်ကျရောက်ပြီး အိမ်အချို့ထိခိုက်ပျက်စီးခဲ့ကြောင်း ဒေသခံတွေက ပြောပါတယ်။
‘အထိန်းအကွပ်မဲ့’ ခရီးသွားတွေကြောင့် ဂေရှားမယ်တွေရှိရာအရပ်ကို  ဝင်ရောက်ခွင့် ဂျပန် ပိတ်ပင်မယ်,"Sun, 10 Mar 2024 12:03:46 GMT",https://www.bbc.com/burmese/articles/cx9zg18p5npo#0,https://www.bbc.com/burmese/articles/cx9zg18p5npo,ဂျပန်ရှေးဟောင်းမြို့တော် ကျိုတိုမှာ ခရီးသွားတွေဟာ ဂျပန့်ရိုးရာယဥ်ကျေးမှုနဲ့ ခွဲမရတဲ့ ဂေရှားမယ်တွေကို ကိုယ်ထိ လက်‌ရောက်တာမျိုးအထိ ဖြစ်လာတာတွေကြောင့် ဂေရှားမယ်တွေရှိရာအရပ်က နေရာအချို့ကို ခရီးသွားတွေ ဝင်ရောက်ခွင့် တားမြစ်လိုက်ဖို့ ရှိနေပါတယ်။
မတ် ၁၀ ရက် နိုင်ငံတဝန်းထူးခြားသတင်းများအနှစ်ချုပ်,"Sun, 10 Mar 2024 10:30:03 GMT",https://www.bbc.com/burmese/articles/cjq8vk89zwxo#0,https://www.bbc.com/burmese/articles/cjq8vk89zwxo,ရခိုင်ပြည်နယ်မြို့တော် စစ်တွေမှာ လက်နက်ကြီးကျလို့ အရပ်သား သေဆုံးသူ ၇ ဦးအထိ ရှိလာတဲ့သတင်းနဲ့အတူ မတ်လ ၁၀ နိုင်ငံတဝန်း ထူးခြားသတင်းတွေကို စုစည်း တင်ဆက်ပေးသွားမှာဖြစ်ပါတယ်။
လေရူးသုန်သုန်၊ ကွေးမြစ်ပေါ်က တံတား၊ ကျွန်တော့ပျိုချော၊ ဂေ့ါဖားသား၊ နောက်ဆုံးဧကရာဇ်၊ တိုက်တန်းနစ်၊ လက်စွပ်များရဲ့အရှင်နဲ့ ကပ်ပါးပိုး,"Mon, 11 Mar 2024 18:13:12 GMT",https://www.bbc.com/burmese/articles/c720drw2eqko#0,https://www.bbc.com/burmese/articles/c720drw2eqko,နှစ် ၉ဝ ကျော်အတွင်း ဆုရခဲ့တဲ့  အမေရိကန် ဟောလီးဝုဒ်ဇာတ်ကားတွေဟာ မြန်မာအပါအဝင် ကမ္ဘာတလွှားက ရုပ်ရှင်ပရိသတ်တွေကို ခုထိ ဖမ်းစားနိုင်ဆဲ ဖြစ်သလို ကမ္ဘာ့ရုပ်ရှင်လောကနဲ့ နိုင်ငံတကာ ယဉ်ကျေးမှုကိုပါ လွှမ်းမိုးသက်ရောက်နိုင်တာကို တွေ့ရပါတယ်။
စစ်ကောင်စီက လေယာဉ်ဆီတွေ ဘယ်လမ်းကြောင်းကနေ သွင်းနေလဲ,"Mon, 11 Mar 2024 11:47:01 GMT",https://www.bbc.com/burmese/articles/cj56qjg8g54o#0,https://www.bbc.com/burmese/articles/cj56qjg8g54o,မြန်မာစစ်ကောင်စီရဲ့ လေယာဥ်ဆီတင်သွင်းမှုကို နိုင်ငံတကာက အရေးယူပိတ်ဆို့မှုတွေပြုလုပ်ထားပေမဲ့ ၂၀၂၃ ခုနှစ်ဟာ စစ်အာဏာသိမ်းမှု ၃ နှစ်တာကာလအတွင်း စစ်တပ်က လေကြောင်းတိုက်ခိုက်မှု အများဆုံးလုပ်ခဲ့တဲ့နှစ်ဖြစ်ခဲ့ပါတယ်။ စစ်ကောင်စီဟာ ကန့်သတ်ချက်တွေကိုကျော်လွှားပြီး လေယာဥ်လောင်စာဆီတွေကို ဘယ်လိုဆက်လက်ရရှိနေပါသလဲ။ ဘီဘီစီဆောင်းပါးမှာ ဝင်ရောက်ဖတ်ရှုနိုင်ပါတယ်။
မိသားစုဓာတ်ပုံကို ပြင်ဆင်တည်းဖြတ်ခဲ့တယ်လို့ ဝေလမင်းသမီး ထုတ်ပြော - မတ်လ ၁၁ ရက် နိုင်ငံတကာသတင်းများ,"Mon, 11 Mar 2024 14:45:30 GMT",https://www.bbc.com/burmese/articles/cw5z7q0q2g6o#0,https://www.bbc.com/burmese/articles/cw5z7q0q2g6o,ကန်ဆင်တန်နန်းတော်က ထုတ်ပြန်ခဲ့တဲ့ မိသားစုဓာတ်ပုံကို သူပြင်ဆင်တည်းဖြတ်မှုတွေ လုပ်ထားခဲ့တာလို့ ဝေလမင်းသမီး ထုတ်ပြောလိုက်ပါတယ်။
ရိုင်ယန် ဂေါ့စလင်း၊ အဝတ်ဗလာနီးပါး ဂျွန် စီးနား၊ ဇာတ်ပို့ခွေးကလေးနဲ့  ၂၀၂၄ အော်စကာဆုပေးပွဲ,"Mon, 11 Mar 2024 15:24:07 GMT",https://www.bbc.com/burmese/articles/cpr07e43v0eo#0,https://www.bbc.com/burmese/articles/cpr07e43v0eo,အခုနှစ်အော်စကာဆုပေးပွဲကတော့ ကိုယ် တီးနီးပါး အဝတ်ဗလာနဲ့ ဆုကြေညာလွှာဖတ်သူအပါအဝင် မျက်ရည်တွေ၊ ခမ်းနားမှုတွေနဲ့ ၃ နာရီကြာအောင် ကျင်းပခဲ့ပါတယ်။ ဟောလိဝုဒ် ငွေကြယ်ပွင့်တွေရဲ့ အော်စကာညက အကောင်းဆုံးအခိုက်အတန့်တွေထဲက အချို့ကို စုစည်းဖော်ပြလိုက်ပါတယ်။ ဆက်လက်ဖတ်ရှုပါ။
စစ်ကောင်စီတပ်ကို အလံဖြူထောင်ခိုင်းနေတဲ့ကနီတိုက်ပွဲ,"Thu, 07 Mar 2024 13:28:43 GMT",https://www.bbc.com/burmese/articles/czvzdxy880lo#1,https://www.bbc.com/burmese/articles/czvzdxy880lo,စစ်ရှောင်ကြရသူတွေထဲ Non CDM နဲ့ ပျူစောထီးတွေ‌တောင် ပါဝင်နေတယ်လို့ဆိုတဲ့ ချင်းတွင်းမြစ်ကမ်းက ကနီမြို့တိုက်ပွဲမှာ အလံဖြူထောင်ပြီး လက်နက်ချဖို့ စစ်ကောင်စီတပ်ကို ပြည်သူ့ကာကွယ်ရေးတပ်ဖွဲ့ဝင်တွေက တိုက်တွန်းနေပါတယ်။
စစ်မှုထမ်းဥပဒေအတွက် စစ်ကောင်စီဘယ်လို ခြေလှမ်းဆက်နေလဲ,"Thu, 07 Mar 2024 02:44:46 GMT",https://www.bbc.com/burmese/articles/c7235n0yy2ro#1,https://www.bbc.com/burmese/articles/c7235n0yy2ro,'' သင်တန်းဆင်းပြီးသွားပြီးဆိုရင်တော့ တိုက်ခိုက်ရေးတပ်သား ပုံမှန်စစ်သားအဖြစ် ထမ်းဆောင်ရမှာပါ။ အရင်တုန်းကတော့ တပ်သားသစ်တွေကို ရှေ့တန်းစစ်မျက်နှာပြင်ကို မခေါ်ဖို့ နောက်တန်းမှာ လေ့ကျင့်သင်ကြားဖို့ အဲ့လိုမျိုး ညွှန်ကြားချက်တော့ ရှိတယ်။ ဒါပေမယ့် အခု အနေအထားက အရေးပေါ်လိုတာဆိုတော့ ရှေ့တန်းမဟုတ်ရင်တောင် အဓိကျတဲ့စခန်းတွေကို ပို့ဖို့ များတယ်လို့ ‌ပြောလို့ရတယ်'' လို့ စစ်တပ် CDM အရာရှိတစ်ဦးကပြောပါတယ်။
ဟားမတ်စ်ကို အပြီးသတ်ချေမှုန်းမယ့် အစ္စရေးအစီအစဉ် အောင်မြင်သလား,"Tue, 05 Mar 2024 18:00:55 GMT",https://www.bbc.com/burmese/articles/crgdn22ply8o#1,https://www.bbc.com/burmese/articles/crgdn22ply8o,အရပ်သားတွေအပေါ် စစ်ပွဲအကျိုးသက်ရောက်မှုတွေရှိစေခဲ့တဲ့ အစ္စရေးအနေနဲ့ ပြင်းထန်တဲ့ဝေဖန်မှုတွေရင်ဆိုင်နေရ
လေးကြိမ်မြောက် ဟိုင်ဂင်ဆွေးနွေးပွဲ - စစ်ကောင်စီနဲ့ ရက္ခိုင့်တပ်တော်ကြား အပစ်ရပ်သလား,"Mon, 04 Mar 2024 14:15:24 GMT",https://www.bbc.com/burmese/articles/c2q766296d3o#1,https://www.bbc.com/burmese/articles/c2q766296d3o,တိုက်ပွဲပြင်းထန်နေတဲ့ရခိုင်ပြည်နယ်အတွင်း စစ်တပ်နဲ့ ရက္ခိုင့်တပ်တော်(အေအေ) တို့ကြား အပစ်ရပ်တာမရှိဘူးလို့  AA ဒုစစ်ဦးစီးချုပ်ကငြင်းဆိုလိုက်ပါတယ်။ စစ်တပ်နဲ့နီးစပ်သူတွေကလည်း MNDAA သိမ်းပိုက်ထားတဲ့ ကိုးကန့်ကို အထူးဒေသ ၁ အဖြစ်လက်ခံပေမဲ့  MNDAA ကိုးကန့်တပ်ကို ဒေသအစိုးရအဖြစ်လက်ခံတာမရှိဘူးလို့ တုံ့ပြန်ပါတယ်။
တိုက်ပွဲပြင်းထန်နေတဲ့ ကလေးမြို့နဲ့ ခြုံခိုတိုက်ခိုက်ခံရတဲ့ ဒုစစ်ဦးစီးချုပ်,"Wed, 28 Feb 2024 03:31:05 GMT",https://www.bbc.com/burmese/articles/cn0n08jmjkvo#3,https://www.bbc.com/burmese/articles/cn0n08jmjkvo,စစ်မျက်နှာပြင်လေးခုမှာ စစ်ကောင်စီရဲ့ လူ၊ လက်နက်သာလွန်အင်အားတွေနဲ့ တိုက်ခိုက်တာကိုကြုံနေရတဲ့ တော်လှန်ရေးအင်အားစုတွေအတွက်တော့ အတက်အကျကြမ်းတဲ့ ဖေဖော်ဝါရီရက်စွဲတွေကိုဖြတ်သန်းနေရပါတယ်။
‘ဘယ်သူက ကျွန်တော့်ကို ဖေဖေလို့ ခေါ်တော့မှာလဲ’ ဆွေမျိုး ၁၀၃ ယောက်ဆုံးရှုံး လိုက်ရတဲ့ ဂါဇာက ဖခင်ရဲ့ မျက်ရည်တွေ,"Wed, 28 Feb 2024 05:57:31 GMT",https://www.bbc.com/burmese/articles/ceqjqpqd087o#3,https://www.bbc.com/burmese/articles/ceqjqpqd087o,ဝင်ခိုလှုံတဲ့ အိမ်တအိမ်ထဲမှာ အာမက် အယ်ဂုဖာရီရဲ့ ဇနီး၊ သမီးလေး ၃ ယောက်နဲ့ မိခင်တို့ သေဆုံးခဲ့ရ
ကန့်ကွက်မှုတွေကြားက မြန်မာအတွက် ထိုင်းရဲ့ လူသားချင်းစာနာမှုဆိုင်ရာရှေ့ပြေးအစီအစဉ်,"Mon, 26 Feb 2024 11:57:05 GMT",https://www.bbc.com/burmese/articles/c514njpn25jo#3,https://www.bbc.com/burmese/articles/c514njpn25jo,အစာခြောက်နဲ့ အမိုးအကာတွေကူညီထောက်ပံ့မယ့် “လူသားချင်းစာနာမှုဆိုင်ရာရှေ့ပြေး အစီအစဉ်”အတွက် ထိုင်းကြက်ခြေနီအဖွဲ့က ဖေဖော်ဝါရီလကစလို့ ရက်ပေါင်း ၃၀ အတွင်း ပစ္စည်းတွေစုဆောင်းနေပါတယ်။
စစ်တပ်ရဲ့ စစ်ရေးတတ်နိုင်စွမ်းကို လက်တွေ့ လျှော့ချနိုင်ရေး ဝိုင်းဝန်းလုပ်ဆောင်ဖို့ ပါမောက္ခရှောင်တာနယ် တိုက်တွန်း,"Tue, 12 Mar 2024 14:47:45 GMT",https://www.bbc.com/burmese/articles/cd15nx02z92o#0,https://www.bbc.com/burmese/articles/cd15nx02z92o,ဒေါ်အောင်ဆန်းစုကြည်ရဲ့ စီးပွားရေးဆိုင်ရာ အထူးအကြံပေး ပါမောက္ခရှောင်တာနယ်နဲ့ ဘီဘီစီ သီးသန့်မေးမြန်းခန်း
ထိုင်းလူအများစု မဲထည့်ခဲ့တဲ့ Move Forward ပါတီ ဖျက်ဖို့ ရွေးကောက်ပွဲ ကော်မရှင်တောင်းဆို - မတ်လ ၁၂ ရက် နိုင်ငံတကာ သတင်းများ,"Tue, 12 Mar 2024 14:03:54 GMT",https://www.bbc.com/burmese/articles/c14j549pyx4o#0,https://www.bbc.com/burmese/articles/c14j549pyx4o,"ဘုရင်စနစ်ကို မဝေဖန်ရ ဥပဒေကို ပြောင်းလဲလိုတဲ့ Move Forward ပါတီကို ဖျက်သိမ်းသင့်တယ်လို့ ရွေးကော်ကော်မတီပြော
"
ဗာဂနာ ရုရှားကြေးစားအဖွဲ့ အာဖရိကမှာဘယ်လိုပြန်လည်ဖွဲ့စည်းခဲ့လဲ,"Tue, 12 Mar 2024 13:43:02 GMT",https://www.bbc.com/burmese/articles/crg55mzgy0yo#0,https://www.bbc.com/burmese/articles/crg55mzgy0yo,ရုရှားဟာ ‌ဗာဂနာကြေးစားအဖွဲ့ကို ထောက်လှမ်းရေးအဖွဲ့အောက်ကို သွင်းလိုက်ပြီး အာဖရိကမှာ တည်ငြိမ်မှုလျော့အောင် အဲဒီအဖွဲ့ကို အသုံးချနေပါတယ်။
ရွှေကုက္ကိုက ကျားဖြန့်လုပ်သား- အွန်လိုင်းနဲ့ ငွေ ဘယ်လိုလိမ်ခဲ့လဲ,"Tue, 12 Mar 2024 11:51:41 GMT",https://www.bbc.com/burmese/articles/c87n2368v3jo#0,https://www.bbc.com/burmese/articles/c87n2368v3jo,"လွတ်မြောက်နယ်မြေကိုစွန့်ခွာဖို့ လမ်းကြောင်းတွေရှာဖွေရင်း ရွှေကုက္ကိုမှာ အလုပ်လုပ်နေတဲ့  သူ့လိုစစ်တပ်စီဒီအမ် သူငယ်ချင်းတစ်ဦးနဲ့ ဆက်သွယ်မိခဲ့ပါတယ်။ သူငယ်ချင်းက ကျားဖြန့်လိုခေါ်တဲ့ အွန်လိုင်းကနေ လူတွေဆီက ငွေကြေးလိမ်လည်တဲ့အလုပ်ကို လုပ်နေတယ်လို့ ပြောပါတယ်။
ဒီအလုပ်က မကောင်းတဲ့အလုပ်မှန်းသိပေမဲ့ သေမထူး နေမထူးအခြေအနေကြောင့် CDM တပ်ကြပ်  ကိုမိုးညို အဲဒီကိုသွားဖို့ ဆုံးဖြတ်လိုက်ပါတယ်။
"
လေရူးသုန်သုန်၊ ကွေးမြစ်ပေါ်က တံတား၊ ကျွန်တော့်ပျိုချော၊ ဂေ့ါဖားသား၊ နောက်ဆုံးဧကရာဇ်၊ တိုက်တန်းနစ်၊ လက်စွပ်များရဲ့အရှင်နဲ့ ကပ်ပါးပိုး,"Tue, 12 Mar 2024 07:22:24 GMT",https://www.bbc.com/burmese/articles/c720drw2eqko#0,https://www.bbc.com/burmese/articles/c720drw2eqko,နှစ် ၉ဝ ကျော်အတွင်း ဆုရခဲ့တဲ့  အမေရိကန် ဟောလီးဝုဒ်ဇာတ်ကားတွေဟာ မြန်မာအပါအဝင် ကမ္ဘာတလွှားက ရုပ်ရှင်ပရိသတ်တွေကို ခုထိ ဖမ်းစားနိုင်ဆဲ ဖြစ်သလို ကမ္ဘာ့ရုပ်ရှင်လောကနဲ့ နိုင်ငံတကာ ယဉ်ကျေးမှုကိုပါ လွှမ်းမိုးသက်ရောက်နိုင်တာကို တွေ့ရပါတယ်။
အမေရိကန် ရွေးကောက်ပွဲ - ဘိုင်ဒန် နဲ့ ထရမ့် ပြန်တွေ့ကြတော့မယ်,"Wed, 13 Mar 2024 16:59:31 GMT",https://www.bbc.com/burmese/articles/c876e36lykko#0,https://www.bbc.com/burmese/articles/c876e36lykko,ထရမ့်ရော ဘိုင်ဒန်ပါ သမ္မတလောင်းဖြစ်ဖို့ လိုအပ်တဲ့ကိုယ်စားလှယ်အရေအတွက် ရရှိပြီး ဖြစ်တဲ့အတွက် ၂၀၂၄ အမေရိကန်သမ္မတရွေးကောက်ပွဲအတွက် ပြိုင်ဖို့က အခုချိန်ကစပြီး တာလွှတ်လို့ ရပြီလို့ ဆိုနိုင်ပါတယ်။
ဘိုင်ဒင်နဲ့ ထရမ့် နောက်တချီ ထိပ်တိုက်တွေ့မယ့်  အမေရိကန် ရွေးကောက်ပွဲ - မတ် ၁၃ ရက် နိုင်ငံတကာ ထိပ်တန်း သတင်းများ,"Wed, 13 Mar 2024 14:44:26 GMT",https://www.bbc.com/burmese/articles/c517gj9ve7lo#0,https://www.bbc.com/burmese/articles/c517gj9ve7lo,အနှစ် ၇၀ နီးပါးမှာ ပထမဆုံး အကြိမ် အဖြစ် အမေရိကန် သမ္မတရွေးကောက်ပွဲမှာ ယှဉ်ပြိုင်ခဲ့ဖူးသူ နှစ်ယောက် နောက်တချီ ထိပ်တိုက်တွေ့ဖို့ သေချာပြီ
စစ်တပ်ရဲ့ စစ်ရေးတတ်နိုင်စွမ်းကို လက်တွေ့ လျှော့ချနိုင်ရေး ဝိုင်းဝန်းလုပ်ဆောင်ဖို့ ပါမောက္ခရှောင်တာနယ် တိုက်တွန်း,"Wed, 13 Mar 2024 07:07:03 GMT",https://www.bbc.com/burmese/articles/cd15nx02z92o#0,https://www.bbc.com/burmese/articles/cd15nx02z92o,ဒေါ်အောင်ဆန်းစုကြည်ရဲ့ စီးပွားရေးဆိုင်ရာ အထူးအကြံပေး ပါမောက္ခရှောင်တာနယ်နဲ့ ဘီဘီစီ သီးသန့်မေးမြန်းခန်း
ကရင်နယ်ခြားစောင့်တပ် BGF က KNA အဖြစ်အသွင်ပြောင်းတာဘာကြောင့်လဲ,"Sat, 09 Mar 2024 11:27:59 GMT",https://www.bbc.com/burmese/articles/cqe326g53jdo#1,https://www.bbc.com/burmese/articles/cqe326g53jdo,စစ်တပ်ကပေးတဲ့ လစာနဲ့ အကျိုးအမြတ်တွေကိုလည်း မယူတော့သလို လက်မောင်းတံဆိပ်ကို လည်း Karen National Army ဆိုပြီး ပြောင်းလဲလိုက်ပြီလို့ BGF  တပ်နယ် (၂) ဗျူဟာမှုး စောတင်ဝင်းကပြောပါတယ်။
ဘူရ်ခါဝတ်ရင်း တာလီဘန်ကိုဆန့်ကျင်သီချင်းဆိုတဲ့ ညီအစ်မ,"Fri, 08 Mar 2024 17:01:25 GMT",https://www.bbc.com/burmese/articles/c517v2ly2lwo#1,https://www.bbc.com/burmese/articles/c517v2ly2lwo,"""တာလီဘန်တွေ အာဏာမသိမ်းခင်က ကျွန်မတို့ ကကဗျာတစ်ပုဒ်တောင် မရေးဖူးဘူး။ ဒီလိုဖြစ်လာအောင် တာလီဘန်တွေကပဲလုပ်ခဲ့တာ။"""
အမေရိကန်တိုင်ချက်ထဲက ယာကူဇာခေါင်းဆောင်နဲ့ မြန်မာအဖွဲ့တွေကြားပတ်သက်မှု,"Tue, 05 Mar 2024 07:20:59 GMT",https://www.bbc.com/burmese/articles/c16130d212no#3,https://www.bbc.com/burmese/articles/c16130d212no,အမေရိကန်ရဲ့  တိုင်တန်းချက်ထဲပါတဲ့ မြန်မာကတိုင်းရင်းသားလက်နက်ကိုင်အဖွဲ့တွေကို အမေရိကန်က ဘာဆက်လုပ်နိုင်လဲဆိုတဲ့အပေါ် မေးခွန်းထုတ်နေကြတာလည်း ရှိပါတယ်။
 ၂၀၂၄ ရက်ထပ်နှစ်နဲ့ ထုံးတမ်းစဥ်လာတွေ,"Wed, 28 Feb 2024 15:47:56 GMT",https://www.bbc.com/burmese/articles/c3g0rnqqvxyo#3,https://www.bbc.com/burmese/articles/c3g0rnqqvxyo,ရက်ထပ်နှစ်က လေးနှစ်မှာတစ်ကြိမ်ဖြစ်ပေါ်တယ်လို့ လူအများစုက ယုံကြည်ကြပေမယ့် အဲဒါက အမြဲတမ်းအတွက်တော့ မဟုတ်ပါဘူး။
ယူကရိန်းစစ်ပွဲမှာ ဆယ်ကျော်သက်တွေ ပါဝင်ဖို့ ကျောင်းသုံးစာအုပ်သစ်နဲ့ ရုရှားလှုံ့ဆော်,"Thu, 14 Mar 2024 13:41:18 GMT",https://www.bbc.com/burmese/articles/c3gq5z9ql8vo#0,https://www.bbc.com/burmese/articles/c3gq5z9ql8vo,ဒီစာအုပ်မှာ ယူကရိန်းစစ်တပ်နဲ့ ပတ်သက်ပြီး ရုရှားရဲ့ လုပ်ကြံရေးသားထားတဲ့အချက်တွေကိုတွေ့ရပြီး ကျောင်းသားတွေ စစ်ထဲဝင်ပြီး အမိမြေကို ကာကွယ်ဖို့ တိုက်တွန်းဆော်သြထားပါတယ်။
ရုရှား - ရွေးကောက်ပွဲက ပူတင်အတွက် ဘာကြောင့် အရေးကြီးတာလဲ,"Fri, 15 Mar 2024 15:24:13 GMT",https://www.bbc.com/burmese/articles/cjrjeydgnv4o#0,https://www.bbc.com/burmese/articles/cjrjeydgnv4o,၂၀၂၀ ခုနှစ်မှာ ရုရှား ဖွဲ့စည်းပုံအခြေခံဥပဒေကို ပြောင်းလဲခဲ့ပြီး သမ္မတပူတင်ဟာ  ၂၀၃၆ ခုနှစ်အထိ အာဏာဆက်ရှိနေဦးမယ်လို့ ကျယ်ကျယ်ပြန့်ပြန့်ရှုမြင်ထားကြပါတယ်။
ဝရမ်းထုတ်ခံထားရတဲ့ ‘ဝ’ ခေါင်း‌ဆောင် ဝေရှောက်ခန် ရဲ့ငွေတွေကို ဆွစ်ဇာလန်က ထိုင်းကို လွှဲပေးမယ်,"Fri, 15 Mar 2024 02:11:52 GMT",https://www.bbc.com/burmese/articles/c29wx3pr43ko#0,https://www.bbc.com/burmese/articles/c29wx3pr43ko,တောင်ပိုင်း 'ဝ'တပ်ရဲ့ တပ်မမှူးလို့ယူဆခံရတဲ့ ဝေရှောက်ခန်ဟာ မူးယစ်ကုန်ကူးမှုနဲ့ ထိုင်းက အလိုရှိတဲ့ ဝရမ်းပြေးဖြစ်ပြီး အမေရိကန်ကလည်း သူ့ကို ဒေါ်လာ ၂ သန်းထုတ်ထားတာ နှစ်ပေါင်း ၂၀ ကျော်ရှိပြီဖြစ်ပါတယ်။
မြောက်ကိုရီးယားက  လမ်းညွှန်မှု အထူးပုဂ္ဂိုလ်၊ ကင်ဂျူအေး,"Sat, 16 Mar 2024 15:35:54 GMT",https://www.bbc.com/burmese/articles/ckmvdx71p38o#0,https://www.bbc.com/burmese/articles/ckmvdx71p38o,"ကင်ဂျူအေးဟာ အသက် ၁၂ နှစ်လောက် ရှိပြီလို့ ယူဆရပါတယ်။ အထီးကျန်နေတဲ့ နိုင်ငံက မစ္စကင် ပထမဆုံး လူကြားထဲ ထွက်လာတာက အရင် တနှစ်ခွဲလောက်က ဖြစ်ပါတယ်။
"
စစ်မှုထမ်းဆင့်ခေါ်မှု - ငိုကြွေးနေသူတွေ နဲ့ ပျော်နေကြသူတွေ,"Sat, 16 Mar 2024 11:11:23 GMT",https://www.bbc.com/burmese/articles/c9ed4553ggyo#0,https://www.bbc.com/burmese/articles/c9ed4553ggyo,"စာရင်းကောက်ချိန်မှာတင် တစ်နေရာတစ်မျိုးစီ ဖြစ်နေတဲ့ ဖြစ်ရပ်တွေက စစ်မှုထမ်းဥပဒေကို ဒေသအာဏာပိုင်တွေက လိုသလို အသုံးချနေတာ ထင်ရှားတဲ့အကြောင်း နိုင်ငံရေးအကဲခတ်တွေက သုံးသပ်ပါတယ်။
"
 မတ် ၁၆ ရက် နိုင်ငံတဝန်း ထူးခြားသတင်းများအနှစ်ချုပ်,"Sat, 16 Mar 2024 09:37:14 GMT",https://www.bbc.com/burmese/articles/cn0dern9xxwo#0,https://www.bbc.com/burmese/articles/cn0dern9xxwo,ဆီဆိုင်မြို့နယ်ထဲက ထမ်းယံကျေးရွာမှာ မနေ့ မတ်လ ၁၅ ရက်က စစ်ကောင်စီတပ်ဘက်က လေယာဉ်နဲ့ ၅ ကြိမ်ထက်မနည်း ဗုံးကြဲတိုက်ခိုက်ခဲ့တာကြောင့် ကိုရင် ၂ ပါးထိခိုက်ဒဏ်ရာရသွားတယ်လို့ မြေပြင်မှာရှိတဲ့ ဒေသခံတချို့က ဘီဘီစီကိုပြောပါတယ်။
စစ်ကောင်စီက လေယာဉ်ဆီတွေ ဘယ်လမ်းကြောင်းကနေ သွင်းနေလဲ,"Mon, 11 Mar 2024 11:47:01 GMT",https://www.bbc.com/burmese/articles/cj56qjg8g54o#1,https://www.bbc.com/burmese/articles/cj56qjg8g54o,မြန်မာစစ်ကောင်စီရဲ့ လေယာဥ်ဆီတင်သွင်းမှုကို နိုင်ငံတကာက အရေးယူပိတ်ဆို့မှုတွေပြုလုပ်ထားပေမဲ့ ၂၀၂၃ ခုနှစ်ဟာ စစ်အာဏာသိမ်းမှု ၃ နှစ်တာကာလအတွင်း စစ်တပ်က လေကြောင်းတိုက်ခိုက်မှု အများဆုံးလုပ်ခဲ့တဲ့နှစ်ဖြစ်ခဲ့ပါတယ်။ စစ်ကောင်စီဟာ ကန့်သတ်ချက်တွေကိုကျော်လွှားပြီး လေယာဥ်လောင်စာဆီတွေကို ဘယ်လိုဆက်လက်ရရှိနေပါသလဲ။ ဘီဘီစီဆောင်းပါးမှာ ဝင်ရောက်ဖတ်ရှုနိုင်ပါတယ်။
လေရူးသုန်သုန်၊ ကွေးမြစ်ပေါ်က တံတား၊ ကျွန်တော့်ပျိုချော၊ ဂေ့ါဖားသား၊ နောက်ဆုံးဧကရာဇ်၊ တိုက်တန်းနစ်၊ လက်စွပ်များရဲ့အရှင်နဲ့ ကပ်ပါးပိုး,"Tue, 12 Mar 2024 07:22:24 GMT",https://www.bbc.com/burmese/articles/c720drw2eqko#1,https://www.bbc.com/burmese/articles/c720drw2eqko,နှစ် ၉ဝ ကျော်အတွင်း ဆုရခဲ့တဲ့  အမေရိကန် ဟောလီးဝုဒ်ဇာတ်ကားတွေဟာ မြန်မာအပါအဝင် ကမ္ဘာတလွှားက ရုပ်ရှင်ပရိသတ်တွေကို ခုထိ ဖမ်းစားနိုင်ဆဲ ဖြစ်သလို ကမ္ဘာ့ရုပ်ရှင်လောကနဲ့ နိုင်ငံတကာ ယဉ်ကျေးမှုကိုပါ လွှမ်းမိုးသက်ရောက်နိုင်တာကို တွေ့ရပါတယ်။
ရိုင်ယန် ဂေါ့စလင်း၊ အဝတ်ဗလာနီးပါး ဂျွန် စီးနား၊ ဇာတ်ပို့ခွေးကလေးနဲ့  ၂၀၂၄ အော်စကာဆုပေးပွဲ,"Mon, 11 Mar 2024 15:24:07 GMT",https://www.bbc.com/burmese/articles/cpr07e43v0eo#1,https://www.bbc.com/burmese/articles/cpr07e43v0eo,အခုနှစ်အော်စကာဆုပေးပွဲကတော့ ကိုယ် တီးနီးပါး အဝတ်ဗလာနဲ့ ဆုကြေညာလွှာဖတ်သူအပါအဝင် မျက်ရည်တွေ၊ ခမ်းနားမှုတွေနဲ့ ၃ နာရီကြာအောင် ကျင်းပခဲ့ပါတယ်။ ဟောလိဝုဒ် ငွေကြယ်ပွင့်တွေရဲ့ အော်စကာညက အကောင်းဆုံးအခိုက်အတန့်တွေထဲက အချို့ကို စုစည်းဖော်ပြလိုက်ပါတယ်။ ဆက်လက်ဖတ်ရှုပါ။
ကချင်တိုက်ပွဲ - တရုတ်နယ်စပ်အနီး လိုင်ဇာချောင်းဘေးကို ပြေးနေကြရတဲ့စစ်ရှောင်တွေ,"Sun, 10 Mar 2024 11:13:41 GMT",https://www.bbc.com/burmese/articles/c03r1e519jro#1,https://www.bbc.com/burmese/articles/c03r1e519jro,တိုက်ပွဲစဖြစ်တဲ့ မတ်လ ၇ ရက်မနက်ပိုင်းမှာတင် လိုင်ဇာမြို့ထဲလက်နက်ကြီးကျရောက်ပြီး သားအမိနှစ်ဦးနဲ့ လူငယ်အမျိုးသားတစ်ဦး သေဆုံးခဲ့သလို မတ်လ ၈ ရက်နေ့မှာတော့ လူနေရပ်ကွက်တွေပေါ်ကျရောက်ပြီး အိမ်အချို့ထိခိုက်ပျက်စီးခဲ့ကြောင်း ဒေသခံတွေက ပြောပါတယ်။
ယူကရိန်းစစ်ပွဲ - ရုရှားအတွက် တိုက်ပေးနေရတဲ့ လှည့်ဖျားခံ အိန္ဒိယလူရွယ်တွေ,"Sat, 09 Mar 2024 15:31:50 GMT",https://www.bbc.com/burmese/articles/cljl4zpe6e4o#1,https://www.bbc.com/burmese/articles/cljl4zpe6e4o,လိမ်ညာခေါ်ဆောင်သူတွေက  အသက် ၂၂ နှစ်နဲ့ ၃၁ နှစ်အရွယ် အိန္ဒိယလူရွယ်တွေကို '' ရုရှားစစ်တပ်မှာ စစ်တပ်ထဲအကူသမား'' အနေနဲ့ ခေါ် ခဲ့တာလို့သိရပါတယ်။ မိသားစုဝင်တွေရဲ့ အဆိုအရတော့ '' လေ့ကျင့်ရေး'' ဆိုတဲ့ အကြောင်းပြချက်ခေါင်းစဥ်နဲ့ စစ်မြေပြင်ကို စေလွှတ်ခဲ့တယ်လို့ပြောပါတယ်။
စစ်မှုထမ်းဥပဒေအတွက် စစ်ကောင်စီဘယ်လို ခြေလှမ်းဆက်နေလဲ,"Thu, 07 Mar 2024 02:44:46 GMT",https://www.bbc.com/burmese/articles/c7235n0yy2ro#3,https://www.bbc.com/burmese/articles/c7235n0yy2ro,'' သင်တန်းဆင်းပြီးသွားပြီးဆိုရင်တော့ တိုက်ခိုက်ရေးတပ်သား ပုံမှန်စစ်သားအဖြစ် ထမ်းဆောင်ရမှာပါ။ အရင်တုန်းကတော့ တပ်သားသစ်တွေကို ရှေ့တန်းစစ်မျက်နှာပြင်ကို မခေါ်ဖို့ နောက်တန်းမှာ လေ့ကျင့်သင်ကြားဖို့ အဲ့လိုမျိုး ညွှန်ကြားချက်တော့ ရှိတယ်။ ဒါပေမယ့် အခု အနေအထားက အရေးပေါ်လိုတာဆိုတော့ ရှေ့တန်းမဟုတ်ရင်တောင် အဓိကျတဲ့စခန်းတွေကို ပို့ဖို့ များတယ်လို့ ‌ပြောလို့ရတယ်'' လို့ စစ်တပ် CDM အရာရှိတစ်ဦးကပြောပါတယ်။
ဟားမတ်စ်ကို အပြီးသတ်ချေမှုန်းမယ့် အစ္စရေးအစီအစဉ် အောင်မြင်သလား,"Tue, 05 Mar 2024 18:00:55 GMT",https://www.bbc.com/burmese/articles/crgdn22ply8o#3,https://www.bbc.com/burmese/articles/crgdn22ply8o,အရပ်သားတွေအပေါ် စစ်ပွဲအကျိုးသက်ရောက်မှုတွေရှိစေခဲ့တဲ့ အစ္စရေးအနေနဲ့ ပြင်းထန်တဲ့ဝေဖန်မှုတွေရင်ဆိုင်နေရ
လေးကြိမ်မြောက် ဟိုင်ဂင်ဆွေးနွေးပွဲ - စစ်ကောင်စီနဲ့ ရက္ခိုင့်တပ်တော်ကြား အပစ်ရပ်သလား,"Mon, 04 Mar 2024 14:15:24 GMT",https://www.bbc.com/burmese/articles/c2q766296d3o#3,https://www.bbc.com/burmese/articles/c2q766296d3o,တိုက်ပွဲပြင်းထန်နေတဲ့ရခိုင်ပြည်နယ်အတွင်း စစ်တပ်နဲ့ ရက္ခိုင့်တပ်တော်(အေအေ) တို့ကြား အပစ်ရပ်တာမရှိဘူးလို့  AA ဒုစစ်ဦးစီးချုပ်ကငြင်းဆိုလိုက်ပါတယ်။ စစ်တပ်နဲ့နီးစပ်သူတွေကလည်း MNDAA သိမ်းပိုက်ထားတဲ့ ကိုးကန့်ကို အထူးဒေသ ၁ အဖြစ်လက်ခံပေမဲ့  MNDAA ကိုးကန့်တပ်ကို ဒေသအစိုးရအဖြစ်လက်ခံတာမရှိဘူးလို့ တုံ့ပြန်ပါတယ်။
တောင်ကိုရီးယားအမျိုးသမီးတွေ ကလေးမယူကြဖို့ ဆုံးဖြတ်လာကြတဲ့နောက်ကွယ် အကြောင်းရင်းတွေက ဘာတွေလဲ,"Mon, 04 Mar 2024 16:31:00 GMT",https://www.bbc.com/burmese/articles/cqvxdjpwwj1o#3,https://www.bbc.com/burmese/articles/cqvxdjpwwj1o,ကမ္ဘာ့ပေါ်မှာ ကလေးမွေးနှုန်း အနိမ့်ဆုံးဖြစ်လာတဲ့တောင်ကိုရီးယားနိုင်ငံမှာ ဖွံ့ဖြိုးတိုးတက်နေပေမဲ့ အမျိုးသမီးတွေဟာ ကလေးယူကြဖို့ တွန့်ဆုတ်လာနေကြပါတယ်။ ဒီနောက်ကွယ်မှာ ဘယ်လိုအကြောင်းအရာတွေရှိနေမလဲဆိုတာ ဘီဘီစီက လေ့လာထားပါတယ်။
အမေရိကန်က မြန်မာပြည် စစ်ရေး၊ နိုင်ငံရေး ၊ ဘာသာရေးနဲ့ အမျိုးသမီးရေး စာတမ်းဖတ်ပွဲ,"Sun, 17 Mar 2024 18:36:34 GMT",https://www.bbc.com/burmese/articles/cglkjxk437go#0,https://www.bbc.com/burmese/articles/cglkjxk437go,"မြန်မာပြည်အလယ်ပိုင်းက စစ်ရေးတိုက်ခိုက်မှု၊ မြန်မာတော်လှန်ရေး ပြည်တွင်းစစ်နဲ့ အာဆီယံ  အာဏာရှင် စနစ်၊ ခေတ်ပြိုင် မြန်မာပြည်က သံဝေဂကို ပျိုးထောင်ခြင်း ဘရာစီယာက စစ်တပ်ထက် ကျွန်မကို ပိုကာကွယ်ပေးတယ် စာတမ်းတွေ ဖတ်ကြားကြ
"
မတ် ၁၇ ရက် နိုင်ငံတဝန်း ထူးခြားသတင်းများအနှစ်ချုပ်,"Sun, 17 Mar 2024 09:48:22 GMT",https://www.bbc.com/burmese/articles/cjj56z2e27zo#0,https://www.bbc.com/burmese/articles/cjj56z2e27zo,ကိုးကန့်တပ် MNDAA ထိန်းချုပ်ထားတဲ့ လောက်ကိုင်မြို့က အလယ်တန်း ခေါ် ဗမာတန်းမှာရှိတဲ့ အဆောက်အအုံတွေကို ဒီကနေ့ မတ်လ ၁၇ ရက် မနက်မှာပဲ MNDAA က ဖြိုဖျက်နေတယ်လို့ ဒေသခံတွေဆီက သိရသလို လူမှုကွန်ရက်စာမျက်နှာတွေမှာ ပျံ့နှံ့နေတဲ့ ရုပ်သံတွေအရလည်း ဘူဒိုဇာနဲ့ ဖြိုဖျက်နေတာကို တွေ့ရပါတယ်။
"""ကျွန်မရဲ့အမေက မြောက်ကိုရီးယားမှာ နာမည်အကြီးဆုံး အဆိုတော်ပါ""","Sun, 17 Mar 2024 07:03:17 GMT",https://www.bbc.com/burmese/articles/c9x6wldjxz3o#0,https://www.bbc.com/burmese/articles/c9x6wldjxz3o,"""တောင်နဲ့ မြောက် ကိုရီးယား နှစ်နိုင်ငံအကြား ဆက်ဆံရေးက အချိန်မရွေး ပြောင်းလဲနိုင်ပါတယ်။ အရေးကြီးဆုံးအချက်က ကျွန်မတို့ မျှော်လင့်ချက် ဆက်ထားကြဖို့ပါပဲ"""
ရွှေကုက္ကိုက ကျားဖြန့်လုပ်သား- အွန်လိုင်းနဲ့ ငွေ ဘယ်လိုလိမ်ခဲ့လဲ,"Tue, 12 Mar 2024 11:51:41 GMT",https://www.bbc.com/burmese/articles/c87n2368v3jo#1,https://www.bbc.com/burmese/articles/c87n2368v3jo,"လွတ်မြောက်နယ်မြေကိုစွန့်ခွာဖို့ လမ်းကြောင်းတွေရှာဖွေရင်း ရွှေကုက္ကိုမှာ အလုပ်လုပ်နေတဲ့  သူ့လိုစစ်တပ်စီဒီအမ် သူငယ်ချင်းတစ်ဦးနဲ့ ဆက်သွယ်မိခဲ့ပါတယ်။ သူငယ်ချင်းက ကျားဖြန့်လိုခေါ်တဲ့ အွန်လိုင်းကနေ လူတွေဆီက ငွေကြေးလိမ်လည်တဲ့အလုပ်ကို လုပ်နေတယ်လို့ ပြောပါတယ်။
ဒီအလုပ်က မကောင်းတဲ့အလုပ်မှန်းသိပေမဲ့ သေမထူး နေမထူးအခြေအနေကြောင့် CDM တပ်ကြပ်  ကိုမိုးညို အဲဒီကိုသွားဖို့ ဆုံးဖြတ်လိုက်ပါတယ်။
"
အာဏာသိမ်း ၃ နှစ်အတွင်း တစ်ကျပ်သား ၄၁ သိန်းကျော်နဲ့ စံချိန်တင်ရွှေစျေး,"Mon, 18 Mar 2024 13:31:41 GMT",https://www.bbc.com/burmese/articles/c6pen9p9vrvo#0,https://www.bbc.com/burmese/articles/c6pen9p9vrvo,“ဆိုင်တွေမှာ သတ်မှတ်ဈေးနှုန်းနဲ့ ရောင်းတယ်၊ ဘယ်ဆိုင်မဆို သွားဝယ်လို့ရတယ်၊ တိုင်တာတောတာရှိရင် စစ်ဆေးအရေးယူမယ်”လို့ ရန်ကုန်ရွှေလုပ်ငန်းရှင်များအသင်း ဥက္ကဋ္ဌဖြစ်တဲ့ ဦးမျိုးမြင့် ကပြောပါတယ်။
TikTok ကိုပိတ်ဖို့ အမေရိကန်လုပ်ဆောင်မှု တရုတ် ရှုတ်ချ,"Mon, 18 Mar 2024 12:24:03 GMT",https://www.bbc.com/burmese/articles/cxxz797l94do#0,https://www.bbc.com/burmese/articles/cxxz797l94do,အမေရိကန်ပြည်ထောင်စုမှာ TikTok အသုံးပြုတာကို ပိတ်ပင်နိုင်ဖို့အတွက် အမေရိကန်လွှတ်တော်မှာ ဥပဒေကြမ်းဆွေးနွေးနေတာဟာ တရားလက်လွတ်လုပ်ရပ်လို့ တရုတ်က ဝေဖန်လိုက်ပြီး ဒါဟာ ခြိမ်းခြောက်အကျပ်ကိုင်တဲ့ ဓားပြဆန်ဆန်နည်းသုံးတာလို့ လည်း စွပ်စွဲပြောဆိုလိုက်ပါတယ်။
ဒေါ်အောင်ဆန်းစုကြည်ရဲ့  အမွေဆိုင်အိမ်လေလံအမှု သိသင့်တဲ့ ၃ ချက်,"Tue, 19 Mar 2024 16:08:07 GMT",https://www.bbc.com/burmese/articles/cn3mvlvk80yo#0,https://www.bbc.com/burmese/articles/cn3mvlvk80yo,‘’ဒေါ်အောင်ဆန်းစုကြည်ရဲ့ ရပိုင်ခွင့် တဝက်တန်ဖိုးကိုထုတ်နုတ်ပြီး ကျန်တဲ့ တဝက်ရဲ့ တန်ဖိုးကို ဦးအောင်ဆန်းဦးကို ပေးချေလိုက်ရင်လည်း ပြန်လည်ပိုင်ဆိုင်နိုင်တဲ့ အခွင့်အရေးရှိပါတယ်’’ လို့ တရားလွှတ်တော်ရှေ့နေတစ်ဦးက ရှင်းပြပါတယ်။
အေရွန် တေလာ ဂျွန်ဆင် - ဂျိမ်းစ်ဘွန်းမင်းသားသစ် ဖြစ်လာမလား ခန့်မှန်း ,"Tue, 19 Mar 2024 16:43:35 GMT",https://www.bbc.com/burmese/articles/c03r7w065yjo#0,https://www.bbc.com/burmese/articles/c03r7w065yjo,ဗြိတိသျှမင်းသား အေရွန် တေလာဂျွန်ဆင် ဂျိမ်းစ်ဘွန်းမင်းသားသစ် နေရာကို လက်ခံလိုက်ပြီဆိုတဲ့ သတင်းတွေ ထွက်လာပြီးနောက် ဂျိမ်းစ်ဘွန်းအသစ် ဘယ်သူဖြစ်လာမလဲ မှန်းဆချက်တွေ ပေါ်ထွက်လာပြန်ပါတယ်။
စစ်ဘေးဒဏ်အပြင် ရာသီဥတုဒဏ်ပါ ခံနေရတဲ့ စစ်ကိုင်းက စစ်ဘေးရှောင်တွေဘဝ,"Tue, 19 Mar 2024 11:55:26 GMT",https://www.bbc.com/burmese/articles/cpd3114en1zo#0,https://www.bbc.com/burmese/articles/cpd3114en1zo,“ပြင်းထန်အဆုတ်ရောင်ရောဂါအတွက်ဆေးတွေလိုတယ်၊ အဲဒါကလည်း မနှစ်ကထက် နှစ်ဆလောက်ဖြစ်လာတယ်။ သားဖွားချိန်မှာ သုံးတဲ့ ‌ဆေးလည်း ကုန်နေတယ်။ အောက်ဆီဂျင်လည်း ကုန်တော့မယ်။ အောက်ဆီဂျင် မရှိတော့ရင် အဆုတ်ရောင်ရောဂါဖြစ်လို့ လာတဲ့လူနာတွေက အောက်ဆီဂျင်အရမ်းကျနေတာဆို တန်းပြီးတပ်ပေးရတာ၊ မပေးနိုင်ရင် အသက်အန္တရာယ်ရှိနိုင်တယ်”လို့  တာဝန်ခံဆရာဝန်က ပြောပြပါတယ်။
ထောင်ချောက်ထဲ သက်ဆင်းမိတဲ့ အိမ်အကူတွေ,"Tue, 19 Mar 2024 09:24:49 GMT",https://www.bbc.com/burmese/articles/cw0z9p4kllwo#0,https://www.bbc.com/burmese/articles/cw0z9p4kllwo,လူကုန်ကူးခံရတဲ့ မာလာဝီ အမျိုးသမီး ၅၀ ကျော်ကို ဝှပ်စ်အက်ပ် ဂဂုက တစ်ဆင့် ကယ်ထုတ်ခဲ့တဲ့ အကြောင်း ဘီဘီစီ အာဖရိက အိုင်း ဌာနက စုံစမ်းရေးသားထားပါတယ်။
မြောက်ကိုရီးယားက  လမ်းညွှန်မှု အထူးပုဂ္ဂိုလ်၊ ကင်ဂျူအေး,"Sat, 16 Mar 2024 15:35:54 GMT",https://www.bbc.com/burmese/articles/ckmvdx71p38o#1,https://www.bbc.com/burmese/articles/ckmvdx71p38o,"ကင်ဂျူအေးဟာ အသက် ၁၂ နှစ်လောက် ရှိပြီလို့ ယူဆရပါတယ်။ အထီးကျန်နေတဲ့ နိုင်ငံက မစ္စကင် ပထမဆုံး လူကြားထဲ ထွက်လာတာက အရင် တနှစ်ခွဲလောက်က ဖြစ်ပါတယ်။
"
ဝရမ်းထုတ်ခံထားရတဲ့ ‘ဝ’ ခေါင်း‌ဆောင် ဝေရှောက်ခန် ရဲ့ငွေတွေကို ဆွစ်ဇာလန်က ထိုင်းကို လွှဲပေးမယ်,"Fri, 15 Mar 2024 02:11:52 GMT",https://www.bbc.com/burmese/articles/c29wx3pr43ko#1,https://www.bbc.com/burmese/articles/c29wx3pr43ko,တောင်ပိုင်း 'ဝ'တပ်ရဲ့ တပ်မမှူးလို့ယူဆခံရတဲ့ ဝေရှောက်ခန်ဟာ မူးယစ်ကုန်ကူးမှုနဲ့ ထိုင်းက အလိုရှိတဲ့ ဝရမ်းပြေးဖြစ်ပြီး အမေရိကန်ကလည်း သူ့ကို ဒေါ်လာ ၂ သန်းထုတ်ထားတာ နှစ်ပေါင်း ၂၀ ကျော်ရှိပြီဖြစ်ပါတယ်။
ရုရှား - ရွေးကောက်ပွဲက ပူတင်အတွက် ဘာကြောင့် အရေးကြီးတာလဲ,"Fri, 15 Mar 2024 15:24:13 GMT",https://www.bbc.com/burmese/articles/cjrjeydgnv4o#1,https://www.bbc.com/burmese/articles/cjrjeydgnv4o,၂၀၂၀ ခုနှစ်မှာ ရုရှား ဖွဲ့စည်းပုံအခြေခံဥပဒေကို ပြောင်းလဲခဲ့ပြီး သမ္မတပူတင်ဟာ  ၂၀၃၆ ခုနှစ်အထိ အာဏာဆက်ရှိနေဦးမယ်လို့ ကျယ်ကျယ်ပြန့်ပြန့်ရှုမြင်ထားကြပါတယ်။
စစ်တပ်ရဲ့ စစ်ရေးတတ်နိုင်စွမ်းကို လက်တွေ့ လျှော့ချနိုင်ရေး ဝိုင်းဝန်းလုပ်ဆောင်ဖို့ ပါမောက္ခရှောင်တာနယ် တိုက်တွန်း,"Wed, 13 Mar 2024 07:07:03 GMT",https://www.bbc.com/burmese/articles/cd15nx02z92o#1,https://www.bbc.com/burmese/articles/cd15nx02z92o,ဒေါ်အောင်ဆန်းစုကြည်ရဲ့ စီးပွားရေးဆိုင်ရာ အထူးအကြံပေး ပါမောက္ခရှောင်တာနယ်နဲ့ ဘီဘီစီ သီးသန့်မေးမြန်းခန်း
ဗာဂနာ ရုရှားကြေးစားအဖွဲ့ အာဖရိကမှာဘယ်လိုပြန်လည်ဖွဲ့စည်းခဲ့လဲ,"Tue, 12 Mar 2024 13:43:02 GMT",https://www.bbc.com/burmese/articles/crg55mzgy0yo#1,https://www.bbc.com/burmese/articles/crg55mzgy0yo,ရုရှားဟာ ‌ဗာဂနာကြေးစားအဖွဲ့ကို ထောက်လှမ်းရေးအဖွဲ့အောက်ကို သွင်းလိုက်ပြီး အာဖရိကမှာ တည်ငြိမ်မှုလျော့အောင် အဲဒီအဖွဲ့ကို အသုံးချနေပါတယ်။
ကရင်နယ်ခြားစောင့်တပ် BGF က KNA အဖြစ်အသွင်ပြောင်းတာဘာကြောင့်လဲ,"Sat, 09 Mar 2024 11:27:59 GMT",https://www.bbc.com/burmese/articles/cqe326g53jdo#3,https://www.bbc.com/burmese/articles/cqe326g53jdo,စစ်တပ်ကပေးတဲ့ လစာနဲ့ အကျိုးအမြတ်တွေကိုလည်း မယူတော့သလို လက်မောင်းတံဆိပ်ကို လည်း Karen National Army ဆိုပြီး ပြောင်းလဲလိုက်ပြီလို့ BGF  တပ်နယ် (၂) ဗျူဟာမှုး စောတင်ဝင်းကပြောပါတယ်။
ယူကရိန်းစစ်ပွဲ - ရုရှားအတွက် တိုက်ပေးနေရတဲ့ လှည့်ဖျားခံ အိန္ဒိယလူရွယ်တွေ,"Sat, 09 Mar 2024 15:31:50 GMT",https://www.bbc.com/burmese/articles/cljl4zpe6e4o#3,https://www.bbc.com/burmese/articles/cljl4zpe6e4o,လိမ်ညာခေါ်ဆောင်သူတွေက  အသက် ၂၂ နှစ်နဲ့ ၃၁ နှစ်အရွယ် အိန္ဒိယလူရွယ်တွေကို '' ရုရှားစစ်တပ်မှာ စစ်တပ်ထဲအကူသမား'' အနေနဲ့ ခေါ် ခဲ့တာလို့သိရပါတယ်။ မိသားစုဝင်တွေရဲ့ အဆိုအရတော့ '' လေ့ကျင့်ရေး'' ဆိုတဲ့ အကြောင်းပြချက်ခေါင်းစဥ်နဲ့ စစ်မြေပြင်ကို စေလွှတ်ခဲ့တယ်လို့ပြောပါတယ်။
ဘူရ်ခါဝတ်ရင်း တာလီဘန်ကိုဆန့်ကျင်သီချင်းဆိုတဲ့ ညီအစ်မ,"Fri, 08 Mar 2024 17:01:25 GMT",https://www.bbc.com/burmese/articles/c517v2ly2lwo#3,https://www.bbc.com/burmese/articles/c517v2ly2lwo,"""တာလီဘန်တွေ အာဏာမသိမ်းခင်က ကျွန်မတို့ ကကဗျာတစ်ပုဒ်တောင် မရေးဖူးဘူး။ ဒီလိုဖြစ်လာအောင် တာလီဘန်တွေကပဲလုပ်ခဲ့တာ။"""
ခြံနံပါတ် ၅၄ - အကျော်ကြားဆုံးအမွေဆိုင်အိမ် လေလံဆွဲမယ့်သူမရှိ,"Wed, 20 Mar 2024 11:05:54 GMT",https://www.bbc.com/burmese/articles/crg6224j763o#0,https://www.bbc.com/burmese/articles/crg6224j763o,‘’ဝယ်ယူမယ့်သူမရှိလို့ လေလံရောင်းချခြင်းမအောင်မြင်ကြောင်း ကြေညာပါတယ်ရှင့်’’ လို့ လေလံစီမံခန့်ခွဲတဲ့ (bailiff) ဘိလစ်တရားရုံးအရာရှိ အမျိုးသမီးက ခြံနံပါတ် ၅၄ ရှေ့ကနေ ကြေညာပါတယ်။
အိပ်ချ်အိုင်ဗီကို ဆဲလ်ကနေ ဖြတ်တောက်နိုင်ပြီလို့ သိပ္ပံပညာရှင်တွေဆို ,"Wed, 20 Mar 2024 15:48:32 GMT",https://www.bbc.com/burmese/articles/c517pqeezg5o#0,https://www.bbc.com/burmese/articles/c517pqeezg5o, အခု မျိုးဗီဇ ဖြတ်တောက်တဲ့ နည်းပညာသစ်နဲ့ အိပ်ချ်အိုင်ဗီပိုးကို ဖယ်ရှားနိုင်တယ်လို့ ပညာရှင်တွေက ဆိုပါတယ်။
စစ်မှုထမ်းဆင့်ခေါ်မှု - ငိုကြွေးနေသူတွေ နဲ့ ပျော်နေကြသူတွေ,"Sat, 16 Mar 2024 11:11:23 GMT",https://www.bbc.com/burmese/articles/c9ed4553ggyo#1,https://www.bbc.com/burmese/articles/c9ed4553ggyo,"စာရင်းကောက်ချိန်မှာတင် တစ်နေရာတစ်မျိုးစီ ဖြစ်နေတဲ့ ဖြစ်ရပ်တွေက စစ်မှုထမ်းဥပဒေကို ဒေသအာဏာပိုင်တွေက လိုသလို အသုံးချနေတာ ထင်ရှားတဲ့အကြောင်း နိုင်ငံရေးအကဲခတ်တွေက သုံးသပ်ပါတယ်။
"
ရိုင်ယန် ဂေါ့စလင်း၊ အဝတ်ဗလာနီးပါး ဂျွန် စီးနား၊ ဇာတ်ပို့ခွေးကလေးနဲ့  ၂၀၂၄ အော်စကာဆုပေးပွဲ,"Mon, 11 Mar 2024 15:24:07 GMT",https://www.bbc.com/burmese/articles/cpr07e43v0eo#3,https://www.bbc.com/burmese/articles/cpr07e43v0eo,အခုနှစ်အော်စကာဆုပေးပွဲကတော့ ကိုယ် တီးနီးပါး အဝတ်ဗလာနဲ့ ဆုကြေညာလွှာဖတ်သူအပါအဝင် မျက်ရည်တွေ၊ ခမ်းနားမှုတွေနဲ့ ၃ နာရီကြာအောင် ကျင်းပခဲ့ပါတယ်။ ဟောလိဝုဒ် ငွေကြယ်ပွင့်တွေရဲ့ အော်စကာညက အကောင်းဆုံးအခိုက်အတန့်တွေထဲက အချို့ကို စုစည်းဖော်ပြလိုက်ပါတယ်။ ဆက်လက်ဖတ်ရှုပါ။
ဗီယက်နမ် သမ္မတ ဗိုဗန်ထွန်း တနှစ်အကြာမှာ နုတ်ထွက်,"Thu, 21 Mar 2024 17:20:13 GMT",https://www.bbc.com/burmese/articles/c6pmlzdrmeqo#0,https://www.bbc.com/burmese/articles/c6pmlzdrmeqo,သမ္မတက ပါတီစည်းမျဉ်းကို ချိုးဖောက်ပြီး သမ္မတရာထူးကို ထိခိုက်အောင် လုပ်ခဲ့ကြောင်း ထုတ်ပြန်
အာဖဂန်နစ္စတန်မှာ နောက်ထပ် မိန်းကလေး ၃ သိန်း ကျောင်းတက်ခွင့် မရ - ယူနီဆက်,"Thu, 21 Mar 2024 13:26:20 GMT",https://www.bbc.com/burmese/articles/cyrze8l5y25o#0,https://www.bbc.com/burmese/articles/cyrze8l5y25o,ကျောင်းတွေပြန်ဖွင့်ချိန်မှာ ကျောင်းတက်ခွင့်မရတဲ့ အာဖဂန်မိန်ကလေး စုစုပေါင်း ၁.၄ သန်း ရှိလာ
အိပ်ချ်အိုင်ဗီကို ဆဲလ်ကနေ ဖြတ်တောက်နိုင်ပြီလို့ သိပ္ပံပညာရှင်တွေဆို ,"Thu, 21 Mar 2024 02:27:34 GMT",https://www.bbc.com/burmese/articles/c517pqeezg5o#0,https://www.bbc.com/burmese/articles/c517pqeezg5o,မျိုးဗီဇ ဖြတ်တောက်တဲ့ နည်းပညာသစ်နဲ့ အိပ်ချ်အိုင်ဗီပိုးကို ဖယ်ရှားနိုင်တယ်လို့ ပညာရှင်တွေက ဆိုပါတယ်။
ဒေါ်အောင်ဆန်းစုကြည်ရဲ့  အမွေဆိုင်အိမ်လေလံအမှု သိသင့်တဲ့ ၃ ချက်,"Thu, 21 Mar 2024 13:35:48 GMT",https://www.bbc.com/burmese/articles/cn3mvlvk80yo#0,https://www.bbc.com/burmese/articles/cn3mvlvk80yo,‘’ဒေါ်အောင်ဆန်းစုကြည်ရဲ့ ရပိုင်ခွင့် တဝက်တန်ဖိုးကိုထုတ်နုတ်ပြီး ကျန်တဲ့ တဝက်ရဲ့ တန်ဖိုးကို ဦးအောင်ဆန်းဦးကို ပေးချေလိုက်ရင်လည်း ပြန်လည်ပိုင်ဆိုင်နိုင်တဲ့ အခွင့်အရေးရှိပါတယ်’’ လို့ တရားလွှတ်တော်ရှေ့နေတစ်ဦးက ရှင်းပြပါတယ်။
"""ကျွန်မရဲ့အမေက မြောက်ကိုရီးယားမှာ နာမည်အကြီးဆုံး အဆိုတော်ပါ""","Sun, 17 Mar 2024 07:03:17 GMT",https://www.bbc.com/burmese/articles/c9x6wldjxz3o#1,https://www.bbc.com/burmese/articles/c9x6wldjxz3o,"""တောင်နဲ့ မြောက် ကိုရီးယား နှစ်နိုင်ငံအကြား ဆက်ဆံရေးက အချိန်မရွေး ပြောင်းလဲနိုင်ပါတယ်။ အရေးကြီးဆုံးအချက်က ကျွန်မတို့ မျှော်လင့်ချက် ဆက်ထားကြဖို့ပါပဲ"""
ရွှေကုက္ကိုက ကျားဖြန့်လုပ်သား- အွန်လိုင်းနဲ့ ငွေ ဘယ်လိုလိမ်ခဲ့လဲ,"Tue, 12 Mar 2024 11:51:41 GMT",https://www.bbc.com/burmese/articles/c87n2368v3jo#3,https://www.bbc.com/burmese/articles/c87n2368v3jo,"လွတ်မြောက်နယ်မြေကိုစွန့်ခွာဖို့ လမ်းကြောင်းတွေရှာဖွေရင်း ရွှေကုက္ကိုမှာ အလုပ်လုပ်နေတဲ့  သူ့လိုစစ်တပ်စီဒီအမ် သူငယ်ချင်းတစ်ဦးနဲ့ ဆက်သွယ်မိခဲ့ပါတယ်။ သူငယ်ချင်းက ကျားဖြန့်လိုခေါ်တဲ့ အွန်လိုင်းကနေ လူတွေဆီက ငွေကြေးလိမ်လည်တဲ့အလုပ်ကို လုပ်နေတယ်လို့ ပြောပါတယ်။
ဒီအလုပ်က မကောင်းတဲ့အလုပ်မှန်းသိပေမဲ့ သေမထူး နေမထူးအခြေအနေကြောင့် CDM တပ်ကြပ်  ကိုမိုးညို အဲဒီကိုသွားဖို့ ဆုံးဖြတ်လိုက်ပါတယ်။
"
စစ်ကောင်စီက လေယာဉ်ဆီတွေ ဘယ်လမ်းကြောင်းကနေ သွင်းနေလဲ,"Mon, 11 Mar 2024 11:47:01 GMT",https://www.bbc.com/burmese/articles/cj56qjg8g54o#3,https://www.bbc.com/burmese/articles/cj56qjg8g54o,မြန်မာစစ်ကောင်စီရဲ့ လေယာဥ်ဆီတင်သွင်းမှုကို နိုင်ငံတကာက အရေးယူပိတ်ဆို့မှုတွေပြုလုပ်ထားပေမဲ့ ၂၀၂၃ ခုနှစ်ဟာ စစ်အာဏာသိမ်းမှု ၃ နှစ်တာကာလအတွင်း စစ်တပ်က လေကြောင်းတိုက်ခိုက်မှု အများဆုံးလုပ်ခဲ့တဲ့နှစ်ဖြစ်ခဲ့ပါတယ်။ စစ်ကောင်စီဟာ ကန့်သတ်ချက်တွေကိုကျော်လွှားပြီး လေယာဥ်လောင်စာဆီတွေကို ဘယ်လိုဆက်လက်ရရှိနေပါသလဲ။ ဘီဘီစီဆောင်းပါးမှာ ဝင်ရောက်ဖတ်ရှုနိုင်ပါတယ်။
စစ်မှုမထမ်းချင်လို့ နိုင်ငံထဲကထွက်လာသူတွေ,"Fri, 22 Mar 2024 11:49:53 GMT",https://www.bbc.com/burmese/articles/c3g5jnjl8q0o#0,https://www.bbc.com/burmese/articles/c3g5jnjl8q0o,"အာဏာသိမ်းစစ်ကောင်စီက စစ်မှုထမ်းဥပဒေကို အသက်သွင်းလိုက်တဲ့အခါ ကိုကျော်ကျော်အပါအဝင် လူငယ် ၁၃ သန်းနဲ့ သူတို့ မိသားစုတွေ အပေါ် သက်ရောက်မှုတွေ ရှိလာပါတော့တယ်။
အထူးသဖြင့် လက်ရှိကာလမှာ စစ်ကောင်စီထိန်းချုပ်ထားတဲ့မြို့တွေကလူငယ်တွေပါ။
"
အမေရိကန်က မြန်မာပြည် စစ်ရေး၊ နိုင်ငံရေး ၊ ဘာသာရေးနဲ့ အမျိုးသမီးရေး စာတမ်းဖတ်ပွဲ,"Sun, 17 Mar 2024 18:36:34 GMT",https://www.bbc.com/burmese/articles/cglkjxk437go#1,https://www.bbc.com/burmese/articles/cglkjxk437go,"မြန်မာပြည်အလယ်ပိုင်းက စစ်ရေးတိုက်ခိုက်မှု၊ မြန်မာတော်လှန်ရေး ပြည်တွင်းစစ်နဲ့ အာဆီယံ  အာဏာရှင် စနစ်၊ ခေတ်ပြိုင် မြန်မာပြည်က သံဝေဂကို ပျိုးထောင်ခြင်း ဘရာစီယာက စစ်တပ်ထက် ကျွန်မကို ပိုကာကွယ်ပေးတယ် စာတမ်းတွေ ဖတ်ကြားကြ
"
ဗာဂနာ ရုရှားကြေးစားအဖွဲ့ အာဖရိကမှာဘယ်လိုပြန်လည်ဖွဲ့စည်းခဲ့လဲ,"Tue, 12 Mar 2024 13:43:02 GMT",https://www.bbc.com/burmese/articles/crg55mzgy0yo#3,https://www.bbc.com/burmese/articles/crg55mzgy0yo,ရုရှားဟာ ‌ဗာဂနာကြေးစားအဖွဲ့ကို ထောက်လှမ်းရေးအဖွဲ့အောက်ကို သွင်းလိုက်ပြီး အာဖရိကမှာ တည်ငြိမ်မှုလျော့အောင် အဲဒီအဖွဲ့ကို အသုံးချနေပါတယ်။
မော်စကိုမြို့ ဂီတခန်းမ စီးနင်းတိုက်ခိုက်ခံရမှုအကြောင်း သိထားသမျှ အချက်အလက်များ,"Sat, 23 Mar 2024 16:30:38 GMT",https://www.bbc.com/burmese/articles/c80k952nyrxo#0,https://www.bbc.com/burmese/articles/c80k952nyrxo,မော်စကိုမြို့ ဂီတခန်းမ စီးနင်းတိုက်ခိုက်ခံရမှုကို ဘယ်သူတွေလုပ်ခဲ့တာလဲ၊ နောက်ကွယ်ကနေ ဘယ်သူက ကြိုးကိုင်စီစဉ်ခဲ့တာလဲ
မတ် ၂၃ ရက် နိုင်ငံတဝန်း ထူးခြားသတင်းများအနှစ်ချုပ်,"Sat, 23 Mar 2024 09:34:41 GMT",https://www.bbc.com/burmese/articles/cd14en73z0zo#0,https://www.bbc.com/burmese/articles/cd14en73z0zo,ပြည်သူ့ကာကွယ်ရေးအဖွဲ့အစည်းတွေ မဖြစ်မနေ လိုက်နာရမယ့် စစ်ဘက်ဆိုင်ရာကျင့်ဝတ်အသစ်တွေကို အမျိုးသားညီညွတ်ရေးအစိုးရ (NUG) ရဲ့ ကာကွယ်ရေးဝန်ကြီးဌာက မတ် ၂၂ ရက်မှာ ထုတ်ပြန်လာပါတယ်။
မော်စကို ဂီတခန်းမ ပစ်ခတ်မှု,"Sat, 23 Mar 2024 04:02:54 GMT",https://www.bbc.com/burmese/articles/cv2y173n4j9o#0,https://www.bbc.com/burmese/articles/cv2y173n4j9o,တိုက်ခိုက်သူတွေကို ခြေရာခံဖို့ အထူးတပ်ဖွဲ့ဝင်တွေ လှုပ်ရှားနေပြီလို့ ရုရှားအမျိုးသားအစောင့်တပ်က ပြောပါတယ်။
ကင်ဆာရောဂါအတွက် ဆေးကုသမှု ခံယူနေတယ်လို့ ဝေလမင်းသမီး ထုတ်ပြော,"Fri, 22 Mar 2024 19:57:18 GMT",https://www.bbc.com/burmese/articles/cd18k1lv90do#0,https://www.bbc.com/burmese/articles/cd18k1lv90do,ကင်ဆာရောဂါ ကနဦးအဆင့် ဆေးကုသမှု ခံယူနေကြောင်း ဗြိတိသျှ ဝေလမင်းသမီး ကက်သရင်းက ဗီဒီယိုထဲမှာ ထုတ်ဖော် ပြောလိုက်ပါတယ်။
ဦးသိန်းညွန့် - ဗိုလ်ချုပ်မှူးကြီးသန်းရွှေရဲ့ နေပြည်တော်အိပ်မက်ကို အသက်သွင်းသူ,"Sun, 24 Mar 2024 12:06:07 GMT",https://www.bbc.com/burmese/articles/c3g7m4ypdnlo#0,https://www.bbc.com/burmese/articles/c3g7m4ypdnlo,နေပြည်တော်ကို လျှို့ဝှက်တည်ဆောက်ခဲ့တဲ့ ၂၀၀၂ ခုနှစ်ကတည်းက ဗိုလ်မှူးကြီးသိန်းညွန့်က  ဗိုလ်ချုပ်မှူးကြီးသန်းရွှေ ခေါင်းထဲက အစီအစဉ်တွေကို အကောင်အထည်ဖော်ပေးရတဲ့ အရေးပါသူတစ်ဦး ဖြစ်ပါတယ်။
မတ် ၂၄ ရက်- နိုင်ငံတဝန်း ထူးခြားသတင်းများ အနှစ်ချုပ် ,"Sun, 24 Mar 2024 11:12:38 GMT",https://www.bbc.com/burmese/articles/cx8zy1x4e0qo#0,https://www.bbc.com/burmese/articles/cx8zy1x4e0qo,မင်းပြားမြို့နယ်၊ ရာမောင်တံတားအနီးကျေးရွာကို စစ်တပ်က ညသန်းခေါင်အချိန်ဗုံးကြဲ၊ ပြည်နယ်နဲ့တိုင်း ၃ ခုမှာ တစ်ပတ်အတွင်း စစ်ရှောင် တစ်သောင်း‌နီးပါးအထိတိုးလာ၊ စစ်ကောင်စီပြန်လည်ထိန်းချုပ်ထားတဲ့ ကောလင်းမှာ ဒရုန်းနဲ့ဗုံးကြဲခံရလို့ အရပ်သားတစ်ဦး သေဆုံး ... စတဲ့ မတ်လ ၂၄ ရက် နိုင်ငံတဝန်း ထူးခြားသတင်းများ စုစည်းချက်ကို ဝင်ရောက်ဖတ်ရှုနိုင်ပါတယ်။
ယူကရိန်း စစ်ပွဲ - ရုရှား ကမ်းတပ် စစ်သင်္ဘောတွေကို ယူကရိန်း ဖျက်ဆီး,"Sun, 24 Mar 2024 10:47:42 GMT",https://www.bbc.com/burmese/articles/cd10jwgr2v7o#0,https://www.bbc.com/burmese/articles/cd10jwgr2v7o,ယူကရိန်း စစ်ပွဲ - ရုရှား ကမ်းတပ် စစ်သင်္ဘောတွေကို ယူကရိန်း ဖျက်ဆီး
ဂါဇာ အငတ်ဘေး - ‘အစာပြတ်ပြီးသေရတဲ့ ကျွန်မချစ်သားလေး’,"Sun, 24 Mar 2024 02:44:35 GMT",https://www.bbc.com/burmese/articles/ckd8y2g40ylo#0,https://www.bbc.com/burmese/articles/ckd8y2g40ylo,အကူအညီရရှိမှုကင်းမဲ့နေတာကြောင့် ‘‘အငတ်ဘေးဆိုက်မယ့်အခြေ’’ကို ရောက်နေတယ်လို့ ကုလသမဂ္ဂက သတိပေးနေတဲ့ ဂါဇာ‌မြောက်ပိုင်းမှာ အစာရေစာပြတ်လပ်မှု ဘယ်လောက်အထိဆိုးရွားနေပါလဲ။
ဒေါ်လာ တသောင်းကျော်တန် လက်ဆောင်ယူမှုနဲ့ စင်္ကာပူဝန်ကြီးဟောင်းကို ထပ်မံစွဲဆို,"Mon, 25 Mar 2024 15:40:43 GMT",https://www.bbc.com/burmese/articles/c4nrjkg38nyo#0,https://www.bbc.com/burmese/articles/c4nrjkg38nyo, အမေရိကန်ဒေါ်လာ တသောင်းလေးထောင်ကျော်တန်တဲ့  လက်ဆောင်တွေကို ပို့ဆောင်ရေးဝန်ကြီးဌာနနဲ့  ပတ်သက်နေတဲ့ စီးပွားရေး လုပ်ငန်းရှင်တဦးဆီက ရယူခဲ့မှုတွေ ပါဝင်
နဘူး၊ ပိုင်ကျုံနဲ့ သာမညတို့ဆီရောက်မယ့် ထိုင်းပေးတဲ့စာနာမှုအကူအညီ ,"Mon, 25 Mar 2024 13:14:10 GMT",https://www.bbc.com/burmese/articles/c6pj70mx162o#0,https://www.bbc.com/burmese/articles/c6pj70mx162o,လူသားချင်းစာနာအကူအညီတွေပေးအပ်မယ့် နဘူး၊ ပိုင်ကျုံး နဲ့ သာမည မြို့တွေဟာ ကရင်ပြည်နယ်ထဲက တိုက်ပွဲအပြင်းအထန်ဖြစ်လေ့ရှိတဲ့ဒေသတွေမဟုတ်ပေမဲ့ တိုက်ပွဲဖြစ်တဲ့ဒေသတွေက စစ်ရှောင်တွေလာခိုလှုံနေပါတယ်။
ဝေလမင်းသမီး ကိတ် မစ်ဒယ်တန်,"Mon, 25 Mar 2024 12:00:59 GMT",https://www.bbc.com/burmese/articles/cq5vy8eppywo#0,https://www.bbc.com/burmese/articles/cq5vy8eppywo,ဝေလမင်းသမီး ကိတ်မစ်ဒယ်တန်တစ်ယောက်  ဗြိတိသျှတော်ဝင်မိသားစုထဲ အရေးပါတဲ့သူတစ်‌ဦး ဘယ်လိုဖြစ်လာသလဲ
ဒေါ်အောင်ဆန်းစုကြည်ရဲ့  အမွေဆိုင်အိမ်လေလံအမှု သိသင့်တဲ့ ၃ ချက်,"Thu, 21 Mar 2024 13:35:48 GMT",https://www.bbc.com/burmese/articles/cn3mvlvk80yo#1,https://www.bbc.com/burmese/articles/cn3mvlvk80yo,‘’ဒေါ်အောင်ဆန်းစုကြည်ရဲ့ ရပိုင်ခွင့် တဝက်တန်ဖိုးကိုထုတ်နုတ်ပြီး ကျန်တဲ့ တဝက်ရဲ့ တန်ဖိုးကို ဦးအောင်ဆန်းဦးကို ပေးချေလိုက်ရင်လည်း ပြန်လည်ပိုင်ဆိုင်နိုင်တဲ့ အခွင့်အရေးရှိပါတယ်’’ လို့ တရားလွှတ်တော်ရှေ့နေတစ်ဦးက ရှင်းပြပါတယ်။
စစ်ဘေးဒဏ်အပြင် ရာသီဥတုဒဏ်ပါ ခံနေရတဲ့ စစ်ကိုင်းက စစ်ဘေးရှောင်တွေဘဝ,"Tue, 19 Mar 2024 11:55:26 GMT",https://www.bbc.com/burmese/articles/cpd3114en1zo#1,https://www.bbc.com/burmese/articles/cpd3114en1zo,“ပြင်းထန်အဆုတ်ရောင်ရောဂါအတွက်ဆေးတွေလိုတယ်၊ အဲဒါကလည်း မနှစ်ကထက် နှစ်ဆလောက်ဖြစ်လာတယ်။ သားဖွားချိန်မှာ သုံးတဲ့ ‌ဆေးလည်း ကုန်နေတယ်။ အောက်ဆီဂျင်လည်း ကုန်တော့မယ်။ အောက်ဆီဂျင် မရှိတော့ရင် အဆုတ်ရောင်ရောဂါဖြစ်လို့ လာတဲ့လူနာတွေက အောက်ဆီဂျင်အရမ်းကျနေတာဆို တန်းပြီးတပ်ပေးရတာ၊ မပေးနိုင်ရင် အသက်အန္တရာယ်ရှိနိုင်တယ်”လို့  တာဝန်ခံဆရာဝန်က ပြောပြပါတယ်။
ထောင်ချောက်ထဲ သက်ဆင်းမိတဲ့ အိမ်အကူတွေ,"Tue, 19 Mar 2024 09:24:49 GMT",https://www.bbc.com/burmese/articles/cw0z9p4kllwo#1,https://www.bbc.com/burmese/articles/cw0z9p4kllwo,လူကုန်ကူးခံရတဲ့ မာလာဝီ အမျိုးသမီး ၅၀ ကျော်ကို ဝှပ်စ်အက်ပ် ဂဂုက တစ်ဆင့် ကယ်ထုတ်ခဲ့တဲ့ အကြောင်း ဘီဘီစီ အာဖရိက အိုင်း ဌာနက စုံစမ်းရေးသားထားပါတယ်။
အာဏာသိမ်း ၃ နှစ်အတွင်း တစ်ကျပ်သား ၄၁ သိန်းကျော်နဲ့ စံချိန်တင်ရွှေစျေး,"Mon, 18 Mar 2024 13:31:41 GMT",https://www.bbc.com/burmese/articles/c6pen9p9vrvo#1,https://www.bbc.com/burmese/articles/c6pen9p9vrvo,“ဆိုင်တွေမှာ သတ်မှတ်ဈေးနှုန်းနဲ့ ရောင်းတယ်၊ ဘယ်ဆိုင်မဆို သွားဝယ်လို့ရတယ်၊ တိုင်တာတောတာရှိရင် စစ်ဆေးအရေးယူမယ်”လို့ ရန်ကုန်ရွှေလုပ်ငန်းရှင်များအသင်း ဥက္ကဋ္ဌဖြစ်တဲ့ ဦးမျိုးမြင့် ကပြောပါတယ်။
မြောက်ကိုရီးယားက  လမ်းညွှန်မှု အထူးပုဂ္ဂိုလ်၊ ကင်ဂျူအေး,"Sat, 16 Mar 2024 15:35:54 GMT",https://www.bbc.com/burmese/articles/ckmvdx71p38o#3,https://www.bbc.com/burmese/articles/ckmvdx71p38o,"ကင်ဂျူအေးဟာ အသက် ၁၂ နှစ်လောက် ရှိပြီလို့ ယူဆရပါတယ်။ အထီးကျန်နေတဲ့ နိုင်ငံက မစ္စကင် ပထမဆုံး လူကြားထဲ ထွက်လာတာက အရင် တနှစ်ခွဲလောက်က ဖြစ်ပါတယ်။
"
ဝရမ်းထုတ်ခံထားရတဲ့ ‘ဝ’ ခေါင်း‌ဆောင် ဝေရှောက်ခန် ရဲ့ငွေတွေကို ဆွစ်ဇာလန်က ထိုင်းကို လွှဲပေးမယ်,"Fri, 15 Mar 2024 02:11:52 GMT",https://www.bbc.com/burmese/articles/c29wx3pr43ko#3,https://www.bbc.com/burmese/articles/c29wx3pr43ko,တောင်ပိုင်း 'ဝ'တပ်ရဲ့ တပ်မမှူးလို့ယူဆခံရတဲ့ ဝေရှောက်ခန်ဟာ မူးယစ်ကုန်ကူးမှုနဲ့ ထိုင်းက အလိုရှိတဲ့ ဝရမ်းပြေးဖြစ်ပြီး အမေရိကန်ကလည်း သူ့ကို ဒေါ်လာ ၂ သန်းထုတ်ထားတာ နှစ်ပေါင်း ၂၀ ကျော်ရှိပြီဖြစ်ပါတယ်။
ရုရှား - ရွေးကောက်ပွဲက ပူတင်အတွက် ဘာကြောင့် အရေးကြီးတာလဲ,"Fri, 15 Mar 2024 15:24:13 GMT",https://www.bbc.com/burmese/articles/cjrjeydgnv4o#3,https://www.bbc.com/burmese/articles/cjrjeydgnv4o,၂၀၂၀ ခုနှစ်မှာ ရုရှား ဖွဲ့စည်းပုံအခြေခံဥပဒေကို ပြောင်းလဲခဲ့ပြီး သမ္မတပူတင်ဟာ  ၂၀၃၆ ခုနှစ်အထိ အာဏာဆက်ရှိနေဦးမယ်လို့ ကျယ်ကျယ်ပြန့်ပြန့်ရှုမြင်ထားကြပါတယ်။
စစ်တပ်ရဲ့ စစ်ရေးတတ်နိုင်စွမ်းကို လက်တွေ့ လျှော့ချနိုင်ရေး ဝိုင်းဝန်းလုပ်ဆောင်ဖို့ ပါမောက္ခရှောင်တာနယ် တိုက်တွန်း,"Wed, 13 Mar 2024 07:07:03 GMT",https://www.bbc.com/burmese/articles/cd15nx02z92o#3,https://www.bbc.com/burmese/articles/cd15nx02z92o,ဒေါ်အောင်ဆန်းစုကြည်ရဲ့ စီးပွားရေးဆိုင်ရာ အထူးအကြံပေး ပါမောက္ခရှောင်တာနယ်နဲ့ ဘီဘီစီ သီးသန့်မေးမြန်းခန်း
အလ္လာဟ်အမည်ပါတဲ့ ခြေအိတ်တွေ ရောင်းလို့ မလေးရှား ကုန်စုံဆိုင်ကို တရားစွဲ,"Tue, 26 Mar 2024 16:23:37 GMT",https://www.bbc.com/burmese/articles/cyrz1kj1v6do#0,https://www.bbc.com/burmese/articles/cyrz1kj1v6do,ကေကေ စူပါမတ်နဲ့ ပစ္စည်းသွင်းတဲ့ ကုမ္ပဏီက ဒီကိစ္စအတွက် တောင်းပန်ဝန်ချခဲ့ကြပြီး ဆိုင်တွေပေါ်က ခြေအိတ်တွေကို ဖယ်ရှားခဲ့ကြ
စစ်မှုမထမ်းချင်လို့ နိုင်ငံထဲကထွက်လာသူတွေ,"Fri, 22 Mar 2024 11:49:53 GMT",https://www.bbc.com/burmese/articles/c3g5jnjl8q0o#1,https://www.bbc.com/burmese/articles/c3g5jnjl8q0o,"အာဏာသိမ်းစစ်ကောင်စီက စစ်မှုထမ်းဥပဒေကို အသက်သွင်းလိုက်တဲ့အခါ ကိုကျော်ကျော်အပါအဝင် လူငယ် ၁၃ သန်းနဲ့ သူတို့ မိသားစုတွေ အပေါ် သက်ရောက်မှုတွေ ရှိလာပါတော့တယ်။
အထူးသဖြင့် လက်ရှိကာလမှာ စစ်ကောင်စီထိန်းချုပ်ထားတဲ့မြို့တွေကလူငယ်တွေပါ။
"
 အရှေ့တောင်အာရှမှာ လိင်တူချင်း လက်ထပ်မှုကို အသိအမှတ်ပြုတဲ့ ပထမဆုံး နိုင်ငံ ဖြစ်လာတော့မယ့် ထိုင်း,"Wed, 27 Mar 2024 16:35:48 GMT",https://www.bbc.com/burmese/articles/c72d554lnw7o#0,https://www.bbc.com/burmese/articles/c72d554lnw7o,"လိင်တူစုံတွဲတွေ တရားဝင် လက်ထပ်ခွင့်၊ ကလေးမွေးစားခွင့်၊ အမွေဆက်ခံခွင့်တွေရမယ်
"
၃၁ နှစ်ကြာ တပ်ချုပ်နှစ်ဦးတည်း အာဏာထူထောင်ခန်း,"Wed, 27 Mar 2024 08:21:43 GMT",https://www.bbc.com/burmese/articles/cv2y43zn2vjo#0,https://www.bbc.com/burmese/articles/cv2y43zn2vjo,စစ်တပ်ကအာဏာသိမ်းအုပ်ချုပ်တဲ့ကာလ ၅၇ နှစ်အထိ ရှိခဲ့တဲ့ မြန်မာပြည်မှာ နောက်ဆုံး စစ်ခေါင်းဆောင်နှစ်ဦးရဲ့ အာဏာသက်ရှည်အောင် ကြိုးစားကြပုံ အကြောင်းကို ဒီဆောင်းပါးမှာ ဖတ်ရှုရမှာဖြစ်ပါတယ်။
တစ်ရက်ကို အရပ်သားနှစ်ဦး ထိခိုက်သေဆုံးနေတဲ့ ရှမ်းတောင်စစ်မျက်နှာပြင်,"Wed, 27 Mar 2024 13:05:27 GMT",https://www.bbc.com/burmese/articles/cz9zrd70py9o#0,https://www.bbc.com/burmese/articles/cz9zrd70py9o,ရှမ်းတောင်မှာ စစ်မီးပြန်တောက်လာတာ ရက်ပေါင်း ၆၃ ရက်ကြာမြင့်ပြီဖြစ်ပြီး အရပ်သား ၅၃ ဦးသေဆုံး၊ ၆၈ ဦး ထိခိုက်ဒဏ်ရာရခဲ့တယ်လို့ ပအိုဝ်းလူငယ်အဖွဲ့အစည်းက မတ်လ ၂၆ ရက်မှာထုတ်ပြန်ပါတယ်။
သီရိလင်္ကာမှာ အယူသည်း ဘုန်းတော်ကြီးကို  အလုပ်ကြမ်းနဲ့ ထောင်ဒဏ်လေးနှစ် ချ,"Thu, 28 Mar 2024 16:28:20 GMT",https://www.bbc.com/burmese/articles/cxrz1q74923o#0,https://www.bbc.com/burmese/articles/cxrz1q74923o,အရှင်ဂလာဂိုဒါ နာနာစာရဟာ ၂၀၁၆ က သတင်းစာရှင်းလင်းပွဲတခုမှာ အစ္စလာမ်ဘာသာနဲ့ ပတ်သက်ပြီး အပုတ်ချ ပြောဆိုပြီး မွတ်ဆလင်တွေကို နစ်နာစေခဲ့
မော်စကိုမြို့ ဂီတခန်းမ စီးနင်းတိုက်ခိုက်ခံရမှုအကြောင်း သိထားသမျှ အချက်အလက်များ,"Sat, 23 Mar 2024 16:30:38 GMT",https://www.bbc.com/burmese/articles/c80k952nyrxo#1,https://www.bbc.com/burmese/articles/c80k952nyrxo,မော်စကိုမြို့ ဂီတခန်းမ စီးနင်းတိုက်ခိုက်ခံရမှုကို ဘယ်သူတွေလုပ်ခဲ့တာလဲ၊ နောက်ကွယ်ကနေ ဘယ်သူက ကြိုးကိုင်စီစဉ်ခဲ့တာလဲ
စစ်မှုထမ်းဆင့်ခေါ်မှု - ငိုကြွေးနေသူတွေ နဲ့ ပျော်နေကြသူတွေ,"Sat, 16 Mar 2024 11:11:23 GMT",https://www.bbc.com/burmese/articles/c9ed4553ggyo#3,https://www.bbc.com/burmese/articles/c9ed4553ggyo,"စာရင်းကောက်ချိန်မှာတင် တစ်နေရာတစ်မျိုးစီ ဖြစ်နေတဲ့ ဖြစ်ရပ်တွေက စစ်မှုထမ်းဥပဒေကို ဒေသအာဏာပိုင်တွေက လိုသလို အသုံးချနေတာ ထင်ရှားတဲ့အကြောင်း နိုင်ငံရေးအကဲခတ်တွေက သုံးသပ်ပါတယ်။
"
ဂျပန်မှာ ပြည်ပလုပ်သား တိုးခေါ်မယ်,"Fri, 29 Mar 2024 15:47:36 GMT",https://www.bbc.com/burmese/articles/cjl4pj14lx0o#0,https://www.bbc.com/burmese/articles/cjl4pj14lx0o,ငါးနှစ်အတွင်း နိုင်ငံခြား အလုပ်သမား ရှစ်သိန်းကျော် ခေါ်ဖို့ ဂျပန် မျှော်လင့်ထား
စစ်မီးကူးလာတဲ့ ရာမညက ဓမ္မသ ,"Fri, 29 Mar 2024 12:01:29 GMT",https://www.bbc.com/burmese/articles/cd17pvxmgd5o#0,https://www.bbc.com/burmese/articles/cd17pvxmgd5o,“စစ်ကောင်စီက လက်တုံ့ပြန်တဲ့ သဘောလည်းဖြစ်မယ်၊ နောက်တစ်ခုက ဓမ္မသရွာက မွန်ပြည်သစ်ပါတီ (AD)ရဲ့ ခေါင်းဆောင်တစ်ယောက်ဖြစ်တဲ့ နိုင်ဗညားလယ်ရဲ့ ဇာတိလေ။ အဲဒါကြောင့် အဓိကပါမယ်။ ဥပမာပေးပြောရရင် ဒေါက်တာဆာဆာကို မကျေနပ်လို့ သူ့ဇာတိဖြစ်တဲ့ ထန်တလန်ကို ချေပစ်လိုက်တယ် အဲဒီသဘောပါပဲ”လို့ ဒေသခံတစ်ယောက်က ပြောပါတယ်။
ပြည်ပနိုင်ငံတွေကို တိုက်လေယာဥ်တွေ ဂျပန်ရောင်းချတော့မယ်,"Thu, 28 Mar 2024 17:54:25 GMT",https://www.bbc.com/burmese/articles/cj56p4pqrdvo#0,https://www.bbc.com/burmese/articles/cj56p4pqrdvo,ဂျပန်ဝန်ကြီးချုပ် ဖူမီယို ခီရှီဒါ အမေရိကန်နိုင်ငံကို သွားရောက်ဖို့ရှိတဲ့ ဧပြီလ ခရီးစဥ်မတိုင်ခင်မှာပဲ ဂျပန်အစိုးရအဖွဲ့က အခုလိုဆုံးဖြတ်လိုက်တာဖြစ်ပါတယ်။
ဦးသိန်းညွန့် - ဗိုလ်ချုပ်မှူးကြီးသန်းရွှေရဲ့ နေပြည်တော်အိပ်မက်ကို အသက်သွင်းသူ,"Sun, 24 Mar 2024 12:06:07 GMT",https://www.bbc.com/burmese/articles/c3g7m4ypdnlo#1,https://www.bbc.com/burmese/articles/c3g7m4ypdnlo,နေပြည်တော်ကို လျှို့ဝှက်တည်ဆောက်ခဲ့တဲ့ ၂၀၀၂ ခုနှစ်ကတည်းက ဗိုလ်မှူးကြီးသိန်းညွန့်က  ဗိုလ်ချုပ်မှူးကြီးသန်းရွှေ ခေါင်းထဲက အစီအစဉ်တွေကို အကောင်အထည်ဖော်ပေးရတဲ့ အရေးပါသူတစ်ဦး ဖြစ်ပါတယ်။
ဂါဇာ အငတ်ဘေး - ‘အစာပြတ်ပြီးသေရတဲ့ ကျွန်မချစ်သားလေး’,"Sun, 24 Mar 2024 02:44:35 GMT",https://www.bbc.com/burmese/articles/ckd8y2g40ylo#1,https://www.bbc.com/burmese/articles/ckd8y2g40ylo,အကူအညီရရှိမှုကင်းမဲ့နေတာကြောင့် ‘‘အငတ်ဘေးဆိုက်မယ့်အခြေ’’ကို ရောက်နေတယ်လို့ ကုလသမဂ္ဂက သတိပေးနေတဲ့ ဂါဇာ‌မြောက်ပိုင်းမှာ အစာရေစာပြတ်လပ်မှု ဘယ်လောက်အထိဆိုးရွားနေပါလဲ။
"""ကျွန်မရဲ့အမေက မြောက်ကိုရီးယားမှာ နာမည်အကြီးဆုံး အဆိုတော်ပါ""","Sun, 17 Mar 2024 07:03:17 GMT",https://www.bbc.com/burmese/articles/c9x6wldjxz3o#3,https://www.bbc.com/burmese/articles/c9x6wldjxz3o,"""တောင်နဲ့ မြောက် ကိုရီးယား နှစ်နိုင်ငံအကြား ဆက်ဆံရေးက အချိန်မရွေး ပြောင်းလဲနိုင်ပါတယ်။ အရေးကြီးဆုံးအချက်က ကျွန်မတို့ မျှော်လင့်ချက် ဆက်ထားကြဖို့ပါပဲ"""
နယ်သာလန်နိုင်ငံအရှေ့ပိုင်းမြို့က ညကလပ် ပြန်ပေးဆွဲမှု အဆုံးသတ်,"Sat, 30 Mar 2024 15:14:53 GMT",https://www.bbc.com/burmese/articles/c6pj10z28p2o#0,https://www.bbc.com/burmese/articles/c6pj10z28p2o,နယ်သာလန်နိုင်ငံအရှေ့ပိုင်း အေဒါမြို့က ညကလပ်တစ်ခုမှာ လူ ၄ ဦးကို ၆ နာရီနီးပါး ပြန်ပေးဆွဲထားမှုရဲ့ သံသယတရားခံကို ရဲက ဖမ်းဆီးလိုက်ပါတယ်။
မတ် ၃၀ နိုင်ငံတဝန်း ထူးခြားသတင်းများအနှစ်ချုပ် ,"Sat, 30 Mar 2024 11:30:41 GMT",https://www.bbc.com/burmese/articles/c0keyqg8x2xo#0,https://www.bbc.com/burmese/articles/c0keyqg8x2xo,ရွေးကောက်ပွဲလုပ်ဖို့ ကြိုတင်ပြင်ဆင်မှုတွေ ဆောင်ရွက်နေပြီး မဖြစ်မနေလုပ်မယ်လို့ စစ်ကောင်စီဥက္ကဋ္ဌ ဗိုလ်ချုပ်မှူးကြီး မင်းအောင်လှိုင် က ပြောပါတယ်။
တရုတ်လူမျိုး ၈ ဦးရဲ့အလောင်းတွေကို မက္ကဆီကို ကမ်းခြေမှာ တွေ့,"Sun, 31 Mar 2024 15:07:39 GMT",https://www.bbc.com/burmese/articles/cyxz7rpp50xo#0,https://www.bbc.com/burmese/articles/cyxz7rpp50xo,မက္ကဆီကိုနိုင်ငံရဲ့ ကမ်းခြေတစ်ခုမှာ တွေ့ခဲ့ရတဲ့ အလောင်း ၈ လောင်းဟာ ပင်လယ်ကိုဖြတ်ပြီး အမေရိကန်နိုင်ငံထဲ ခိုးဝင်ဖို့ ကြိုးစားခဲ့သူ တရုတ်လူမျိုးတွေရဲ့ အလောင်းတွေ ဖြစ်တယ်လို့ သိရပါတယ်။
‘‘ငြိမ်းချမ်းရေးကို လက်နက်နဲ့ဖော်ဆောင်လို့မရပါ’’ - ပုပ်ရဟန်းမင်းကြီးရဲ့ အီစတာသတင်းစကား ,"Sun, 31 Mar 2024 14:54:31 GMT",https://www.bbc.com/burmese/articles/c6pk9rz52n3o#0,https://www.bbc.com/burmese/articles/c6pk9rz52n3o,ဗာတီကန်မှာ ပုပ်ရဟန်းမင်းကြီး ဖရန်စစ်က ဦးဆောင်ပြုလုပ်တဲ့ ခရစ်တော် ရှင်သန်ထမြောက်တဲ့ အီစတာတနင်္ဂနွေပွဲတော်မြင်ကွင်းတွေအပြင် ကမ္ဘာနဲ့ မြန်မာက အီစတာပွဲတော် ဓာတ်ပုံတွေကို စုစည်းဖော်ပြထားပါတယ်။
မတ် ၃၁ ရက် နိုင်ငံတဝန်း ထူးခြားသတင်းများအနှစ်ချုပ်,"Sun, 31 Mar 2024 11:40:19 GMT",https://www.bbc.com/burmese/articles/cx0zjvyl85yo#0,https://www.bbc.com/burmese/articles/cx0zjvyl85yo,အိန္ဒိယသံအမတ်နဲ့ မြန်မာစစ်ခေါင်း‌ဆောင်တို့ စစ်ဘက်ပူးပေါင်းဆောင်ရွက်ရေးဆွေးနွေး၊ စစ်မှုမထမ်းလိုတဲ့ ကျောင်းသားတွေကို လွတ်မြောက်ဒေသခေါ်ယူဖို့ သမဂ္ဂတွေ ပူးပေါင်းဆောင်ရွက်နေ၊ ဆီဆိုင်မြို့ကို ထိန်းချုပ်နိုင်ပြီလို့ စစ်ကောင်စီပြောဆိုချက်နဲ့ PNLA တုံ့ပြန်ချက်၊ နေပြည်တော်က စစ်မှုထမ်းအခြေအနေ ... စတဲ့ မတ်လ ၃၁ ရက် ထိပ်တန်းရောက်သတင်းတွေကို စုစည်းတင်ဆက်နေပါတယ်။
တောင်ကိုရီးယား မဲရုံတွေမှာ လျှို့ဝှက်ကင်မရာ လေးဆယ်တွေ့ပြီးနောက် ဖမ်းဆီးမှု,"Mon, 01 Apr 2024 15:24:24 GMT",https://www.bbc.com/burmese/articles/c3gqkwx471lo#0,https://www.bbc.com/burmese/articles/c3gqkwx471lo,တောင်ကိုရီးယား  ရွေးကောက်ပွဲမတိုင်ခင် မဲရုံတွေမှာ  ကင်မရာတွေ ခိုးတပ်မှုနဲ့ အမျိုးသား နှစ်ယောက်ကို တောင်ကိုရီးယားရဲ  ရှာဖွေ
KIA သိမ်းပိုက်တဲ့ စိန်လုံစစ်တပ်ဗျူဟာစခန်း ဘယ်လောက်အရေးပါလဲ,"Mon, 01 Apr 2024 12:23:46 GMT",https://www.bbc.com/burmese/articles/cl4kxdp0g66o#0,https://www.bbc.com/burmese/articles/cl4kxdp0g66o,နှစ်ပေါင်း ၆၀ ကျော် မြန်မာစစ်တပ်အထိုင်ချခဲ့တဲ့ ကချင်ပြည်နယ် ဗန်းမော်-လွယ်ဂျယ် ကားလမ်း ပေါ် က စစ်ရေးဗျူဟာမြောက် စိန်လုံ( စိန်လုံကဘား) တပ်စခန်းကြီးကို ဧပြီ ၁ရက်မှာ အလုံးစုံသိမ်းပိုက်ခဲ့တယ်လို့  ကချင်လွတ်လပ်ရေးတပ် - KIA  က အတည်ပြုပါတယ်။
ဦးနှောက်ထဲ Neuralink ချစ်ပ်ပြားထည့် ပထမဆုံးလူနာ အွန်လိုင်း စစ်တုရင်ကစားနိုင်ပြီ,"Mon, 01 Apr 2024 12:15:39 GMT",https://www.bbc.com/burmese/articles/c970nr4lyjqo#0,https://www.bbc.com/burmese/articles/c970nr4lyjqo,ဦးနှောက်ထဲမှာ ချစ်ပ်ပြားထည့်သွင်းထားတဲ့ ပထမဆုံးလူနာ အွန်လိုင်း စစ်တုရင် ကစားနိုင်ပြီလို့ အီလွန်မတ်စ်ရဲ့ Neuralink ကုမ္ပဏီကပြောလာပါတယ်။
ဖလော်ရီဒါမှာ မြန်မာ့စပါးအုံးမြွေတွေ မထိန်းနိုင်အောင် ပွားလို့ အန္တရာယ်ဖြစ်နေ ,"Mon, 01 Apr 2024 02:54:13 GMT",https://www.bbc.com/burmese/articles/c3gm3lwrmlxo#0,https://www.bbc.com/burmese/articles/c3gm3lwrmlxo,ဖလော်ရီဒါမှာ ထိန်းမနိုင်လောက်အောင် ပွားလာနေတဲ့ မြန်မာ့ စပါးအုံးမြွေတွေကို သုတ်သင်ရှင်းလင်းဖို့ ကြေးစား မြွေဖမ်းသူတွေကို ခေါ်ခိုင်းနေရပါတယ်။
၃၁ နှစ်ကြာ တပ်ချုပ်နှစ်ဦးတည်း အာဏာထူထောင်ခန်း,"Wed, 27 Mar 2024 08:21:43 GMT",https://www.bbc.com/burmese/articles/cv2y43zn2vjo#1,https://www.bbc.com/burmese/articles/cv2y43zn2vjo,စစ်တပ်ကအာဏာသိမ်းအုပ်ချုပ်တဲ့ကာလ ၅၇ နှစ်အထိ ရှိခဲ့တဲ့ မြန်မာပြည်မှာ နောက်ဆုံး စစ်ခေါင်းဆောင်နှစ်ဦးရဲ့ အာဏာသက်ရှည်အောင် ကြိုးစားကြပုံ အကြောင်းကို ဒီဆောင်းပါးမှာ ဖတ်ရှုရမှာဖြစ်ပါတယ်။
 အရှေ့တောင်အာရှမှာ လိင်တူချင်း လက်ထပ်မှုကို အသိအမှတ်ပြုတဲ့ ပထမဆုံး နိုင်ငံ ဖြစ်လာတော့မယ့် ထိုင်း,"Wed, 27 Mar 2024 16:35:48 GMT",https://www.bbc.com/burmese/articles/c72d554lnw7o#1,https://www.bbc.com/burmese/articles/c72d554lnw7o,"လိင်တူစုံတွဲတွေ တရားဝင် လက်ထပ်ခွင့်၊ ကလေးမွေးစားခွင့်၊ အမွေဆက်ခံခွင့်တွေရမယ်
"
တစ်ရက်ကို အရပ်သားနှစ်ဦး ထိခိုက်သေဆုံးနေတဲ့ ရှမ်းတောင်စစ်မျက်နှာပြင်,"Wed, 27 Mar 2024 13:05:27 GMT",https://www.bbc.com/burmese/articles/cz9zrd70py9o#1,https://www.bbc.com/burmese/articles/cz9zrd70py9o,ရှမ်းတောင်မှာ စစ်မီးပြန်တောက်လာတာ ရက်ပေါင်း ၆၃ ရက်ကြာမြင့်ပြီဖြစ်ပြီး အရပ်သား ၅၃ ဦးသေဆုံး၊ ၆၈ ဦး ထိခိုက်ဒဏ်ရာရခဲ့တယ်လို့ ပအိုဝ်းလူငယ်အဖွဲ့အစည်းက မတ်လ ၂၆ ရက်မှာထုတ်ပြန်ပါတယ်။
ဝေလမင်းသမီး ကိတ် မစ်ဒယ်တန်,"Mon, 25 Mar 2024 12:00:59 GMT",https://www.bbc.com/burmese/articles/cq5vy8eppywo#1,https://www.bbc.com/burmese/articles/cq5vy8eppywo,ဝေလမင်းသမီး ကိတ်မစ်ဒယ်တန်တစ်ယောက်  ဗြိတိသျှတော်ဝင်မိသားစုထဲ အရေးပါတဲ့သူတစ်‌ဦး ဘယ်လိုဖြစ်လာသလဲ
ဒေါ်အောင်ဆန်းစုကြည်ရဲ့  အမွေဆိုင်အိမ်လေလံအမှု သိသင့်တဲ့ ၃ ချက်,"Thu, 21 Mar 2024 13:35:48 GMT",https://www.bbc.com/burmese/articles/cn3mvlvk80yo#3,https://www.bbc.com/burmese/articles/cn3mvlvk80yo,‘’ဒေါ်အောင်ဆန်းစုကြည်ရဲ့ ရပိုင်ခွင့် တဝက်တန်ဖိုးကိုထုတ်နုတ်ပြီး ကျန်တဲ့ တဝက်ရဲ့ တန်ဖိုးကို ဦးအောင်ဆန်းဦးကို ပေးချေလိုက်ရင်လည်း ပြန်လည်ပိုင်ဆိုင်နိုင်တဲ့ အခွင့်အရေးရှိပါတယ်’’ လို့ တရားလွှတ်တော်ရှေ့နေတစ်ဦးက ရှင်းပြပါတယ်။
ထောင်ချောက်ထဲ သက်ဆင်းမိတဲ့ အိမ်အကူတွေ,"Tue, 19 Mar 2024 09:24:49 GMT",https://www.bbc.com/burmese/articles/cw0z9p4kllwo#3,https://www.bbc.com/burmese/articles/cw0z9p4kllwo,လူကုန်ကူးခံရတဲ့ မာလာဝီ အမျိုးသမီး ၅၀ ကျော်ကို ဝှပ်စ်အက်ပ် ဂဂုက တစ်ဆင့် ကယ်ထုတ်ခဲ့တဲ့ အကြောင်း ဘီဘီစီ အာဖရိက အိုင်း ဌာနက စုံစမ်းရေးသားထားပါတယ်။
အာဏာသိမ်း ၃ နှစ်အတွင်း တစ်ကျပ်သား ၄၁ သိန်းကျော်နဲ့ စံချိန်တင်ရွှေစျေး,"Mon, 18 Mar 2024 13:31:41 GMT",https://www.bbc.com/burmese/articles/c6pen9p9vrvo#3,https://www.bbc.com/burmese/articles/c6pen9p9vrvo,“ဆိုင်တွေမှာ သတ်မှတ်ဈေးနှုန်းနဲ့ ရောင်းတယ်၊ ဘယ်ဆိုင်မဆို သွားဝယ်လို့ရတယ်၊ တိုင်တာတောတာရှိရင် စစ်ဆေးအရေးယူမယ်”လို့ ရန်ကုန်ရွှေလုပ်ငန်းရှင်များအသင်း ဥက္ကဋ္ဌဖြစ်တဲ့ ဦးမျိုးမြင့် ကပြောပါတယ်။
အမေရိကန်က မြန်မာပြည် စစ်ရေး၊ နိုင်ငံရေး ၊ ဘာသာရေးနဲ့ အမျိုးသမီးရေး စာတမ်းဖတ်ပွဲ,"Sun, 17 Mar 2024 18:36:34 GMT",https://www.bbc.com/burmese/articles/cglkjxk437go#3,https://www.bbc.com/burmese/articles/cglkjxk437go,"မြန်မာပြည်အလယ်ပိုင်းက စစ်ရေးတိုက်ခိုက်မှု၊ မြန်မာတော်လှန်ရေး ပြည်တွင်းစစ်နဲ့ အာဆီယံ  အာဏာရှင် စနစ်၊ ခေတ်ပြိုင် မြန်မာပြည်က သံဝေဂကို ပျိုးထောင်ခြင်း ဘရာစီယာက စစ်တပ်ထက် ကျွန်မကို ပိုကာကွယ်ပေးတယ် စာတမ်းတွေ ဖတ်ကြားကြ
"
စစ်တပ်မရှိတော့တဲ့ ဖာပွန်မြို့,"Tue, 02 Apr 2024 12:15:06 GMT",https://www.bbc.com/burmese/articles/c51wrq8x4x8o#0,https://www.bbc.com/burmese/articles/c51wrq8x4x8o,ကရင်အမျိုးသားလွတ်မြောက်ရေးတပ်(KNLA)နဲ့ PDF ပူးပေါင်းတပ်ဖွဲ့တွေက အခုသီတင်းပတ်အတွင်း တိုက်ခိုက်သိမ်းပိုက်ခဲ့တဲ့ ဖာပွန်မြို့ဟာ ကရင်အမျိုးသားအစည်းအရုံး(KNU)အတွက် ဘယ်လောက်အရေးပါလဲ။
၂၀၂၄ ဖက်ရှင် - ဘယ်အရောင်တွေနဲ့ ဘယ်လိုဖက်ရှင်တွေ ခေတ်စားမလဲ,"Tue, 02 Apr 2024 11:46:22 GMT",https://www.bbc.com/burmese/articles/cle78ewg6zpo#0,https://www.bbc.com/burmese/articles/cle78ewg6zpo,၂၀၁၄ ခုနှစ်အတွင်း ကျွန်တော်တို့ ဝတ်စားဆင်ယင်တဲ့သွင်ပြင်ကို ပုံဖော်ပေးနိုင်ခြေရှိတဲ့ အရောင်တွေ၊ ချည်သားတွေနဲ့ ဖက်ရှင်ဒီဇိုင်းတွေအကြောင်း ဝင်ရောက်ဖတ်ရှုနိုင်ပါပြီ။
တရုတ်ကပေးတဲ့စာရင်းကြောင့် ဗိုလ်ချုပ်တွေစစ်ဆေးခံနေရ,"Wed, 03 Apr 2024 12:19:11 GMT",https://www.bbc.com/burmese/articles/c3gjj23e045o#0,https://www.bbc.com/burmese/articles/c3gjj23e045o,တရုတ်နိုင်ငံမှာဖမ်းဆီးစစ်ဆေးခံနေရတဲ့ ကိုးကန့်သူဌေးတွေရဲ့ ထွက်ဆိုချက်တွေက မြန်မာပြည်ရဲ့ ထိပ်တန်းစစ်ဗိုလ်ချုပ်တွေအထိ မီးခိုးကြွက်လျှောက်လိုက်လာတာပဲ ဖြစ်ပါတယ်။
နှစ်ပေါင်း ၂၅ နှစ်အတွင်းအဆိုးဆုံးကြုံရတဲ့ ထိုင်ဝမ်ငလျင်,"Wed, 03 Apr 2024 11:52:05 GMT",https://www.bbc.com/burmese/articles/clkmmp883llo#0,https://www.bbc.com/burmese/articles/clkmmp883llo,ထိုင်ဝမ်ရဲတပ်ဖွဲ့နဲ့ ကယ်ဆယ်ရေးအဖွဲ့က  ဟွာလီယန်မြို့က ပြိုလဲလုနီးနီး တိမ်းစောင်းသွားတဲ့အဆောက်အအုံထဲက လူတွေကို ကယ်ထုတ်ထားပြီး နောက်ထပ်ပိတ်မိနေသူတွေကလည်း သူတို့သူတို့ကိုကယ်ဖို့ အကူအညီတောင်းနေတယ်လို့ သတင်းဖော်ပြနေပါတယ်။
စစ်မီးကူးလာတဲ့ ရာမညက ဓမ္မသ ,"Fri, 29 Mar 2024 12:01:29 GMT",https://www.bbc.com/burmese/articles/cd17pvxmgd5o#1,https://www.bbc.com/burmese/articles/cd17pvxmgd5o,“စစ်ကောင်စီက လက်တုံ့ပြန်တဲ့ သဘောလည်းဖြစ်မယ်၊ နောက်တစ်ခုက ဓမ္မသရွာက မွန်ပြည်သစ်ပါတီ (AD)ရဲ့ ခေါင်းဆောင်တစ်ယောက်ဖြစ်တဲ့ နိုင်ဗညားလယ်ရဲ့ ဇာတိလေ။ အဲဒါကြောင့် အဓိကပါမယ်။ ဥပမာပေးပြောရရင် ဒေါက်တာဆာဆာကို မကျေနပ်လို့ သူ့ဇာတိဖြစ်တဲ့ ထန်တလန်ကို ချေပစ်လိုက်တယ် အဲဒီသဘောပါပဲ”လို့ ဒေသခံတစ်ယောက်က ပြောပါတယ်။
စစ်မှုမထမ်းချင်လို့ နိုင်ငံထဲကထွက်လာသူတွေ,"Fri, 22 Mar 2024 11:49:53 GMT",https://www.bbc.com/burmese/articles/c3g5jnjl8q0o#3,https://www.bbc.com/burmese/articles/c3g5jnjl8q0o,"အာဏာသိမ်းစစ်ကောင်စီက စစ်မှုထမ်းဥပဒေကို အသက်သွင်းလိုက်တဲ့အခါ ကိုကျော်ကျော်အပါအဝင် လူငယ် ၁၃ သန်းနဲ့ သူတို့ မိသားစုတွေ အပေါ် သက်ရောက်မှုတွေ ရှိလာပါတော့တယ်။
အထူးသဖြင့် လက်ရှိကာလမှာ စစ်ကောင်စီထိန်းချုပ်ထားတဲ့မြို့တွေကလူငယ်တွေပါ။
"
နေပြည်တော်ဒရုန်းတိုက်ခိုက်ခံရမှု ဘာတွေထူးခြားလဲ,"Thu, 04 Apr 2024 14:33:11 GMT",https://www.bbc.com/burmese/articles/c51dnxyy09xo#0,https://www.bbc.com/burmese/articles/c51dnxyy09xo,အာဏာသိမ်း သုံးနှစ်အတွင်း နေပြည်တော်မှာ ပေါက်ကွဲမှု တချို့ရှိခဲ့ဖူးပြီး အေလာလေဆိပ်လည်း ပစ်ခတ်တိုက်ခိုက်ခံခဲ့ရဖူးပါတယ်။
နှစ်ပတ်သင်တန်းတက်ပြီး ပြည်တွင်းစစ်ထဲဝင်တိုက်ရတဲ့ရိုဟင်ဂျာတွေ,"Thu, 04 Apr 2024 12:06:16 GMT",https://www.bbc.com/burmese/articles/c8761zmex4jo#0,https://www.bbc.com/burmese/articles/c8761zmex4jo,‘’ကျွန်တော်အိမ်ပြန်ရောက်တော့ အမေ့ကို ဖက်ငိုတယ်။ အမေ့ဗိုက်ထဲကနေ နောက်တစ်ခါ ပြန်မွေးလိုက်သလိုပါပဲ’’ လို့ မိုဟာမက်ကပြောပါတယ်။
ကူကီးချင်းတပ်က ဖမ်းသွားတဲ့ ဘဏ်မန်နေဂျာကို ဘင်္ဂလားဒေ့ရှ်ရဲကယ်,"Fri, 05 Apr 2024 17:09:18 GMT",https://www.bbc.com/burmese/articles/c970zzmn8rpo#0,https://www.bbc.com/burmese/articles/c970zzmn8rpo,လက်နက်ကိုင် ၇၀- ၈၀ လောက်က ဆိုနာလီဘဏ်ရဲ့ ရူမားဘဏ်ခွဲကို အင်္ဂါနေ့ညက ၀င်စီးပြီး ဘဏ်ငွေတိုက်ကို ဖောက်ဖို့  ကြံစည်
ဒီနွေ အမြန် ကုန်ပါစေ,"Fri, 05 Apr 2024 12:18:59 GMT",https://www.bbc.com/burmese/articles/c4n5169w1pgo#0,https://www.bbc.com/burmese/articles/c4n5169w1pgo,ခြံနေရာမရှိသလောက်နဲ့ လေဝင်လေထွက်၊ အလင်းကောင်းကောင်းမရတဲ့ ရန်ကုန်မြို့က တိုက်ခန်းတွေကတော့ အပူဒဏ်အပြင် မီးပြတ်တဲ့ ဒဏ်တွေကိုပါ ထပ်ဆင့်ခံစားကြရပါတယ်။
“၁၇ နှစ်ကြာမှ ပြန်ဆုံခွင့်ရတဲ့သမီးကြောင့် ကျွန်မဘဝ အသစ်တဖန်ပြန်လည်မွေးဖွားခဲ့ပြီ”,"Fri, 05 Apr 2024 03:08:26 GMT",https://www.bbc.com/burmese/articles/c03rqeq0ql6o#0,https://www.bbc.com/burmese/articles/c03rqeq0ql6o,စီတရက် ဖာရိုဟီ ဟာ အသက် ၁၅ နှစ်မှာ သူ့ဆန္ဒမပါဘဲ လက်ထပ်ထိမ်းမြားပေးခံခဲ့ရသူဖြစ်ပါတယ်။ သူနဲ့ခင်ပွန်းဖြစ်သူတို့ ကွာရှင်းတဲ့အခါ အီရန်ဥပဒေအရ သမီးငယ်ကို အဖေဖြစ်သူနဲ့ ချန်ထားရစ်ခဲ့ရပါတယ်။ သူတို့နှစ်ဦးပြန်လည်ဆုံတွေ့နိုင်ဖို့ ၁၇ နှစ်ကြာအောင် သူစောင့်ဆိုင်းခဲ့ရပါတယ်။
ဖလော်ရီဒါမှာ မြန်မာ့စပါးအုံးမြွေတွေ မထိန်းနိုင်အောင် ပွားလို့ အန္တရာယ်ဖြစ်နေ ,"Mon, 01 Apr 2024 02:54:13 GMT",https://www.bbc.com/burmese/articles/c3gm3lwrmlxo#1,https://www.bbc.com/burmese/articles/c3gm3lwrmlxo,ဖလော်ရီဒါမှာ ထိန်းမနိုင်လောက်အောင် ပွားလာနေတဲ့ မြန်မာ့ စပါးအုံးမြွေတွေကို သုတ်သင်ရှင်းလင်းဖို့ ကြေးစား မြွေဖမ်းသူတွေကို ခေါ်ခိုင်းနေရပါတယ်။
‘‘ငြိမ်းချမ်းရေးကို လက်နက်နဲ့ဖော်ဆောင်လို့မရပါ’’ - ပုပ်ရဟန်းမင်းကြီးရဲ့ အီစတာသတင်းစကား ,"Sun, 31 Mar 2024 14:54:31 GMT",https://www.bbc.com/burmese/articles/c6pk9rz52n3o#1,https://www.bbc.com/burmese/articles/c6pk9rz52n3o,ဗာတီကန်မှာ ပုပ်ရဟန်းမင်းကြီး ဖရန်စစ်က ဦးဆောင်ပြုလုပ်တဲ့ ခရစ်တော် ရှင်သန်ထမြောက်တဲ့ အီစတာတနင်္ဂနွေပွဲတော်မြင်ကွင်းတွေအပြင် ကမ္ဘာနဲ့ မြန်မာက အီစတာပွဲတော် ဓာတ်ပုံတွေကို စုစည်းဖော်ပြထားပါတယ်။
ဦးသိန်းညွန့် - ဗိုလ်ချုပ်မှူးကြီးသန်းရွှေရဲ့ နေပြည်တော်အိပ်မက်ကို အသက်သွင်းသူ,"Sun, 24 Mar 2024 12:06:07 GMT",https://www.bbc.com/burmese/articles/c3g7m4ypdnlo#3,https://www.bbc.com/burmese/articles/c3g7m4ypdnlo,နေပြည်တော်ကို လျှို့ဝှက်တည်ဆောက်ခဲ့တဲ့ ၂၀၀၂ ခုနှစ်ကတည်းက ဗိုလ်မှူးကြီးသိန်းညွန့်က  ဗိုလ်ချုပ်မှူးကြီးသန်းရွှေ ခေါင်းထဲက အစီအစဉ်တွေကို အကောင်အထည်ဖော်ပေးရတဲ့ အရေးပါသူတစ်ဦး ဖြစ်ပါတယ်။
ဆယ်စုနှစ်ချီ ပြင်ဆင်ထားမှုတွေက ထိုင်ဝမ်ငလျင်ထိခိုက်မှုကို ဘယ်လို လျော့နည်း စေခဲ့သလဲ,"Sat, 06 Apr 2024 15:53:06 GMT",https://www.bbc.com/burmese/articles/cd191z0dlj5o#0,https://www.bbc.com/burmese/articles/cd191z0dlj5o,ထိုင်ဝမ် ငလျင်ဟာ နှိုင်းယှဉ်မှုအရ ထိခိုက်မှုနည်းပါတယ်၊ ဒီလို ဖြစ်အောင် ကြိုတင် ပြင်ဆင်ထားမှုတွေက ဘာတွေပါလဲ။
ဧပြီ ၆ ရက် နိုင်ငံတဝန်း ထူးခြားသတင်းများအနှစ်ချုပ်,"Sat, 06 Apr 2024 09:27:20 GMT",https://www.bbc.com/burmese/articles/c72d2zwl2k5o#0,https://www.bbc.com/burmese/articles/c72d2zwl2k5o,ရခိုင်ပြည်နယ်၊ ဘူးသီးတောင်မြို့အခြေစိုက် စစ်ကောင်စီခြေမြန်တပ်ရင်းဌာနချုပ် (ခမရ-၅၆၄) ကို ဧပြီ ၅ ရက် မနက်ပိုင်းမှာ ရက္ခိုင့်တပ်တော်(အေအေ) က တိုက်ခိုက်သိမ်းပိုက်နိုင်ခဲ့တယ်လို့ အေအေက ထုတ်ပြန်ထားပါတယ်။
တရုတ်အမျိုးသမီးတွေ ဘာကြောင့်သူစိမ်းတွေနဲ့ အဖော်စပ်ငွေစုကြသလဲ,"Sat, 06 Apr 2024 03:22:16 GMT",https://www.bbc.com/burmese/articles/c3gql28np14o#0,https://www.bbc.com/burmese/articles/c3gql28np14o,တရုတ်ရဲ့ စီးပွားရေးကျဆင်းလာချိန်မှာ တရုတ်အိမ်ထောင်ရှင်အမျိုးသမီးတွေက သူတို့မိသားစုအတွက် ကျားကန်နိုင်မယ့် ငွေပိုစုပြီး ‌ချွေတာနိုင်မယ့် နည်းသစ်တွေကို ရှာဖွေသုံးလာပါတယ်။
မြဝတီ - လူမြင်ကွင်းမှာစစ်ကောင်စီတပ်ဖွဲ့တွေ မမြင်ရတော့တဲ့နယ်စပ်မြို့,"Sun, 07 Apr 2024 12:34:22 GMT",https://www.bbc.com/burmese/articles/c3gerlyy38lo#0,https://www.bbc.com/burmese/articles/c3gerlyy38lo,ထိုင်း-မြန်မာနယ်စပ်မြို့ မြဝတီမှာ မြို့စောင့်တပ်လို့အများခေါ်တဲ့ ခမရ ၂၇၅ ကို လက်နက်ချဖို့ KNLA/PDF ပူးပေါင်းအဖွဲ့တွေက ပြောနေချိန်မှာပဲ တပ်ပေါင်းစုံခြေချင်းထပ်တဲ့မြဝတီမြို့ထဲမှာ စစ်ကောင်စီတပ်သားတွေမရှိတော့ဘူးလို့ ‌ဒေသခံတွေက ဘီဘီစီကိုပြောပါတယ်။
ဧပြီ ၇ ရက် နိုင်ငံတဝန်း ထူးခြားသတင်းများအနှစ်ချုပ်,"Sun, 07 Apr 2024 08:14:15 GMT",https://www.bbc.com/burmese/articles/c0x3x01jny4o#0,https://www.bbc.com/burmese/articles/c0x3x01jny4o,မွန်ပြည်နယ်၊ မုဒုံက လေဆိပ်သစ်စီမံကိန်းကိုသွားတဲ့ ဗိုလ်ချုပ်ကြီးမြထွန်းဦးနဲ့အဖွဲ့ ဒရုန်းနဲ့တိုက်ခိုက်ခံရ၊ ကျိုက်ထိုမြို့နယ်ထဲမှာလည်း စစ်တပ်အခြေချနေရာ ၄ ခုထက်မနည်းကို တော်လှန်ရေးအင်အားစုတွေက တစ်နေ့တည်း တိုက်ခိုက်၊ နယ်စပ်ထွက်ရင် ဒစ်ဂျစ်တယ်အိုင်ဒီ(UID) ပါမှ ခွင့်ပြုတော့မယ်လို့ စစ်ကောင်စီပြောတဲ့သတင်းတွေ အပါအဝင် ဧပြီ ၇ ရက် ထိပ်တန်းရောက်သတင်းများ စုစည်းချက်
ဆလိုဗားကီးယားမှာ ရုရှားလိုလားတဲ့ သမ္မတလောင်းအနိုင်ရ,"Sun, 07 Apr 2024 16:15:37 GMT",https://www.bbc.com/burmese/articles/cv2ygepmknyo#0,https://www.bbc.com/burmese/articles/cv2ygepmknyo,ယူကရိန်းကို မစ် ၂၉ တိုက်လေယာဉ်တွေ ကူညီပေးအပ်ခဲ့တဲ့နိုင်ငံဖြစ်တဲ့ ဆလိုဗား ကီးယားမှာ ရုရှားလိုလားသူက သမ္မတရွေးကောက်ပွဲမှာ အနိုင်ရခဲ့
Deepfake နည်းပညာသုံးပြီး အချစ်ဆုံးသူငယ်ချင်းက ညစ်ညမ်းဆိုက်မှာ တင်ခံခဲ့ရသူ,"Sun, 07 Apr 2024 03:34:00 GMT",https://www.bbc.com/burmese/articles/c2ejj10810go#0,https://www.bbc.com/burmese/articles/c2ejj10810go, Deepfake နည်းပညာသုံးထားတဲ့ ညစ်ညမ်းဝက်ဆိုက်တွေမှာ ကိုယ့်ပုံတွေကို တင်ထားတဲ့သူဟာ ကိုယ့်ရဲ့ အချစ်ဆုံးသူငယ်ချင်း ဆိုတာကို သိလိုက်ရတဲ့ အမျိုးသမီးတစ်ဦးရဲ့ အကြောင်း
ကန်ဂနား ရာနာဝက်၊ အိန္ဒိယရုပ်ရှင်မင်းသမီးနဲ့ ဘီဂျေပီ ကိုယ်စားလှယ်လောင်းက အမဲသား မစားဘူးလို့ ငြင်းဆို,"Mon, 08 Apr 2024 16:32:36 GMT",https://www.bbc.com/burmese/articles/c19xk230zl8o#0,https://www.bbc.com/burmese/articles/c19xk230zl8o,ကန်ဂနား ရာနာဝက်၊ အိန္ဒိယရုပ်ရှင်မင်းသမီးနဲ့ ဘီဂျေပီ ကိုယ်စားလှယ်လောင်းက အမဲသား မစားဘူးလို့ ငြင်းဆို
ဓာတ်သတ္တုအပြိုင်ရှာဖွေ‌ရေးနဲ့ ပင်လယ်သမုဒ္ဒရာ ပထဝီ နိုင်ငံရေး,"Mon, 08 Apr 2024 10:40:16 GMT",https://www.bbc.com/burmese/articles/cpr003yn82go#0,https://www.bbc.com/burmese/articles/cpr003yn82go,ရာသီဥတုပြောင်းလဲမှု အကျပ်အတည်းကို ရင်ဆိုင်ရာမှာ အထောက်အကူဖြစ်စေမယ့် ဓာတ်သတ္တုတွေရှာဖွေဖို့ နိုင်ငံအတော်များများဟာ ပင်လယ်သမုဒ္ဒရာကြမ်းပြင်မှာ အပြိုင်နွှဲနေကြပါတယ်။
မြဝတီ - လူမြင်ကွင်းမှာစစ်ကောင်စီတပ်ဖွဲ့တွေ မမြင်ရတော့တဲ့နယ်စပ်မြို့,"Mon, 08 Apr 2024 04:10:01 GMT",https://www.bbc.com/burmese/articles/c3gerlyy38lo#0,https://www.bbc.com/burmese/articles/c3gerlyy38lo,ထိုင်း-မြန်မာနယ်စပ်မြို့ မြဝတီမှာ မြို့စောင့်တပ်လို့အများခေါ်တဲ့ ခလရ ၂၇၅ ကို လက်နက်ချဖို့ KNLA/PDF ပူးပေါင်းအဖွဲ့တွေက ပြောနေချိန်မှာပဲ တပ်ပေါင်းစုံခြေချင်းထပ်တဲ့မြဝတီမြို့ထဲမှာ စစ်ကောင်စီတပ်သားတွေမရှိတော့ဘူးလို့ ‌ဒေသခံတွေက ဘီဘီစီကိုပြောပါတယ်။
စစ်တပ်မရှိတော့တဲ့ ဖာပွန်မြို့,"Tue, 02 Apr 2024 12:15:06 GMT",https://www.bbc.com/burmese/articles/c51wrq8x4x8o#1,https://www.bbc.com/burmese/articles/c51wrq8x4x8o,ကရင်အမျိုးသားလွတ်မြောက်ရေးတပ်(KNLA)နဲ့ PDF ပူးပေါင်းတပ်ဖွဲ့တွေက အခုသီတင်းပတ်အတွင်း တိုက်ခိုက်သိမ်းပိုက်ခဲ့တဲ့ ဖာပွန်မြို့ဟာ ကရင်အမျိုးသားအစည်းအရုံး(KNU)အတွက် ဘယ်လောက်အရေးပါလဲ။
၂၀၂၄ ဖက်ရှင် - ဘယ်အရောင်တွေနဲ့ ဘယ်လိုဖက်ရှင်တွေ ခေတ်စားမလဲ,"Tue, 02 Apr 2024 11:46:22 GMT",https://www.bbc.com/burmese/articles/cle78ewg6zpo#1,https://www.bbc.com/burmese/articles/cle78ewg6zpo,၂၀၁၄ ခုနှစ်အတွင်း ကျွန်တော်တို့ ဝတ်စားဆင်ယင်တဲ့သွင်ပြင်ကို ပုံဖော်ပေးနိုင်ခြေရှိတဲ့ အရောင်တွေ၊ ချည်သားတွေနဲ့ ဖက်ရှင်ဒီဇိုင်းတွေအကြောင်း ဝင်ရောက်ဖတ်ရှုနိုင်ပါပြီ။
KIA သိမ်းပိုက်တဲ့ စိန်လုံစစ်တပ်ဗျူဟာစခန်း ဘယ်လောက်အရေးပါလဲ,"Mon, 01 Apr 2024 12:23:46 GMT",https://www.bbc.com/burmese/articles/cl4kxdp0g66o#1,https://www.bbc.com/burmese/articles/cl4kxdp0g66o,နှစ်ပေါင်း ၆၀ ကျော် မြန်မာစစ်တပ်အထိုင်ချခဲ့တဲ့ ကချင်ပြည်နယ် ဗန်းမော်-လွယ်ဂျယ် ကားလမ်း ပေါ် က စစ်ရေးဗျူဟာမြောက် စိန်လုံ( စိန်လုံကဘား) တပ်စခန်းကြီးကို ဧပြီ ၁ရက်မှာ အလုံးစုံသိမ်းပိုက်ခဲ့တယ်လို့  ကချင်လွတ်လပ်ရေးတပ် - KIA  က အတည်ပြုပါတယ်။
ဝေလမင်းသမီး ကိတ် မစ်ဒယ်တန်,"Mon, 25 Mar 2024 12:00:59 GMT",https://www.bbc.com/burmese/articles/cq5vy8eppywo#3,https://www.bbc.com/burmese/articles/cq5vy8eppywo,ဝေလမင်းသမီး ကိတ်မစ်ဒယ်တန်တစ်ယောက်  ဗြိတိသျှတော်ဝင်မိသားစုထဲ အရေးပါတဲ့သူတစ်‌ဦး ဘယ်လိုဖြစ်လာသလဲ
ဂါဇာ အငတ်ဘေး - ‘အစာပြတ်ပြီးသေရတဲ့ ကျွန်မချစ်သားလေး’,"Sun, 24 Mar 2024 02:44:35 GMT",https://www.bbc.com/burmese/articles/ckd8y2g40ylo#3,https://www.bbc.com/burmese/articles/ckd8y2g40ylo,အကူအညီရရှိမှုကင်းမဲ့နေတာကြောင့် ‘‘အငတ်ဘေးဆိုက်မယ့်အခြေ’’ကို ရောက်နေတယ်လို့ ကုလသမဂ္ဂက သတိပေးနေတဲ့ ဂါဇာ‌မြောက်ပိုင်းမှာ အစာရေစာပြတ်လပ်မှု ဘယ်လောက်အထိဆိုးရွားနေပါလဲ။
ပြင်ဦးလွင်က အကွက်ရိုက်မြေကွက်တွေ ပိုင်ဆိုင်မှု ခိုင်မာလား,"Tue, 09 Apr 2024 15:34:20 GMT",https://www.bbc.com/burmese/articles/c164jk134lwo#0,https://www.bbc.com/burmese/articles/c164jk134lwo,ပြင်ဦးလွင်မြို့မှာ နည်းမျိုးစုံနဲ့အကွက်ချရောင်းချတဲ့မြေတွေဟာ သစ်တောမြေဆိုပြီး သစ်တောဌာနက ဆိုင်းဘုတ်ထောင် သတိပေး‌နေသလို တပ်ပိုင်မြေလို့ဆိုကာ ဖြိုဖျက်ခံရတဲ့အုတ်တံတိုင်းခတ် ခြံကွက်မြေကွက်တွေရှိနေပါတယ်။
ရာသီဥတုပြောင်းလဲမှု -  မတ်လစံချိန်တင်အပူကြောင့် အနေအထားသစ်ကို ဝင်လာနေပြီ,"Tue, 09 Apr 2024 16:49:31 GMT",https://www.bbc.com/burmese/articles/czd8wy144j0o#0,https://www.bbc.com/burmese/articles/czd8wy144j0o,ရာသီဥတုပြောင်းလဲမှု ဆိုင်ရာ ကိန်းဂဏန်း အသစ်တွေအရ ကမ္ဘာ့ရာသီဥတု ပြောင်းလဲမှုက ပိုမြန်ဆန်တဲ့ အဆင့်သစ်ကို ပြောင်းသွားမလားဆိုပြီး စိုးရိမ်မှုတွေ ရှိ
ရဝမ်ဒါ လူမျိုးတုံး သတ်ဖြတ်မှု နှစ် ၃၀ ပြည့် - ကျွန်မရဲ့အိမ်အပြန်ခရီး,"Tue, 09 Apr 2024 12:28:51 GMT",https://www.bbc.com/burmese/articles/clm7m7j95zdo#0,https://www.bbc.com/burmese/articles/clm7m7j95zdo,အသက် ၁၂ နှစ်အရွယ်မှာ ရဝမ်ဒါနိုင်ငံကနေ ထွက်ပြေးလာခဲ့တဲ့ ဘီဘီစီတင်ဆက်သူ ဗစ်တိုးရီးယား အူဝမ်ဟွန်ဒါဟာ သူ့ရဲ့အတိတ်ကို ရင်ဆိုင်ဖို့ ရဝမ်ဒါကို ပထမဆုံးအကြိမ်ပြန်သွားခဲ့ပါတယ်။
နှစ်ပတ်သင်တန်းတက်ပြီး ပြည်တွင်းစစ်ထဲဝင်တိုက်ရတဲ့ရိုဟင်ဂျာတွေ,"Thu, 04 Apr 2024 12:06:16 GMT",https://www.bbc.com/burmese/articles/c8761zmex4jo#1,https://www.bbc.com/burmese/articles/c8761zmex4jo,‘’ကျွန်တော်အိမ်ပြန်ရောက်တော့ အမေ့ကို ဖက်ငိုတယ်။ အမေ့ဗိုက်ထဲကနေ နောက်တစ်ခါ ပြန်မွေးလိုက်သလိုပါပဲ’’ လို့ မိုဟာမက်ကပြောပါတယ်။
နေပြည်တော်ဒရုန်းတိုက်ခိုက်ခံရမှု ဘာတွေထူးခြားလဲ,"Thu, 04 Apr 2024 14:33:11 GMT",https://www.bbc.com/burmese/articles/c51dnxyy09xo#1,https://www.bbc.com/burmese/articles/c51dnxyy09xo,အာဏာသိမ်း သုံးနှစ်အတွင်း နေပြည်တော်မှာ ပေါက်ကွဲမှု တချို့ရှိခဲ့ဖူးပြီး အေလာလေဆိပ်လည်း ပစ်ခတ်တိုက်ခိုက်ခံခဲ့ရဖူးပါတယ်။
၃၁ နှစ်ကြာ တပ်ချုပ်နှစ်ဦးတည်း အာဏာထူထောင်ခန်း,"Wed, 27 Mar 2024 08:21:43 GMT",https://www.bbc.com/burmese/articles/cv2y43zn2vjo#3,https://www.bbc.com/burmese/articles/cv2y43zn2vjo,စစ်တပ်ကအာဏာသိမ်းအုပ်ချုပ်တဲ့ကာလ ၅၇ နှစ်အထိ ရှိခဲ့တဲ့ မြန်မာပြည်မှာ နောက်ဆုံး စစ်ခေါင်းဆောင်နှစ်ဦးရဲ့ အာဏာသက်ရှည်အောင် ကြိုးစားကြပုံ အကြောင်းကို ဒီဆောင်းပါးမှာ ဖတ်ရှုရမှာဖြစ်ပါတယ်။
ခလရ ၂၇၅ - မြဝတီမြို့ပြင်တိုက်ပွဲ ဘာဆက်ဖြစ်နေလဲ,"Wed, 10 Apr 2024 13:26:54 GMT",https://www.bbc.com/burmese/articles/cqvndx2yv47o#0,https://www.bbc.com/burmese/articles/cqvndx2yv47o,"စစ်တပ်နဲ့ နီးစပ်တဲ့ သတင်းရင်းမြစ်ကတော့ ခလရ ၂၇၅ ကိုလက်မလွှတ်ရဖို့ မြေပြင် စစ်ကူတွေ လေကြောင်းပစ်ကူတွေနဲ့ ကာကွယ်ဖို့ ညွှန်ကြားချက်ရှိထားတယ်လို့ ဘီဘီစီကို ပြောပါတယ်။
''စစ်တပ်က လူကုန်၊ကျည်ကုန် ရိက္ခာကုန်တဲ့အထိ ကိုတိုက်မှာ'' လို့ သတင်းရင်းမြစ်က ပြောပါတယ်။
"
အစ္စရေးက ဘယ်ကနေ လက်နက်တွေ ရလဲ,"Tue, 09 Apr 2024 17:02:40 GMT",https://www.bbc.com/burmese/articles/cx9w8gg949vo#0,https://www.bbc.com/burmese/articles/cx9w8gg949vo,ဂါဇာကမ်းမြောင်မှာ ဟားမတ်စ်တွေကို တိုက်နေတဲ့ အစ္စရေးတို့ရဲ့ စစ်ဆင်ရေး လုပ်ဆောင်ပုံနဲ့ ပတ်သက်ပြီး အနောက်နိုင်ငံအစိုးရတွေအနေနဲ့ အစ္စရေးကို လက်နက်ရောင်းချနေတာတွေ ရပ်ဆိုင်းဖို့ ဖိအားများစွာကို ရင်ဆိုင်နေရပါတယ်။
“၁၇ နှစ်ကြာမှ ပြန်ဆုံခွင့်ရတဲ့သမီးကြောင့် ကျွန်မဘဝ အသစ်တဖန်ပြန်လည်မွေးဖွားခဲ့ပြီ”,"Fri, 05 Apr 2024 03:08:26 GMT",https://www.bbc.com/burmese/articles/c03rqeq0ql6o#1,https://www.bbc.com/burmese/articles/c03rqeq0ql6o,စီတရက် ဖာရိုဟီ ဟာ အသက် ၁၅ နှစ်မှာ သူ့ဆန္ဒမပါဘဲ လက်ထပ်ထိမ်းမြားပေးခံခဲ့ရသူဖြစ်ပါတယ်။ သူနဲ့ခင်ပွန်းဖြစ်သူတို့ ကွာရှင်းတဲ့အခါ အီရန်ဥပဒေအရ သမီးငယ်ကို အဖေဖြစ်သူနဲ့ ချန်ထားရစ်ခဲ့ရပါတယ်။ သူတို့နှစ်ဦးပြန်လည်ဆုံတွေ့နိုင်ဖို့ ၁၇ နှစ်ကြာအောင် သူစောင့်ဆိုင်းခဲ့ရပါတယ်။
စစ်မီးကူးလာတဲ့ ရာမညက ဓမ္မသ ,"Fri, 29 Mar 2024 12:01:29 GMT",https://www.bbc.com/burmese/articles/cd17pvxmgd5o#3,https://www.bbc.com/burmese/articles/cd17pvxmgd5o,“စစ်ကောင်စီက လက်တုံ့ပြန်တဲ့ သဘောလည်းဖြစ်မယ်၊ နောက်တစ်ခုက ဓမ္မသရွာက မွန်ပြည်သစ်ပါတီ (AD)ရဲ့ ခေါင်းဆောင်တစ်ယောက်ဖြစ်တဲ့ နိုင်ဗညားလယ်ရဲ့ ဇာတိလေ။ အဲဒါကြောင့် အဓိကပါမယ်။ ဥပမာပေးပြောရရင် ဒေါက်တာဆာဆာကို မကျေနပ်လို့ သူ့ဇာတိဖြစ်တဲ့ ထန်တလန်ကို ချေပစ်လိုက်တယ် အဲဒီသဘောပါပဲ”လို့ ဒေသခံတစ်ယောက်က ပြောပါတယ်။
ကရင်လက်နက်ကိုင်အဖွဲ့စုံနေတဲ့ မြဝတီရဲ့ အုပ်ချုပ်ရေးယန္တရားဘယ်လိုလည်ပတ်မလဲ,"Thu, 11 Apr 2024 13:03:38 GMT",https://www.bbc.com/burmese/articles/c72p817l54do#0,https://www.bbc.com/burmese/articles/c72p817l54do,“မြဝတီမြို့ကို သိမ်းလိုက်တဲ့အခြေနေတော့ ဖြစ်တာပေါ့နော်။ ဒါပေမယ့် ကျွန်‌တော်တို့အားလုံး အဆင်ချော အောင် ဆက်လုပ်ရမယ့် အနေထားတော့ရှိပါသေးတယ်။ ကရင်အမျိုးသားအချင်းချင်း အဖိနှိပ်ခံဘဝက အတူတူပဲမို့ အခက်ခဲမရှိပါဘူးလို့ပြောချင်ပါတယ်။ “ လို့ ကရင်အဖွဲ့စုံကြားမှာ ညှိနှိုင်းဆောင်ရွက်မယ့် သဘော ပဒိုကလယ်စေး ဘီဘီစီကိုတုံ့ပြန်ပါတယ်။
ကျူးမင်းလန် - ဗီယက်နမ်သန်းကြွယ်သူဌေးမကြီး ဒေါ်လာ ၄၄ ဘီလျံလိမ်လည်မှုနဲ့သေဒဏ်ချမှတ်ခံရ,"Thu, 11 Apr 2024 11:22:40 GMT",https://www.bbc.com/burmese/articles/cydryq060qyo#0,https://www.bbc.com/burmese/articles/cydryq060qyo,ကျူးမင်းလန်ဟာ စျေးထဲ အလှန်ကုန်ရောင်းသူအဖြစ်နဲ့ဘဝကိုစတင်ခဲ့သူဖြစ်ပါတယ်။ အခုတော့ နိုင်ငံရဲ့အကြီးဆုံးဘဏ်ကြီးတစ်ဘဏ်ကနေ ဒေါ်လာဘီလျံချီတဲ့ငွေတွေ လိမ်လည်မှုနဲ့သေဒဏ်ချမှတ်ခံလိုက်ရပါတယ်။
“မြန်မာ ဆိုက်ဘာကျွန်စခန်းထဲက ကျွန်တော့်ဘဝ ငရဲခန်း”,"Thu, 11 Apr 2024 10:24:26 GMT",https://www.bbc.com/burmese/articles/cjkd3ye677mo#0,https://www.bbc.com/burmese/articles/cjkd3ye677mo,သီရိလင်္ကာနိုင်ငံက အသက် ၂၅ နှစ်အရွယ် အိုင်တီပညာရှင် ရာဗီဟာ တရုတ်စကားပြော ဂိုဏ်းသမားတွေ လည်ပတ်တဲ့ လျှို့ဝှက်အလုပ်စခန်းရှိရာ မြန်မာနိုင်ငံထဲကို လူကုန်ကူးခံခဲ့ရပါတယ်။ ငွေကြေးစုဆောင်းထား တဲ့ အနောက်နိုင်ငံသားတွေကို အွန်လိုင်းကနေ ပစ်မှတ်ထားလိမ်လည်ဖို့ အဓမ္မစေခိုင်းခံခဲ့ရပြီး ခိုင်းတဲ့အတိုင်းမလုပ်ရင် မျက်နှာကို ထိုးနှက်တာနဲ့ နှိပ်စက်တာတွေ ခံခဲ့ရတယ်လို့ သူက ပြောပါတယ်။
ဇမ်ဘီယာမှာ တရုတ် အွန်လိုင်းငွေလိမ်ဂိုဏ်းကြီးကို ဖမ်းမိခဲ့,"Wed, 10 Apr 2024 17:58:48 GMT",https://www.bbc.com/burmese/articles/cd13d92wx7xo#0,https://www.bbc.com/burmese/articles/cd13d92wx7xo,ဇမ်ဘီယာနိုင်ငံမှာ ဇမ်ဘီယာ လူငယ်လေးတွေကို အလုပ်ခန့်ပြီး  အွန်လိုင်းပေါ်ကနေ ငွေတွေလိုက်လိမ်နေတဲ့ တရုတ် ကွန်ရက်ဂိုဏ်းကြီးကို ဖမ်းဆီးမိခဲ့ပါတယ်။
ဓာတ်သတ္တုအပြိုင်ရှာဖွေ‌ရေးနဲ့ ပင်လယ်သမုဒ္ဒရာ ပထဝီ နိုင်ငံရေး,"Mon, 08 Apr 2024 10:40:16 GMT",https://www.bbc.com/burmese/articles/cpr003yn82go#1,https://www.bbc.com/burmese/articles/cpr003yn82go,ရာသီဥတုပြောင်းလဲမှု အကျပ်အတည်းကို ရင်ဆိုင်ရာမှာ အထောက်အကူဖြစ်စေမယ့် ဓာတ်သတ္တုတွေရှာဖွေဖို့ နိုင်ငံအတော်များများဟာ ပင်လယ်သမုဒ္ဒရာကြမ်းပြင်မှာ အပြိုင်နွှဲနေကြပါတယ်။
Deepfake နည်းပညာသုံးပြီး အချစ်ဆုံးသူငယ်ချင်းက ညစ်ညမ်းဆိုက်မှာ တင်ခံခဲ့ရသူ,"Sun, 07 Apr 2024 03:34:00 GMT",https://www.bbc.com/burmese/articles/c2ejj10810go#1,https://www.bbc.com/burmese/articles/c2ejj10810go, Deepfake နည်းပညာသုံးထားတဲ့ ညစ်ညမ်းဝက်ဆိုက်တွေမှာ ကိုယ့်ပုံတွေကို တင်ထားတဲ့သူဟာ ကိုယ့်ရဲ့ အချစ်ဆုံးသူငယ်ချင်း ဆိုတာကို သိလိုက်ရတဲ့ အမျိုးသမီးတစ်ဦးရဲ့ အကြောင်း
တရုတ်အမျိုးသမီးတွေ ဘာကြောင့်သူစိမ်းတွေနဲ့ အဖော်စပ်ငွေစုကြသလဲ,"Sat, 06 Apr 2024 03:22:16 GMT",https://www.bbc.com/burmese/articles/c3gql28np14o#1,https://www.bbc.com/burmese/articles/c3gql28np14o,တရုတ်ရဲ့ စီးပွားရေးကျဆင်းလာချိန်မှာ တရုတ်အိမ်ထောင်ရှင်အမျိုးသမီးတွေက သူတို့မိသားစုအတွက် ကျားကန်နိုင်မယ့် ငွေပိုစုပြီး ‌ချွေတာနိုင်မယ့် နည်းသစ်တွေကို ရှာဖွေသုံးလာပါတယ်။
ဒီနွေ အမြန် ကုန်ပါစေ,"Fri, 05 Apr 2024 12:18:59 GMT",https://www.bbc.com/burmese/articles/c4n5169w1pgo#1,https://www.bbc.com/burmese/articles/c4n5169w1pgo,ခြံနေရာမရှိသလောက်နဲ့ လေဝင်လေထွက်၊ အလင်းကောင်းကောင်းမရတဲ့ ရန်ကုန်မြို့က တိုက်ခန်းတွေကတော့ အပူဒဏ်အပြင် မီးပြတ်တဲ့ ဒဏ်တွေကိုပါ ထပ်ဆင့်ခံစားကြရပါတယ်။
၂၀၂၄ ဖက်ရှင် - ဘယ်အရောင်တွေနဲ့ ဘယ်လိုဖက်ရှင်တွေ ခေတ်စားမလဲ,"Tue, 02 Apr 2024 11:46:22 GMT",https://www.bbc.com/burmese/articles/cle78ewg6zpo#3,https://www.bbc.com/burmese/articles/cle78ewg6zpo,၂၀၁၄ ခုနှစ်အတွင်း ကျွန်တော်တို့ ဝတ်စားဆင်ယင်တဲ့သွင်ပြင်ကို ပုံဖော်ပေးနိုင်ခြေရှိတဲ့ အရောင်တွေ၊ ချည်သားတွေနဲ့ ဖက်ရှင်ဒီဇိုင်းတွေအကြောင်း ဝင်ရောက်ဖတ်ရှုနိုင်ပါပြီ။
ဖလော်ရီဒါမှာ မြန်မာ့စပါးအုံးမြွေတွေ မထိန်းနိုင်အောင် ပွားလို့ အန္တရာယ်ဖြစ်နေ ,"Mon, 01 Apr 2024 02:54:13 GMT",https://www.bbc.com/burmese/articles/c3gm3lwrmlxo#3,https://www.bbc.com/burmese/articles/c3gm3lwrmlxo,ဖလော်ရီဒါမှာ ထိန်းမနိုင်လောက်အောင် ပွားလာနေတဲ့ မြန်မာ့ စပါးအုံးမြွေတွေကို သုတ်သင်ရှင်းလင်းဖို့ ကြေးစား မြွေဖမ်းသူတွေကို ခေါ်ခိုင်းနေရပါတယ်။
 အစ္စရေးကို အီရန် တိုက်မှာကို စိုးရိမ်နေချိန် နေတန်ညာဟုနဲ့ ထိပ်တန်း အရာရှိတွေ တွေ့,"Fri, 12 Apr 2024 16:50:51 GMT",https://www.bbc.com/burmese/articles/c2897k0knp8o#0,https://www.bbc.com/burmese/articles/c2897k0knp8o,အရင်နှစ်ပတ်က လေကြောင်းတိုက်ခိုက်မှုမှာ အီရန် တပ်မှူးကြီးနှစ်ယောက် သေဆုံးခဲ့တာကို အီရန်ဘက်က လက်တုံ့ပြန်မှာကို စိုးရိမ်ပြီး တင်းမာမှုတွေ မြင့်တက်နေပါတယ်။
အငြိမ်းစား စစ်ဗိုလ်ချုပ် ဦးမြင့်လှိုင် ဘာကြောင့် အဖမ်းခံရသလဲ,"Fri, 12 Apr 2024 14:32:47 GMT",https://www.bbc.com/burmese/articles/c8vzmp2r29yo#0,https://www.bbc.com/burmese/articles/c8vzmp2r29yo,ဗိုလ်ချုပ်မှူးကြီးမင်းအောင်လှိုင်ရဲ့ အာဏာသိမ်းကာလမှာ ဗိုလ်ချုပ်မှူးကြီးသန်းရွှေ ရဲ့ စစ်အစိုးရလက်ထက်က လူဟောင်းဖြစ်သူ ဦးသိန်းစိန်အစိုးရလက်ထက်ဝန်ကြီးတစ်ဦး ပထမဆုံးနောက်ကြောင်းပြန် အရေးယူခံရတာလည်း ဖြစ်ပါတယ်။
မြဝတီကထွက်ပြေးတဲ့ မြန်မာစစ်သားတွေကို ထိုင်းဘက်က ဝင်ခွင့်ပြုမှာလား,"Fri, 12 Apr 2024 14:46:46 GMT",https://www.bbc.com/burmese/articles/c0v0n81770vo#0,https://www.bbc.com/burmese/articles/c0v0n81770vo,လက်နက်တွေဖြုတ်သိမ်းပြီးအရပ်သားလိုဝတ်ဆင်လာရင်တော့ သူတို့ဖြတ်လာတာကိုခွင့်ပြုပေးနိုင်ပါတယ်” လို့  ထိုင်းဒုဝန်ကြီး ချုပ်၊ နိုင်ငံခြားရေး ဝန်ကြီး ပန်ပရီးက ဧပြီ ၁၂ ရက်  မဲဆောက်ခရီးစဥ်အတွင်း သတင်းထောက်တွေနဲ့ တွေ့ဆုံချိန်မှာ ချစ်ကြည်ရေးတံတားအမှတ် ၂ မှာ ခိုလှုံနေတဲ့ မြန်မာစစ်သားတွေနဲ့ပတ်သက်လို့ ဖြေကြားခဲ့ပါတယ်။
မြဝတီ - လူမြင်ကွင်းမှာစစ်ကောင်စီတပ်ဖွဲ့တွေ မမြင်ရတော့တဲ့နယ်စပ်မြို့,"Mon, 08 Apr 2024 04:10:01 GMT",https://www.bbc.com/burmese/articles/c3gerlyy38lo#1,https://www.bbc.com/burmese/articles/c3gerlyy38lo,ထိုင်း-မြန်မာနယ်စပ်မြို့ မြဝတီမှာ မြို့စောင့်တပ်လို့အများခေါ်တဲ့ ခလရ ၂၇၅ ကို လက်နက်ချဖို့ KNL/PDF ပူးပေါင်းအဖွဲ့တွေက ပြောနေချိန်မှာပဲ တပ်ပေါင်းစုံခြေရှုပ်တဲ့မြဝတီမြို့ထဲမှာ စစ်ကောင်စီတပ်သားတွေမရှိတော့ဘူးလို့ ‌ဒေသခံတွေက ဘီဘီစီကိုပြောပါတယ်။
ရခိုင်ပြည်နယ်ကို အေအေ ဘယ်လောက် ထိန်းချုပ်ထားနိုင်ပြီလဲ,"Sat, 13 Apr 2024 12:48:16 GMT",https://www.bbc.com/burmese/articles/c72p6vynev3o#0,https://www.bbc.com/burmese/articles/c72p6vynev3o,တိုက်ပွဲကာလ ၅ လအတွင်း ရက္ခိုင့်တပ်တော်(အေအေ) က ရခိုင်ပြည်နယ်ထဲက မြို့ ၈ မြို့အပါအဝင် ရခိုင်နဲ့ချင်းနယ်စပ်က ပလက်ဝမြို့တို့ကို ထိန်းချုပ်ထားပါတယ်။
ဆစ်ဒနီကုန်တိုက်ထဲ ဓားနဲ့တိုက်ခိုက်ခံရလို့ အနည်းဆုံး လူ ၆ ဦး သေဆုံး,"Sat, 13 Apr 2024 11:31:47 GMT",https://www.bbc.com/burmese/articles/cjk4mv01gl8o#0,https://www.bbc.com/burmese/articles/cjk4mv01gl8o,ဆစ်ဒနီကုန်တိုက်ထဲ ဓားနဲ့တိုက်ခိုက်ခံရလို့ လူ ၆ ဦး သေဆုံးပြီး အများအပြား ဒဏ်ရာရကြောင်း အတည်ပြုထား၊ ကလေးငယ်တစ်ဦးလည်း ခွဲစိတ်ကုသမှု ခံယူနေရ
ဧပြီ ၁၃ ရက် နိုင်ငံတဝန်း ထူးခြားသတင်းများ အနှစ်ချုပ်,"Sat, 13 Apr 2024 11:01:26 GMT",https://www.bbc.com/burmese/articles/cp4grqq5q5zo#0,https://www.bbc.com/burmese/articles/cp4grqq5q5zo,ရခိုင်ပြည်နယ်၊ မောင်တောမြို့နယ်မှာရှိတဲ့ စစ်ကောင်စီတပ်ရဲ့ ကြိမ်ချောင်းဗျူဟာစခန်းကို ဧပြီ ၁၂ ရက်မှာ အပြီးသတ်တိုက်ခိုက်သိမ်းယူခဲ့တယ်လို့ ရက္ခိုင့်တပ်တော်(အေအေ) က ဒီနေ့မနက်ပိုင်းမှာ သတင်းထုတ်ပြန်လာပါတယ်။
မြဝတီကထွက်ပြေးတဲ့ မြန်မာစစ်သားတွေကို ထိုင်းဘက်က ဝင်ခွင့်ပြုမှာလား,"Sat, 13 Apr 2024 06:12:46 GMT",https://www.bbc.com/burmese/articles/c0v0n81770vo#0,https://www.bbc.com/burmese/articles/c0v0n81770vo,လက်နက်တွေဖြုတ်သိမ်းပြီးအရပ်သားလိုဝတ်ဆင်လာရင်တော့ သူတို့ဖြတ်လာတာကိုခွင့်ပြုပေးနိုင်ပါတယ်” လို့  ထိုင်းဒုဝန်ကြီး ချုပ်၊ နိုင်ငံခြားရေး ဝန်ကြီး ပန်ပရီးက ဧပြီ ၁၂ ရက်  မဲဆောက်ခရီးစဥ်အတွင်း သတင်းထောက်တွေနဲ့ တွေ့ဆုံချိန်မှာ ချစ်ကြည်ရေးတံတားအမှတ် ၂ မှာ ခိုလှုံနေတဲ့ မြန်မာစစ်သားတွေနဲ့ပတ်သက်လို့ ဖြေကြားခဲ့ပါတယ်။
အီရန်က ပစ်လာတဲ့ ဒရုန်းနဲ့ ဒုံးကျည်ရာချီကို ပစ်ချလိုက်တယ်လို့ အစ္စရေးပြော,"Sun, 14 Apr 2024 07:01:28 GMT",https://www.bbc.com/burmese/articles/cx9wl28lzkeo#0,https://www.bbc.com/burmese/articles/cx9wl28lzkeo,အီရန်ဘက်ကနေ ပစ်လိုက်တဲ့ ဒရုန်းနဲ့ ဒုံးကျည် ၂၀၀ ကျော်ထဲက အများစုကို မဟာမိတ်တွေနဲ့အတူ ကြားဖြတ် ဟန့်တားနိုင်ခဲ့တယ်လို့ အစ္စအရေးက ပြောပါတယ်။ ဒီတိုက်ခိုက်မှုနောက်ဆုံးရသတင်းတွေကို အခုစာမျက်နှာမှာဖြည့်စွက်ဖော်ပြပေးသွားမှာဖြစ်ပါတယ်။
ကွက်ကျားကျရောက်ပြန်တဲ့ ၂၀၂၄ အတာသင်္ကြန်,"Sun, 14 Apr 2024 12:09:53 GMT",https://www.bbc.com/burmese/articles/crgyrlk0wrvo#0,https://www.bbc.com/burmese/articles/crgyrlk0wrvo,၂၀၂၄ ခုနှစ် မြန်မာ့အတာသင်္ကြန်ပွဲတော်ဟာ စစ်ကောင်စီထိန်းချုပ်မှုအောက်ရှိနေတဲ့ မြို့ကြီးတွေနဲ့မြို့ငယ်တွေမှာ အာဏာသိမ်းပြီးနှစ်တွေကထက် စည်ကားလာတာမြင်တွေ့ရတယ်လို့ ‌ဒေသခံတွေက ပြောပါတယ်။  တိုက်ပွဲတွေဖြစ်ရာအရပ်တွေမှာရော သင်္ကြန်ဘယ်လိုကျကြလဲ၊  မြန်မာတွေရဲ့ သင်္ကြန်ကို ဘယ်လိုဆင်နွှဲနေကြလဲ... စုစည်းရေးသား‌ထားပါတယ်။
ဧပြီ ၁၄ ရက် နိုင်ငံတဝန်း ထူးခြားသတင်းများ အနှစ်ချုပ်,"Sun, 14 Apr 2024 09:56:18 GMT",https://www.bbc.com/burmese/articles/cv207g7n1lyo#0,https://www.bbc.com/burmese/articles/cv207g7n1lyo,စစ်အာဏာသိမ်းပြီးနောက် နှစ်ဖက်တိုက်ပွဲဆက်တိုက်ပြင်းထန်ခဲ့တဲ့ ကယား (ကရင်နီ) ပြည်နယ်ကနေ ရှမ်းပြည်နယ်တောင်ပိုင်းကို စစ်ရှောင်ခဲ့ရာကနေ အခုနှစ်အစပိုင်းကစလို့ ကရင်နီဒေသထဲ ပြန်လည်ခိုလှုံလာတာကြောင့် စစ်ရှောင်ကူညီရေးအခက်အခဲရှိနေပါတယ်။
ထန်းရည်ချိုနဲ့ ဧည့်ခံတဲ့ ညောင်ရမ်းခေတ် နန်းတွင်းသင်္ကြန်,"Sun, 14 Apr 2024 02:37:32 GMT",https://www.bbc.com/burmese/articles/c3gee92ze7lo#0,https://www.bbc.com/burmese/articles/c3gee92ze7lo,မြန်မာပြည်မှာ သင်္ကြန်ကို ဘယ်အချိန်ကစပြီး ရေသဘင်ပွဲအဖြစ် ကျင်းပခဲ့တယ်ဆိုတာ အတိအကျ မသိရပေမယ့် သင်္ကြန်ပွဲလုပ်ဆောင်ပုံကို မှတ်တမ်းအနေနဲ့ သေချာတွေ့ရတာက  အင်ရုံ၀န်ကြီးရဲ့ အင်ရုံစာတမ်းမှာ ဖြစ်ပါတယ်။
ကိုယ်ဝန်ဖျက်ချမှု ပိတ်ပင်တဲ့ ဒေါ်နယ်ထရမ့်ကို ကမလာဟဲရစ်က မဲဆွယ်ပွဲမှာ အပြစ်တင်,"Sat, 13 Apr 2024 16:48:47 GMT",https://www.bbc.com/burmese/articles/c103g9zjz10o#0,https://www.bbc.com/burmese/articles/c103g9zjz10o,"ဒေါ်နယ်ထရမ့်ဟာ ကျန်းမာရေးစောင့်ရှောက်မှုအကျပ်အတည်းအတွက် ဗိသုကာပါပဲ” လို့ မစ္စ ဟဲရစ်က ဧပြီ ၁၂ ရက်နေ့မှာ ရေးသားခဲ့ပါတယ်။
“ထရမ့်ရဲ့ ဒုတိယသက်တမ်းဟာ ပိုမိုဆိုးရွားမှာဖြစ်ပြီး သူဟာ တစ်နိုင်ငံလုံးအတိုင်းအတာအားဖြင့် ကိုယ်ဝန်ဖျက်ချခွင့်ကို ပိတ်ပင်ပါလိမ့်မယ်” လို့ သူက ဆက်ပြောပါတယ်။
"
အီရန်နဲ့ အစ္စရေး စစ်ကြီးမဖြစ်အောင် အမေရိကန်နဲ့ မဟာမိတ်တွေ ဟန့်တားနိုင်မှာလား,"Mon, 15 Apr 2024 15:22:51 GMT",https://www.bbc.com/burmese/articles/cv2xrqezpw9o#0,https://www.bbc.com/burmese/articles/cv2xrqezpw9o,အရှေ့အလယ်ပိုင်းမှာ ပျက်စီးထိခိုက်မှုကျယ်ပြန့်လာမယ့်ပဋိပက္ခမဖြစ်အောင် ကာကွယ်ဖို့ ကမ္ဘာ့ခေါင်းဆောင်တွေ ရေးကြီးသုတ်ပြာကြိုးပမ်းနေကြပါတယ်။
အာဏခိုင်မာအောင် မထိန်းချုပ်နိုင်သူ အဖြစ် နေပြည်တော် စစ်ခေါင်းဆောင်ရဲ့ အနာဂတ်အပေါ် တရုတ်သုံးသပ်နေပြီလား,"Mon, 15 Apr 2024 13:12:33 GMT",https://www.bbc.com/burmese/articles/cll4j7ljy6vo#0,https://www.bbc.com/burmese/articles/cll4j7ljy6vo,အာဏာသိမ်းစစ်ခေါင်းဆောင်ဟာ ကျားဖြန့် နှိမ်နှင်းရေး ကိစ္စ ကနဦး ကာလတွေမှာ တရုတ်တောင်းဆိုချက်တွေကို မတုန့်ပြန်ပဲနေခဲ့
တပ်မြို့ပြင်ဦးလွင် ရှော့တိုက်ဒုံးတိုက်ခိုက်ခံရမှု ဘယ်လိုဖြစ်ခဲ့လဲ,"Mon, 15 Apr 2024 11:21:11 GMT",https://www.bbc.com/burmese/articles/cn03r8kg7p0o#0,https://www.bbc.com/burmese/articles/cn03r8kg7p0o,တပ်မြို့လို့ အများက ‌ခေါ်ကြတဲ့ပြင်ဦးလွင်မှာ ဧပြီလ ၁၄ ရက်ညပိုင်းတုန်းက ‌ရှော့တိုက်ဒုံးဆယ်နဲ့ချီ တိုက်ခိုက်မှုတွေဖြစ်ခဲ့ပြီး လူထိခိုက်သေဆုံးမှုတွေလည်းရှိခဲ့ပါတယ်။
အစ္စရေးကို တိုက်ခိုက်မှုအပြီး အီရန်နိုင်ငံထဲ ဘယ်လိုအခြေအနေရှိနေလဲ,"Mon, 15 Apr 2024 08:45:37 GMT",https://www.bbc.com/burmese/articles/c72p1x7p21lo#0,https://www.bbc.com/burmese/articles/c72p1x7p21lo,အီရန်ဟာ သူ့ရဲ့နိုင်ငံ့ပိုင်နက်ထဲကနေ ပထမဆုံးအကြိမ်အနေနဲ့ အစ္စရေးကို ပစ်မှတ်ထားခဲ့ပြီးတဲ့နောက် နိုင်ငံထဲမှာတော့ အစ္စရေးဘက်က လက်တုံ့ပြန်လာမှာကို စိုးရိမ်မှုတွေရှိနေပါတယ်။
စစ်အာဏာသိမ်း ၄ နှစ်မြောက်မှာကျရောက်တဲ့သင်္ကြန် ပြန်လည်စည်ကားလာသလား,"Sun, 14 Apr 2024 12:09:53 GMT",https://www.bbc.com/burmese/articles/crgyrlk0wrvo#0,https://www.bbc.com/burmese/articles/crgyrlk0wrvo,၂၀၂၄ ခုနှစ် မြန်မာ့အတာသင်္ကြန်ပွဲတော်ဟာ စစ်ကောင်စီထိန်းချုပ်မှုအောက်ရှိနေတဲ့ မြို့ကြီးတွေနဲ့မြို့ငယ်တွေမှာ အာဏာသိမ်းပြီးနှစ်တွေကထက် စည်ကားလာတာမြင်တွေ့ရတယ်လို့ ‌ဒေသခံတွေက ပြောပါတယ်။  တိုက်ပွဲတွေဖြစ်ရာအရပ်တွေမှာရော သင်္ကြန်ဘယ်လိုကျကြလဲ၊  မြန်မာတွေရဲ့ သင်္ကြန်ကို ဘယ်လိုဆင်နွှဲနေကြလဲ... စုစည်းရေးသား‌ထားပါတယ်။
ပြန်ပေးဆွဲဂိုဏ်းတွေသောင်းကျန်းနေတဲ့မူဆယ်မြို့,"Tue, 16 Apr 2024 11:57:13 GMT",https://www.bbc.com/burmese/articles/cpdgrvxemmxo#0,https://www.bbc.com/burmese/articles/cpdgrvxemmxo,လက်နက်တွေ အလွယ်တကူရနိုင်ပြီး တရားဥပဒေစိုးမိုးမှုအားနည်းနေတဲ့ တရုတ် - မြန်မာ နယ်စပ်မြို့မှာ လုပ်ငန်းရှင်တွေက ပြန်ပေးဂိုဏ်းတွေရဲ့ ပစ်မှတ်ထားခြင်းကိုခံနေရတာပါ။ တောမီးလောင်ချိန် တောကြောင်လက်ခမောင်းခတ်တဲ့ အခြေအနေကိုရင်ဆိုင်နေရတယ်လို့ မူဆယ်မြို့ခံတွေကပြောပါတယ်။
ပက်ဒ်နဲ့တူနေတဲ့ အဆောက်အဦက တရုတ်အွန်လိုင်းမှာ နောက်စရာဖြစ်နေ,"Tue, 16 Apr 2024 16:33:39 GMT",https://www.bbc.com/burmese/articles/cp0gqjymvnno#0,https://www.bbc.com/burmese/articles/cp0gqjymvnno,အမျိုးသမီးလစဥ်သုံးပစ္စည်းနဲ့ တူနေတဲ့ တရုတ်ဘူတာရုံဒီဇိုင်းကြောင့် အွန်လိုင်းမှာ ပြောစရာတွေဖြစ်နေပါတယ်။
အိန္ဒိယဟာ ကမ္ဘာ့အင်အားကြီးနိုင်ငံသစ်ဖြစ်လာနိုင်မလား,"Tue, 16 Apr 2024 13:40:32 GMT",https://www.bbc.com/burmese/articles/cv2j7rd3grlo#0,https://www.bbc.com/burmese/articles/cv2j7rd3grlo,လူငယ်လူဦး‌ရေနဲ့အတူ ကမ္ဘာ့စီးပွားရေးထိပ်တန်း သုံးနိုင်ငံမြောက် ဖြစ်လာနိုင်မယ်ဆိုတဲ့ ခန့်မှန်းချက်တွေကြောင့် အိန္ဒိယဟာ အင်အားကြီးနိုင်ငံသစ်ဖြစ်လာမလား။
ဝ တပ်ဖွဲ့ ဦးဆောင်သူနေရာ ဘယ်သူတွေ အမွေဆက်ခံမလဲ,"Wed, 17 Apr 2024 14:19:06 GMT",https://www.bbc.com/burmese/articles/ck5knk1jxy4o#0,https://www.bbc.com/burmese/articles/ck5knk1jxy4o,၃၅ နှစ်ကြာ သက်တမ်းရှိလာတဲ့ ဝ ပြည်သွေးစည်းညီညွတ်ရေးတပ်မတော် UWSA ဟာ သူ့ရဲ့ ခေါင်းဆောင်ပိုင်းကို မျိုးဆက်သစ်တွေ နဲ့ အပြောင်းအလဲ လုပ်လာတာ တွေ့ရပါတယ်။
ဂျပန်ကိုလာတဲ့ နိုင်ငံခြားခရီးသည် မတ်လအတွင်း  ၃ သန်းကျော်ရှိ,"Wed, 17 Apr 2024 16:21:56 GMT",https://www.bbc.com/burmese/articles/cjk4n5yp3zko#0,https://www.bbc.com/burmese/articles/cjk4n5yp3zko,ဂျပန်ကို လ တလအတွင်း လာလည်တဲ့ နိုင်ငံခြားသားခရီးသွားအရေအတွက် စံချိန်တင် မြင့်တက်ခဲ့ပါတယ်။
၂၀၂၄ အိန္ဒိယရွေးကောက်ပွဲ-ကမ္ဘာ့အကြီးဆုံး‌ရွေးကောက်ပွဲရဲ့ သိသင့်တဲ့ထူးခြားချက်တွေ,"Wed, 17 Apr 2024 02:35:12 GMT",https://www.bbc.com/burmese/articles/cg67q726qyzo#0,https://www.bbc.com/burmese/articles/cg67q726qyzo,မဲပေးခွင့်ရှိသူ ၉၆၉ သန်း မဲပေးကြမယ့် ၂၀၂၄ အိန္ဒိယရွေးကောက်ပွဲဟာ ကမ္ဘာမှာကျင်းပခဲ့ဖူးသမျှ ရွေးကောက်ပွဲတွေထဲမှာ အကြီးဆုံးပါ။ လက်ရှိဝန်ကြီးချုပ် မိုဒီရဲ့ အလားအလာ ဘယ်လိုရှိပါသလဲ။
လွတ်ငြိမ်းခွင့်ရနေပြည်တော်အမတ်ပြောတဲ့ အိုးဘိုထောင်ထဲက NLD ခေါင်းဆောင်တွေအကြောင်း ,"Thu, 18 Apr 2024 13:19:38 GMT",https://www.bbc.com/burmese/articles/cpvgyq3r6xro#0,https://www.bbc.com/burmese/articles/cpvgyq3r6xro,နိုင်ငံရေးပုဒ်မ ၂ နှစ်ကွမ်းထောင်ဒဏ်နဲ့ ထောင် ၃ ထောင်ပြောင်းရွှေ့ခံပြီးတဲ့နောက် စစ်ကောင်စီလွတ်ငြိမ်းနဲ့ ပြန်လည်လွတ်မြောက်လာတဲ့ နေပြည်တော် လွှတ်တော်အမတ်ပြန်လည်ပြောပြတဲ့ အိုးဘိုထောင်ထဲက NLD ခေါင်းဆောင်တွေနဲ ထောင်တွင်း အတွေ့အကြုံတွေ
မိုးကြီးရေလျှံခဲ့တဲ့ ယူအေအီးနိုင်ငံမှာ ဒူဘိုင်းလေဆိပ် ပြန်ဖွင့်နိုင်,"Thu, 18 Apr 2024 16:40:37 GMT",https://www.bbc.com/burmese/articles/cnd64k7ked8o#0,https://www.bbc.com/burmese/articles/cnd64k7ked8o,မုန်တိုင်းဒဏ်ခံခဲ့ရတဲ့ ယူအေအီးမှာ ဒူဘိုင်း နိုင်ငံတကာ လေဆိပ်ကို ပြန်ဖွင့်နိုင်ပြီး အဝင် လေယာဉ်တချို့ ဆင်းသက်နိုင်ပါပြီ။
ဒေါ်အောင်ဆန်းစုကြည် ဘယ်မှာလဲ,"Thu, 18 Apr 2024 12:40:50 GMT",https://www.bbc.com/burmese/articles/cz9l7pv97z6o#0,https://www.bbc.com/burmese/articles/cz9l7pv97z6o,'' အရမ်းပူတဲ့ ရက်တွေကတော့ ပန်ကာတစ်လုံးရတယ်ပြောတယ်။ သူ့ကိုထားတဲ့အခန်းက နေကိုမျက်နှာမူပြီးဆောက်ထားတာဆိုတော့ နည်းနည်းတော့သက်သာတယ်ပြောရမယ်။ ဒါပေမဲ့ သူ့အသက်အရွယ်အရ ဒီလိုအပူချိန်ကအပူဒဏ်ကာကွယ်နိုင်တဲ့ အခန်းမဟုတ်တဲ့အတွက် တော်တော်ကိုစိုးရိမ်ခဲ့ရတယ်'' လို့ ထောင်တွင်းအခြေအနေသိရှိသူတစ်ဦးကပြောပါတယ်။
အစ္စရေးကို အီရန် တိုက်ခိုက်မှု - ဘယ်သူနိုင်ပြီး ဘယ်သူရှုံးလဲ,"Thu, 18 Apr 2024 08:28:34 GMT",https://www.bbc.com/burmese/articles/clm3r81zk7zo#0,https://www.bbc.com/burmese/articles/clm3r81zk7zo,အီရန်ဟာ သူ့ရဲ့မြေပေါ်ကနေ အစ္စရေးနိုင်ငံကို ဧပြီလ ၁၄ ရက်နေ့တုန်းက ပထမဆုံးတိုက်ခိုက်မှုလုပ်ခဲ့ပြီးတဲ့နောက် နှစ်ဖက်စလုံးမှာ အနိုင်နဲ့အရှုံးတွေရှိနေပါတယ်။
တစ်တော့ပေါ် ပစ်မှတ်ထားခံရမှု - ရှင်သန်ချင်စိတ်ပျောက်တဲ့အထိဖြစ်ရတဲ့ဘင်္ဂလားဒေ့ရှ်အမျိုးသမီးတွေ,"Fri, 19 Apr 2024 13:46:20 GMT",https://www.bbc.com/burmese/articles/ced005q544lo#0,https://www.bbc.com/burmese/articles/ced005q544lo,ဘင်္ဂလားဒေ့ရှ်အသိုက်အဝန်းက အမျိုးသမီးတွေဟာ တစ်တော့ပေါ်က မခံချိ မခံသာအောင် ထိုးနှက်တိုက်ခိုက်မှုတွေကြောင့် သူတို့ဘဝတွေ ပျက်လုနီးပါးဖြစ်နေရတယ်လို့ ရင်ဖွင့်လာကြပါတယ်။
“အခြေအမြစ်မရှိတဲ့” သုံးသပ်မှတ်ချက်တွေနဲ့ ပတ်သက်ပြီး ဂျပန်ဆရာဝန်တွေက Google ကို တရားစွဲ,"Fri, 19 Apr 2024 16:32:39 GMT",https://www.bbc.com/burmese/articles/cmm35115eqeo#0,https://www.bbc.com/burmese/articles/cmm35115eqeo,ဂျပန်ဆရာဝန်တွေက အမေရိကန် အခြေစိုက် Google ကုမ္ပဏီကြီးကို တရားစွဲ လိုက်ပါတယ်။
အကျဥ်းထောင်ကနေ ရွှေ့ပြောင်းခံထားရတဲ့ ဒေါ်အောင်ဆန်းစုကြည်,"Fri, 19 Apr 2024 02:33:00 GMT",https://www.bbc.com/burmese/articles/cz9l7pv97z6o#0,https://www.bbc.com/burmese/articles/cz9l7pv97z6o,'' အရမ်းပူတဲ့ ရက်တွေကတော့ ပန်ကာတစ်လုံးရတယ်ပြောတယ်။ သူ့ကိုထားတဲ့အခန်းက နေကိုမျက်နှာမူပြီးဆောက်ထားတာဆိုတော့ နည်းနည်းတော့သက်သာတယ်ပြောရမယ်။ ဒါပေမဲ့ သူ့အသက်အရွယ်အရ ဒီလိုအပူချိန်ကအပူဒဏ်ကာကွယ်နိုင်တဲ့ အခန်းမဟုတ်တဲ့အတွက် တော်တော်ကိုစိုးရိမ်ခဲ့ရတယ်'' လို့ ထောင်တွင်းအခြေအနေသိရှိသူတစ်ဦးကပြောပါတယ်။
ဧပြီ ၂၀ ရက် နိုင်ငံတဝန်း ထူးခြားသတင်းများ အနှစ်ချုပ်,"Sat, 20 Apr 2024 10:44:11 GMT",https://www.bbc.com/burmese/articles/c51n6qq0r19o#0,https://www.bbc.com/burmese/articles/c51n6qq0r19o,"အမှတ် ၂ ချစ်ကြည်ရေးတံတားနားမှာ မြဝတီမြို့စောင့်တပ် ခလရ ၂၇၅ က ထွက်ပြေးလာတဲ့ စစ်ကောင်စီတပ်ဖွဲ့ဝင်တွေ ခိုအောင်းနေတာဖြစ်ပြီး ည ပိုင်းကစလို့ ပေါက်ကွဲမှုတွေ ဖြစ်တာကို လူမှုကွန်ရက် ဗွီဒီယိုတွေကနေ သိရပါတယ်။
တံတားရဲ့ ထိုင်းဘက်ခြမ်းမှာတော့ လက်နက်တွေတပ်ဆင်ထားတဲ့ စစ်ကား ငါးစီးဝန်းကျင်လောက်ကလည်း တိုက်ပွဲဖြစ်ပွားတဲ့နေရာဘက်ကို စောင့်ကြည့်နေတာတွေ ရှိနေပါတယ်။
"
အသက် ၆၀ ပိုင်းမှာ အငြိမ်းစား မယူရမယ့် အခြေအနေရောက်လာနေပြီလား,"Sat, 20 Apr 2024 09:37:15 GMT",https://www.bbc.com/burmese/articles/crgyx3g629qo#0,https://www.bbc.com/burmese/articles/crgyx3g629qo,လူ့သက်တမ်း ရှည်လာတာရယ်၊ လူနေမှုစရိတ် ကြီးမြင့်လာတာတွေရယ်ကြောင့် လူတွေ အလုပ်ခွင်ကနေ အငြိမ်းစားယူဖို့ အခက်တွေ့လာနေရပါတယ်။
ပြန်ပေးဆွဲဂိုဏ်းတွေ သောင်းကျန်းနေတဲ့ မူဆယ်,"Tue, 16 Apr 2024 11:57:13 GMT",https://www.bbc.com/burmese/articles/cpdgrvxemmxo#1,https://www.bbc.com/burmese/articles/cpdgrvxemmxo,"လက်နက်တွေ အလွယ်တကူရနိုင်ပြီး တရားဥပဒေစိုးမိုးမှုအားနည်းနေတဲ့ တရုတ်မြန်မာ နယ်စပ်မြို့မှာ လုပ်ငန်းရှင်တွေက ပြန်ပေးဂိုဏ်းတွေရဲ့ ပစ်မှတ်ထားခြင်းကိုခံနေရတာပါ။
တောမီးလောင်ချိန် တောကြောင်လက်ခမောင်းခတ်တဲ့ အခြေအနေကိုရင်ဆိုင်နေရတယ်လို့ မူဆယ်မြို့ခံတွေကပြောပါတယ်။
"
၂၀၂၄ အိန္ဒိယရွေးကောက်ပွဲ-ကမ္ဘာ့အကြီးဆုံး‌ ရွေးကောက်ပွဲရဲ့ သိသင့်တဲ့ထူးခြားချက်တွေ,"Wed, 17 Apr 2024 02:35:12 GMT",https://www.bbc.com/burmese/articles/cg67q726qyzo#1,https://www.bbc.com/burmese/articles/cg67q726qyzo,မဲပေးခွင့်ရှိသူ ၉၆၉ သန်း မဲပေးကြမယ့် ၂၀၂၄ အိန္ဒိယရွေးကောက်ပွဲဟာ ကမ္ဘာမှာကျင်းပခဲ့ဖူးသမျှ ရွေးကောက်ပွဲတွေထဲမှာ အကြီးဆုံးပါ။ လက်ရှိဝန်ကြီးချုပ် မိုဒီရဲ့ အလားအလာ ဘယ်လိုရှိပါသလဲ။
တပ်မြို့ပြင်ဦးလွင် ရှော့တိုက်ဒုံးတိုက်ခိုက်ခံရမှု ဘယ်လိုဖြစ်ခဲ့လဲ,"Mon, 15 Apr 2024 11:21:11 GMT",https://www.bbc.com/burmese/articles/cn03r8kg7p0o#1,https://www.bbc.com/burmese/articles/cn03r8kg7p0o,တပ်မြို့လို့ အများက ‌ခေါ်ကြတဲ့ပြင်ဦးလွင်မှာ ဧပြီလ ၁၅ ရက်ညပိုင်းတုန်းက ‌ရှော့တိုက်ဒုံးဆယ်နဲ့ချီ တိုက်ခိုက်မှုတွေဖြစ်ခဲ့ပြီး လူထိခိုက်သေဆုံးမှုတွေလည်းရှိခဲ့ပါတယ်။
အစ္စရေးကို တိုက်ခိုက်မှုအပြီး အီရန်နိုင်ငံထဲ ဘယ်လိုအခြေအနေရှိနေလဲ,"Mon, 15 Apr 2024 08:45:37 GMT",https://www.bbc.com/burmese/articles/c72p1x7p21lo#1,https://www.bbc.com/burmese/articles/c72p1x7p21lo,အီရန်ဟာ သူ့ရဲ့နိုင်ငံ့ပိုင်နက်ထဲကနေ ပထမဆုံးအကြိမ်အနေနဲ့ အစ္စရေးကို ပစ်မှတ်ထားခဲ့ပြီးတဲ့နောက် နိုင်ငံထဲမှာတော့ အစ္စရေးဘက်က လက်တုံ့ပြန်လာမှာကို စိုးရိမ်မှုတွေရှိနေပါတယ်။
စစ်အာဏာသိမ်း ၄ နှစ်မြောက်မှာကျရောက်တဲ့သင်္ကြန် ပြန်လည်စည်ကားလာသလား,"Sun, 14 Apr 2024 12:09:53 GMT",https://www.bbc.com/burmese/articles/crgyrlk0wrvo#1,https://www.bbc.com/burmese/articles/crgyrlk0wrvo,၂၀၂၄ ခုနှစ် မြန်မာ့အတာသင်္ကြန်ပွဲတော်ဟာ စစ်ကောင်စီထိန်းချုပ်မှုအောက်ရှိနေတဲ့ မြို့ကြီးတွေနဲ့မြို့ငယ်တွေမှာ အာဏာသိမ်းပြီးနှစ်တွေကထက် စည်ကားလာတာမြင်တွေ့ရတယ်လို့ ‌ဒေသခံတွေက ပြောပါတယ်။  တိုက်ပွဲတွေဖြစ်ရာအရပ်တွေမှာရော သင်္ကြန်ဘယ်လိုကျကြလဲ၊  မြန်မာတွေရဲ့ သင်္ကြန်ကို ဘယ်လိုဆင်နွှဲနေကြလဲ... စုစည်းရေးသား‌ထားပါတယ်။
မြဝတီကထွက်ပြေးတဲ့ မြန်မာစစ်သားတွေကို ထိုင်းဘက်က ဝင်ခွင့်ပြုမှာလား,"Sat, 13 Apr 2024 06:12:46 GMT",https://www.bbc.com/burmese/articles/c0v0n81770vo#1,https://www.bbc.com/burmese/articles/c0v0n81770vo,လက်နက်တွေဖြုတ်သိမ်းပြီးအရပ်သားလိုဝတ်ဆင်လာရင်တော့ သူတို့ဖြတ်လာတာကိုခွင့်ပြုပေးနိုင်ပါတယ်” လို့  ထိုင်းဒုဝန်ကြီး ချုပ်၊ နိုင်ငံခြားရေး ဝန်ကြီး ပန်ပရီးက ဧပြီ ၁၂ ရက်  မဲဆောက်ခရီးစဥ်အတွင်း သတင်းထောက်တွေနဲ့ တွေ့ဆုံချိန်မှာ ချစ်ကြည်ရေးတံတားအမှတ် ၂ မှာ ခိုလှုံနေတဲ့ မြန်မာစစ်သားတွေနဲ့ပတ်သက်လို့ ဖြေကြားခဲ့ပါတယ်။
ရခိုင်ပြည်နယ်ကို အေအေ ဘယ်လောက် ထိန်းချုပ်ထားနိုင်ပြီလဲ,"Sat, 13 Apr 2024 12:48:16 GMT",https://www.bbc.com/burmese/articles/c72p6vynev3o#1,https://www.bbc.com/burmese/articles/c72p6vynev3o,ရခိုင်ပြည်နယ်မြောက်ပိုင်း၊ ပေါက်တောမြို့ကနေ စတင်ခဲ့တဲ့ ဒုတိယအကြိမ် တကျော့ပြန်တိုက်ပွဲတွေဟာ ဧပြီ ၁၃ ရက်နေ့မှာ ၅ လပြည့်ပြီဖြစ်ပါတယ်။
အငြိမ်းစား စစ်ဗိုလ်ချုပ် ဦးမြင့်လှိုင် ဘာကြောင့် အဖမ်းခံရသလဲ,"Fri, 12 Apr 2024 14:32:47 GMT",https://www.bbc.com/burmese/articles/c8vzmp2r29yo#1,https://www.bbc.com/burmese/articles/c8vzmp2r29yo,ဗိုလ်ချုပ်မှူးကြီးမင်းအောင်လှိုင်ရဲ့ အာဏာသိမ်းကာလမှာ ဗိုလ်ချုပ်မှူးကြီးသန်းရွှေ ရဲ့ စစ်အစိုးရလက်ထက်က လူဟောင်းဖြစ်သူ ဦးသိန်းစိန်အစိုးရလက်ထက်ဝန်ကြီးတစ်ဦး ပထမဆုံးနောက်ကြောင်းပြန် အရေးယူခံရတာလည်း ဖြစ်ပါတယ်။
ကရင်လက်နက်ကိုင်အဖွဲ့စုံနေတဲ့ မြဝတီရဲ့ အုပ်ချုပ်ရေးယန္တရားဘယ်လိုလည်ပတ်မလဲ,"Thu, 11 Apr 2024 13:03:38 GMT",https://www.bbc.com/burmese/articles/c72p817l54do#3,https://www.bbc.com/burmese/articles/c72p817l54do,“မြဝတီမြို့ကို သိမ်းလိုက်တဲ့အခြေနေတော့ ဖြစ်တာပေါ့နော်။ ဒါပေမယ့် ကျွန်‌တော်တို့အားလုံး အဆင်ချော အောင် ဆက်လုပ်ရမယ့် အနေထားတော့ရှိပါသေးတယ်။ ကရင်အမျိုးသားအချင်းချင်း အဖိနှိပ်ခံဘဝက အတူတူပဲမို့ အခက်ခဲမရှိပါဘူးလို့ပြောချင်ပါတယ်။ “ လို့ ကရင်အဖွဲ့စုံကြားမှာ ညှိနှိုင်းဆောင်ရွက်မယ့် သဘော ပဒိုကလယ်စေး ဘီဘီစီကိုတုံ့ပြန်ပါတယ်။
ဓာတ်သတ္တုအပြိုင်ရှာဖွေ‌ရေးနဲ့ ပင်လယ်သမုဒ္ဒရာ ပထဝီ နိုင်ငံရေး,"Mon, 08 Apr 2024 10:40:16 GMT",https://www.bbc.com/burmese/articles/cpr003yn82go#3,https://www.bbc.com/burmese/articles/cpr003yn82go,ရာသီဥတုပြောင်းလဲမှု အကျပ်အတည်းကို ရင်ဆိုင်ရာမှာ အထောက်အကူဖြစ်စေမယ့် ဓာတ်သတ္တုတွေရှာဖွေဖို့ နိုင်ငံအတော်များများဟာ ပင်လယ်သမုဒ္ဒရာကြမ်းပြင်မှာ အပြိုင်နွှဲနေကြပါတယ်။
Deepfake နည်းပညာသုံးပြီး အချစ်ဆုံးသူငယ်ချင်းက ညစ်ညမ်းဆိုက်မှာ တင်ခံခဲ့ရသူ,"Sun, 07 Apr 2024 03:34:00 GMT",https://www.bbc.com/burmese/articles/c2ejj10810go#3,https://www.bbc.com/burmese/articles/c2ejj10810go, Deepfake နည်းပညာသုံးထားတဲ့ ညစ်ညမ်းဝက်ဆိုက်တွေမှာ ကိုယ့်ပုံတွေကို တင်ထားတဲ့သူဟာ ကိုယ့်ရဲ့ အချစ်ဆုံးသူငယ်ချင်း ဆိုတာကို သိလိုက်ရတဲ့ အမျိုးသမီးတစ်ဦးရဲ့ အကြောင်း
တရုတ်အမျိုးသမီးတွေ ဘာကြောင့်သူစိမ်းတွေနဲ့ အဖော်စပ်ငွေစုကြသလဲ,"Sat, 06 Apr 2024 03:22:16 GMT",https://www.bbc.com/burmese/articles/c3gql28np14o#3,https://www.bbc.com/burmese/articles/c3gql28np14o,တရုတ်ရဲ့ စီးပွားရေးကျဆင်းလာချိန်မှာ တရုတ်အိမ်ထောင်ရှင်အမျိုးသမီးတွေက သူတို့မိသားစုအတွက် ကျားကန်နိုင်မယ့် ငွေပိုစုပြီး ‌ချွေတာနိုင်မယ့် နည်းသစ်တွေကို ရှာဖွေသုံးလာပါတယ်။
နှစ်ပတ်သင်တန်းတက်ပြီး ပြည်တွင်းစစ်ထဲဝင်တိုက်ရတဲ့ရိုဟင်ဂျာတွေ,"Thu, 04 Apr 2024 12:06:16 GMT",https://www.bbc.com/burmese/articles/c8761zmex4jo#3,https://www.bbc.com/burmese/articles/c8761zmex4jo,‘’ကျွန်တော်အိမ်ပြန်ရောက်တော့ အမေ့ကို ဖက်ငိုတယ်။ အမေ့ဗိုက်ထဲကနေ နောက်တစ်ခါ ပြန်မွေးလိုက်သလိုပါပဲ’’ လို့ မိုဟာမက်ကပြောပါတယ်။
အမေရိကန် ပိတ်ပင်မှုက လွတ်လပ်စွာ ပြောဆိုခွင့်ကို နင်းခြေမယ်၊ တစ်တော့ သတိပေး,"Sun, 21 Apr 2024 15:50:25 GMT",https://www.bbc.com/burmese/articles/cqvn44e6dl7o#0,https://www.bbc.com/burmese/articles/cqvn44e6dl7o,တစ်တော့ကို အမေရိကန်မှာ ပိတ်ရင် အမေရိကန် သန်း ၁၇ဝ ရဲ့ လွတ်လပ်စွာ ပြောဆိုခွင့်ကို ထိခိုက်မယ်လို့ တစ်တော့က ပြော
ထောင်နဲ့ချီတဲ့ မြဝတီစစ်ရှောင်တွေ ဘာတွေကို ရင်ဆိုင်ဖြတ်ကျော်နေရလဲ,"Sun, 21 Apr 2024 12:00:44 GMT",https://www.bbc.com/burmese/articles/c84zp7nkxe5o#0,https://www.bbc.com/burmese/articles/c84zp7nkxe5o,စစ်ကောင်စီတပ်က ၂ ရက်ဆက်တိုက် အင်အားသုံးလေကြောင်းတိုက်ခိုက်မှုပြုလုပ်ခဲ့တဲ့မြဝတီမြို့နယ်တိုက်ပွဲကိုရှောင်ဖို့ ထောင်နဲ့ချီတဲ့ဒေသခံတွေ ထိုင်းနိုင်ငံ၊ မဲဆောက်ဘက်ခြမ်းကို နည်းလမ်းမျိုးစုံနဲ့ထွက်ပြေးနေကြပါတယ်။ ဒါပေမဲ့ တိုက်ပွဲနဲ့အနီးဆုံးနေရာတစ်ခုမှာတော့ နယ်စပ်ဖြတ်ကျော်နိုင်ရေး ရက်နဲ့ချီကြာအောင်စောင့်နေကြရတဲ့ ရာနဲ့ချီတဲ့စစ်ရှောင်တွေရှိနေပါတယ်။
“မြန်မာ ဆိုက်ဘာကျွန်စခန်းထဲက ကျွန်တော့်ဘဝ ငရဲခန်း”,"Sun, 21 Apr 2024 04:03:41 GMT",https://www.bbc.com/burmese/articles/cjkd3ye677mo#0,https://www.bbc.com/burmese/articles/cjkd3ye677mo,သီရိလင်္ကာနိုင်ငံက အသက် ၂၅ နှစ်အရွယ် အိုင်တီပညာရှင် ရာဗီဟာ တရုတ်စကားပြော ဂိုဏ်းသမားတွေ လည်ပတ်တဲ့ လျှို့ဝှက်အလုပ်စခန်းရှိရာ မြန်မာနိုင်ငံထဲကို လူကုန်ကူးခံခဲ့ရပါတယ်။ ငွေကြေးစုဆောင်းထား တဲ့ အနောက်နိုင်ငံသားတွေကို အွန်လိုင်းကနေ ပစ်မှတ်ထားလိမ်လည်ဖို့ အဓမ္မစေခိုင်းခံခဲ့ရပြီး ခိုင်းတဲ့အတိုင်းမလုပ်ရင် မျက်နှာကို ထိုးနှက်တာနဲ့ နှိပ်စက်တာတွေ ခံခဲ့ရတယ်လို့ သူက ပြောပါတယ်။
ဝ တပ်ဖွဲ့ ဦးဆောင်သူနေရာ ဘယ်သူတွေ အမွေဆက်ခံမလဲ,"Wed, 17 Apr 2024 14:19:06 GMT",https://www.bbc.com/burmese/articles/ck5knk1jxy4o#1,https://www.bbc.com/burmese/articles/ck5knk1jxy4o,"ဗမာပြည်ကွန်မြူနစ်ပါတီ ပုန်ကန်မှုကို ဦးဆောင်ခဲ့သူတွေရဲ့ အုပ်စိုးမှုကို သူတို့ မျိုးဆက်တွေက မကြာခင်မှာ လက်လွှဲယူကြတော့မယ့် အရိပ်အခြေတွေကို တွေ့နေရပြီဖြစ်ပါတယ်။
"
အငြိမ်းစား စစ်ဗိုလ်ချုပ် ဦးမြင့်လှိုင် ဘာကြောင့် အဖမ်းခံရသလဲ,"Fri, 12 Apr 2024 14:32:47 GMT",https://www.bbc.com/burmese/articles/c8vzmp2r29yo#3,https://www.bbc.com/burmese/articles/c8vzmp2r29yo,ဗိုလ်ချုပ်မှူးကြီးမင်းအောင်လှိုင်ရဲ့ အာဏာသိမ်းကာလမှာ ဗိုလ်ချုပ်မှူးကြီးသန်းရွှေ ရဲ့ စစ်အစိုးရလက်ထက်က လူဟောင်းဖြစ်သူ ဦးသိန်းစိန်အစိုးရလက်ထက်ဝန်ကြီးတစ်ဦး ပထမဆုံးနောက်ကြောင်းပြန် အရေးယူခံရတာလည်း ဖြစ်ပါတယ်။
ရခိုင်စစ်ရေးပြင်းထန်ချိန် လူမျိုးရေးအသွင်ဆောင်တဲ့ ပဋိပက္ခတွေ ထပ်ပြီး ပေါက်ကွဲ ထွက်လာနိုင်လား,"Mon, 22 Apr 2024 14:53:54 GMT",https://www.bbc.com/burmese/articles/c14krkjg8j7o#0,https://www.bbc.com/burmese/articles/c14krkjg8j7o,ရိုဟင်ဂျာတွေအပေါ် စစ်သင်တန်းပေးပြီ လက်နက်တပ်ဆင်ပေးတာ၊ AA ဆန့်ကျင်ရေး ဆန္ဒပြပွဲတွေ လုပ်ခိုင်းတာအပြင် ဘူးသီးတောင်မှာ ရခိုင်အိမ်တွေကို မီးရှို့တာတွေပါ ပြုလုပ်စေခဲ့တယ် ဆိုတဲ့ ပြောဆိုချက်တွေ ထွက်ပေါ်
လာအိုမှာ မြန်မာထောင်နဲ့ချီဖမ်းဆီးခံရတာဘာကြောင့်လဲ ,"Mon, 22 Apr 2024 12:24:44 GMT",https://www.bbc.com/burmese/articles/clm3lz335yeo#0,https://www.bbc.com/burmese/articles/clm3lz335yeo,လာအိုရဲတပ်ဖွဲ့နဲ့ စစ်တပ်တို့က ရွှေတြိဂံအထူးစီးပွားရေးဇုန်မှာရှိတဲ့ ဆင်နှစ်ကောင်၊ ခြောက်လုံးပြိုင်၊ အုန်းတောနဲ့ ကျွန်းတော စတဲ့နေရာတွေမှာမြန်မာအလုပ်သမားထောင်နဲ့ချီကို ဖမ်းဆီးခဲ့တာဖြစ်ပါတယ်။
ဖိလစ်ပိုင်နဲ့ အမေရိကန် တောင်တရုတ်ပင်လယ်ပြင်မှာ အကြီးမားဆုံးပမာဏနဲ့ စစ်ရေးလေ့ကျင့်မှု စတင်,"Mon, 22 Apr 2024 13:08:20 GMT",https://www.bbc.com/burmese/articles/cv2r7yy0kkpo#0,https://www.bbc.com/burmese/articles/cv2r7yy0kkpo,ထိုင်ဝမ်နဲ့ ပိုင်နက်အငြင်းပွား နေရာတွေ အနီးမှာပါ  ဖိလစ်ပိုင်နဲ့ အမေရိကန် အကြီးအကျယ် စစ်ရေးလေ့ကျင့်မယ်
အစ္စရေးကို အီရန် တိုက်ခိုက်မှု - ဘယ်သူနိုင်ပြီး ဘယ်သူရှုံးလဲ,"Thu, 18 Apr 2024 08:28:34 GMT",https://www.bbc.com/burmese/articles/clm3r81zk7zo#1,https://www.bbc.com/burmese/articles/clm3r81zk7zo,အီရန်ဟာ သူ့ရဲ့မြေပေါ်ကနေ အစ္စရေးနိုင်ငံကို ဧပြီလ ၁၄ ရက်နေ့တုန်းက ပထမဆုံးတိုက်ခိုက်မှုလုပ်ခဲ့ပြီးတဲ့နောက် နှစ်ဖက်စလုံးမှာ အနိုင်နဲ့အရှုံးတွေရှိနေပါတယ်။
ခလရ  ၂၇၅ ကို စစ်ကောင်စီ ဘယ်လိုပြန်ရသွားလဲ ,"Tue, 23 Apr 2024 15:01:53 GMT",https://www.bbc.com/burmese/articles/cq5n225d3wqo#0,https://www.bbc.com/burmese/articles/cq5n225d3wqo,ဘီဘီစီရဲ့ မြေပြင်သတင်းရင်းမြစ်ကတော့ အမှတ် ၂ တံတားအောက်မှာတပ်စွဲခဲ့တဲ့ စစ်ကောင်စီတပ်ဖွဲ့ဝင်တွေထဲက အချို့ က တံတားနဲ့  ၄မိုင် အကွာလောက်မှာရှိနေတဲ့ သူ့တို့ရဲ့ တပ်စခန်း ခလရ ၂၇၅ ကို ပြန်ရောက်သွားကြတာလို့ ပြောပါတယ်။
ခိုလှုံခွင့်တောင်းသူတွေကို ရဝမ်ဒါထဲ ရွှေ့မယ့် အစီအမံ ဗြိတိန်ပါလီမန် ခွင့်ပြုပြီ,"Tue, 23 Apr 2024 12:35:49 GMT",https://www.bbc.com/burmese/articles/c1wx0je04yno#0,https://www.bbc.com/burmese/articles/c1wx0je04yno,တိုင်းပြည်ထဲ တရားမဝင် ဝင်လာရင် တိုင်းပြည်ထဲမှာ ဆက်ရှိနေခွင့် မပေးနိုင်ဘူးလို့ ဥပဒေထဲ ရှင်းရှင်းလင်းလင်း ပြောထားကြောင်း ယူကေ ဝန်ကြီးချုပ် ထပ်လောင်း ပြောဆို
ဆူဒန်ဟာ ရုရှားရဲ့ ဗာဂနာတပ်ဖွဲ့နဲ့ ယူကရိန်း‌တပ်တွေရဲ့ စစ်မြေပြင်ဖြစ်လာသလား,"Tue, 23 Apr 2024 07:15:39 GMT",https://www.bbc.com/burmese/articles/c03dnee5n8xo#0,https://www.bbc.com/burmese/articles/c03dnee5n8xo,ဖေဖော်ဝါရီလက ထွက်ပေါ်လာတဲ့ ရုပ်သံဖိုင်ထဲမှာတော့ ဆူဒန်မှာရှိနေတဲ့ ယူကရိန်းတပ်ဖွဲ့ဝင်အများအပြားဟာ လက်နက်ကြီးနဲ့ အမြောက်ထိမှန်ထားတဲ့ စစ်သုံးယာဥ်ထဲမှာ သေဆုံးနေတဲ့ ရုရှားစစ်သား  တစ်ဦးရဲ့ ရုပ်အလောင်းကို စစ်ဆေးကြည့်ရှုနေတာတွေ့ရပါတယ်။
ရခိုင်စစ်ရေးပြင်းထန်ချိန် လူမျိုးရေးအသွင်ဆောင်တဲ့ ပဋိပက္ခတွေ ထပ်ပြီး ပေါက်ကွဲ ထွက်လာနိုင်လား,"Tue, 23 Apr 2024 02:50:17 GMT",https://www.bbc.com/burmese/articles/c14krkjg8j7o#0,https://www.bbc.com/burmese/articles/c14krkjg8j7o,ရိုဟင်ဂျာတွေအပေါ် စစ်သင်တန်းပေးပြီ လက်နက်တပ်ဆင်ပေးတာ၊ AA ဆန့်ကျင်ရေး ဆန္ဒပြပွဲတွေ လုပ်ခိုင်းတာအပြင် ဘူးသီးတောင်မှာ ရခိုင်အိမ်တွေကို မီးရှို့တာတွေပါ ပြုလုပ်စေခဲ့တယ် ဆိုတဲ့ ပြောဆိုချက်တွေ ထွက်ပေါ်
အကျဥ်းထောင်ကနေ ရွှေ့ပြောင်းခံထားရတဲ့ ဒေါ်အောင်ဆန်းစုကြည်,"Fri, 19 Apr 2024 02:33:00 GMT",https://www.bbc.com/burmese/articles/cz9l7pv97z6o#1,https://www.bbc.com/burmese/articles/cz9l7pv97z6o,'' အရမ်းပူတဲ့ ရက်တွေကတော့ ပန်ကာတစ်လုံးရတယ်ပြောတယ်။ သူ့ကိုထားတဲ့အခန်းက နေကိုမျက်နှာမူပြီးဆောက်ထားတာဆိုတော့ နည်းနည်းတော့သက်သာတယ်ပြောရမယ်။ ဒါပေမဲ့ သူ့အသက်အရွယ်အရ ဒီလိုအပူချိန်ကအပူဒဏ်ကာကွယ်နိုင်တဲ့ အခန်းမဟုတ်တဲ့အတွက် တော်တော်ကိုစိုးရိမ်ခဲ့ရတယ်'' လို့ ထောင်တွင်းအခြေအနေသိရှိသူတစ်ဦးကပြောပါတယ်။
လွတ်ငြိမ်းခွင့်ရနေပြည်တော်အမတ်ပြောတဲ့ အိုးဘိုထောင်ထဲက NLD ခေါင်းဆောင်တွေအကြောင်း ,"Thu, 18 Apr 2024 13:19:38 GMT",https://www.bbc.com/burmese/articles/cpvgyq3r6xro#1,https://www.bbc.com/burmese/articles/cpvgyq3r6xro,နိုင်ငံရေးပုဒ်မ ၂ နှစ်ကွမ်းထောင်ဒဏ်နဲ့ ထောင် ၃ ထောင်ပြောင်းရွှေ့ခံပြီးတဲ့နောက် စစ်ကောင်စီလွတ်ငြိမ်းနဲ့ ပြန်လည်လွတ်မြောက်လာတဲ့ နေပြည်တော် လွှတ်တော်အမတ်ပြန်လည်ပြောပြတဲ့ အိုးဘိုထောင်ထဲက NLD ခေါင်းဆောင်တွေနဲ ထောင်တွင်း အတွေ့အကြုံတွေ
မြဝတီကထွက်ပြေးတဲ့ မြန်မာစစ်သားတွေကို ထိုင်းဘက်က ဝင်ခွင့်ပြုမှာလား,"Sat, 13 Apr 2024 06:12:46 GMT",https://www.bbc.com/burmese/articles/c0v0n81770vo#3,https://www.bbc.com/burmese/articles/c0v0n81770vo,လက်နက်တွေဖြုတ်သိမ်းပြီးအရပ်သားလိုဝတ်ဆင်လာရင်တော့ သူတို့ဖြတ်လာတာကိုခွင့်ပြုပေးနိုင်ပါတယ်” လို့  ထိုင်းဒုဝန်ကြီး ချုပ်၊ နိုင်ငံခြားရေး ဝန်ကြီး ပန်ပရီးက ဧပြီ ၁၂ ရက်  မဲဆောက်ခရီးစဥ်အတွင်း သတင်းထောက်တွေနဲ့ တွေ့ဆုံချိန်မှာ ချစ်ကြည်ရေးတံတားအမှတ် ၂ မှာ ခိုလှုံနေတဲ့ မြန်မာစစ်သားတွေနဲ့ပတ်သက်လို့ ဖြေကြားခဲ့ပါတယ်။
ရခိုင်ပြည်နယ်ကို အေအေ ဘယ်လောက် ထိန်းချုပ်ထားနိုင်ပြီလဲ,"Sat, 13 Apr 2024 12:48:16 GMT",https://www.bbc.com/burmese/articles/c72p6vynev3o#3,https://www.bbc.com/burmese/articles/c72p6vynev3o,ရခိုင်ပြည်နယ်မြောက်ပိုင်း၊ ပေါက်တောမြို့ကနေ စတင်ခဲ့တဲ့ ဒုတိယအကြိမ် တကျော့ပြန်တိုက်ပွဲတွေဟာ ဧပြီ ၁၃ ရက်နေ့မှာ ၅ လပြည့်ပြီဖြစ်ပါတယ်။
ဒုတိယဗိုလ်ချုပ်မှူးကြီးစိုးဝင်း - ဖိအားတွေအောက်က ကြည်းတပ်ဦးစီးချုပ်,"Wed, 24 Apr 2024 12:14:28 GMT",https://www.bbc.com/burmese/articles/crgy6y7nm46o#0,https://www.bbc.com/burmese/articles/crgy6y7nm46o,ဗိုလ်ချုပ်မှူးကြီးမင်းအောင်လှိုင် အငြိမ်းစားယူရင် တပ်ချုပ်ဖြစ်လာမယ့်လူလို့ ထင်ကြေးပေးခံခဲ့ရပေမယ့် ဒုတိယဗိုလ်ချုပ်မှူးကြီးစိုးဝင်းဟာ ဒုချုပ်ရာထူးမှာပဲ ၁၃ နှစ်တောင် ရှိနေပါပြီ။
ယူကရိန်း၊ အစ္စရေးနဲ့ ထိုင်ဝမ်ကို စစ်ရေး အစုလိုက်အပုံလိုက် ထောက်ပံ့တဲ့ ဥပဒေကို အမေရိကန် လွှတ်တော် နှစ်ရပ်လုံး အတည်ပြု,"Wed, 24 Apr 2024 12:33:35 GMT",https://www.bbc.com/burmese/articles/c51nl3pl5z4o#0,https://www.bbc.com/burmese/articles/c51nl3pl5z4o,အမေရိကန် လုံခြုံရေးနဲ့ အနောက် ဒီမိုကရေစီကို အကာအကွယ်ပြုပေးမယ့် အရေးကြီးတဲ့ လုပ်ဆောင်ချက် အဖြစ် ဒီမိုကရက် ဆီနိတ်တာ ခေါင်းဆောင်ပြော
မဲဆောက် - ထွက်ပြေးမြန်မာတွေ၊ တော်လှန်သူတွေ၊ စိုးထိတ်မှုတွေနဲ့ပြည့်နေတဲ့မြို့,"Wed, 24 Apr 2024 08:27:38 GMT",https://www.bbc.com/burmese/articles/c72p39q51v8o#0,https://www.bbc.com/burmese/articles/c72p39q51v8o,မဲဆောက်ဟာ စစ်အာဏာသိမ်းမှုကနေ ထွက်ပြေးလာတဲ့မြန်မာတွေအတွက် လွယ်လွယ်ကူကူ ကွန်းခိုဖို့ရာမဖြစ်နိုင်တဲ့မြို့ငယ်တစ်မြို့ ဖြစ်နေပါတယ်။
ခလရ  ၂၇၅ ကို စစ်ကောင်စီဘယ်လိုပြန်ရသွားလဲ ,"Wed, 24 Apr 2024 08:49:42 GMT",https://www.bbc.com/burmese/articles/cq5n225d3wqo#0,https://www.bbc.com/burmese/articles/cq5n225d3wqo,ဘီဘီစီရဲ့ မြေပြင်သတင်းရင်းမြစ်ကတော့ အမှတ် ၂ တံတားအောက်မှာတပ်စွဲခဲ့တဲ့ စစ်ကောင်စီတပ်ဖွဲ့ဝင်တွေထဲက အချို့ က တံတားနဲ့  ၄မိုင် အကွာလောက်မှာရှိနေတဲ့ သူ့တို့ရဲ့ တပ်စခန်း ခလရ ၂၇၅ ကို ပြန်ရောက်သွားကြတာလို့ ပြောပါတယ်။
ဆူဒန်ဟာ ရုရှားရဲ့ ဗာဂနာတပ်ဖွဲ့နဲ့ ယူကရိန်း‌တပ်တွေရဲ့ စစ်မြေပြင်ဖြစ်လာသလား,"Wed, 24 Apr 2024 03:18:07 GMT",https://www.bbc.com/burmese/articles/c03dnee5n8xo#0,https://www.bbc.com/burmese/articles/c03dnee5n8xo,ဖေဖော်ဝါရီလက ထွက်ပေါ်လာတဲ့ ရုပ်သံဖိုင်ထဲမှာတော့ ဆူဒန်မှာရှိနေတဲ့ ယူကရိန်းတပ်ဖွဲ့ဝင်အများအပြားဟာ လက်နက်ကြီးနဲ့ အမြောက်ထိမှန်ထားတဲ့ စစ်သုံးယာဥ်ထဲမှာ သေဆုံးနေတဲ့ ရုရှားစစ်သား  တစ်ဦးရဲ့ ရုပ်အလောင်းကို စစ်ဆေးကြည့်ရှုနေတာတွေ့ရပါတယ်။
တောင်တရုတ်ပင်လယ်ပြင်က ဖိလစ်ပိုင်နဲ့အမေရိကန်စစ်တပ်တို့ရဲ့ ပူးပေါင်းစစ်ရေးလေ့ကျင့်မှုကြီး,"Mon, 22 Apr 2024 13:08:20 GMT",https://www.bbc.com/burmese/articles/cv2r7yy0kkpo#0,https://www.bbc.com/burmese/articles/cv2r7yy0kkpo,ထိုင်ဝမ်နဲ့ ပိုင်နက်အငြင်းပွား နေရာတွေ အနီးမှာပါ  ဖိလစ်ပိုင်နဲ့ အမေရိကန် အကြီးအကျယ် စစ်ရေးလေ့ကျင့်မယ်
ထောင်နဲ့ချီတဲ့ မြဝတီစစ်ရှောင်တွေ ဘာတွေကို ရင်ဆိုင်ဖြတ်ကျော်နေရလဲ,"Sun, 21 Apr 2024 12:00:44 GMT",https://www.bbc.com/burmese/articles/c84zp7nkxe5o#1,https://www.bbc.com/burmese/articles/c84zp7nkxe5o,စစ်ကောင်စီတပ်က ၂ ရက်ဆက်တိုက် အင်အားသုံးလေကြောင်းတိုက်ခိုက်မှုပြုလုပ်ခဲ့တဲ့မြဝတီမြို့နယ်တိုက်ပွဲကိုရှောင်ဖို့ ထောင်နဲ့ချီတဲ့ဒေသခံတွေ ထိုင်းနိုင်ငံ၊ မဲဆောက်ဘက်ခြမ်းကို နည်းလမ်းမျိုးစုံနဲ့ထွက်ပြေးနေကြပါတယ်။ ဒါပေမဲ့ တိုက်ပွဲနဲ့အနီးဆုံးနေရာတစ်ခုမှာတော့ နယ်စပ်ဖြတ်ကျော်နိုင်ရေး ရက်နဲ့ချီကြာအောင်စောင့်နေကြရတဲ့ ရာနဲ့ချီတဲ့စစ်ရှောင်တွေရှိနေပါတယ်။
အသက် ၆၀ ပိုင်းမှာ အငြိမ်းစား မယူရမယ့် အခြေအနေရောက်လာနေပြီလား,"Sat, 20 Apr 2024 09:37:15 GMT",https://www.bbc.com/burmese/articles/crgyx3g629qo#1,https://www.bbc.com/burmese/articles/crgyx3g629qo,လူ့သက်တမ်း ရှည်လာတာရယ်၊ လူနေမှုစရိတ် ကြီးမြင့်လာတာတွေရယ်ကြောင့် လူတွေ အလုပ်ခွင်ကနေ အငြိမ်းစားယူဖို့ အခက်တွေ့လာနေရပါတယ်။
တစ်တော့ပေါ် ပစ်မှတ်ထားခံရမှု - ရှင်သန်ချင်စိတ်ပျောက်တဲ့အထိဖြစ်ရတဲ့ဘင်္ဂလားဒေ့ရှ်အမျိုးသမီးတွေ,"Fri, 19 Apr 2024 13:46:20 GMT",https://www.bbc.com/burmese/articles/ced005q544lo#1,https://www.bbc.com/burmese/articles/ced005q544lo,ဘင်္ဂလားဒေ့ရှ်အသိုက်အဝန်းက အမျိုးသမီးတွေဟာ တစ်တော့ပေါ်က မခံချိ မခံသာအောင် ထိုးနှက်တိုက်ခိုက်မှုတွေကြောင့် သူတို့ဘဝတွေ ပျက်လုနီးပါးဖြစ်နေရတယ်လို့ ရင်ဖွင့်လာကြပါတယ်။
၂၀၂၄ အိန္ဒိယရွေးကောက်ပွဲ-ကမ္ဘာ့အကြီးဆုံး‌ ရွေးကောက်ပွဲရဲ့ သိသင့်တဲ့ထူးခြားချက်တွေ,"Wed, 17 Apr 2024 02:35:12 GMT",https://www.bbc.com/burmese/articles/cg67q726qyzo#3,https://www.bbc.com/burmese/articles/cg67q726qyzo,မဲပေးခွင့်ရှိသူ ၉၆၉ သန်း မဲပေးကြမယ့် ၂၀၂၄ အိန္ဒိယရွေးကောက်ပွဲဟာ ကမ္ဘာမှာကျင်းပခဲ့ဖူးသမျှ ရွေးကောက်ပွဲတွေထဲမှာ အကြီးဆုံးပါ။ လက်ရှိဝန်ကြီးချုပ် မိုဒီရဲ့ အလားအလာ ဘယ်လိုရှိပါသလဲ။
တပ်မြို့ပြင်ဦးလွင် ရှော့တိုက်ဒုံးတိုက်ခိုက်ခံရမှု ဘယ်လိုဖြစ်ခဲ့လဲ,"Mon, 15 Apr 2024 11:21:11 GMT",https://www.bbc.com/burmese/articles/cn03r8kg7p0o#3,https://www.bbc.com/burmese/articles/cn03r8kg7p0o,တပ်မြို့လို့ အများက ‌ခေါ်ကြတဲ့ပြင်ဦးလွင်မှာ ဧပြီလ ၁၅ ရက်ညပိုင်းတုန်းက ‌ရှော့တိုက်ဒုံးဆယ်နဲ့ချီ တိုက်ခိုက်မှုတွေဖြစ်ခဲ့ပြီး လူထိခိုက်သေဆုံးမှုတွေလည်းရှိခဲ့ပါတယ်။
စစ်အာဏာသိမ်း ၄ နှစ်မြောက်မှာကျရောက်တဲ့သင်္ကြန် ပြန်လည်စည်ကားလာသလား,"Sun, 14 Apr 2024 12:09:53 GMT",https://www.bbc.com/burmese/articles/crgyrlk0wrvo#3,https://www.bbc.com/burmese/articles/crgyrlk0wrvo,၂၀၂၄ ခုနှစ် မြန်မာ့အတာသင်္ကြန်ပွဲတော်ဟာ စစ်ကောင်စီထိန်းချုပ်မှုအောက်ရှိနေတဲ့ မြို့ကြီးတွေနဲ့မြို့ငယ်တွေမှာ အာဏာသိမ်းပြီးနှစ်တွေကထက် စည်ကားလာတာမြင်တွေ့ရတယ်လို့ ‌ဒေသခံတွေက ပြောပါတယ်။  တိုက်ပွဲတွေဖြစ်ရာအရပ်တွေမှာရော သင်္ကြန်ဘယ်လိုကျကြလဲ၊  မြန်မာတွေရဲ့ သင်္ကြန်ကို ဘယ်လိုဆင်နွှဲနေကြလဲ... စုစည်းရေးသား‌ထားပါတယ်။
တူမီးသေနတ်နဲ့စတင်တဲ့ မင်းတပ်တော်လှန်ရေး  ဘယ်လောက်ခရီးပေါက်ပြီလဲ,"Thu, 25 Apr 2024 13:37:03 GMT",https://www.bbc.com/burmese/articles/clm34190z44o#0,https://www.bbc.com/burmese/articles/clm34190z44o,ချင်းပြည်နယ်၊ မင်းတပ်က လူငယ်တွေ အမဲလိုက်တူမီးသေနတ်နဲ့ စစ်အာဏာသိမ်းဆန့်ကျင်ရေးတိုက်ပွဲဝင်လာတာ ၂၀၂၄ ခုနှစ်၊ ဧပြီ ၂၄ ရက်မှာ ၃ နှစ်ပြည့်ပြီဖြစ်ပါတယ်။
အမေရိကန်နာမည်ကျော် တက္ကသိုလ်တွေမှာ ပါလက်စတိုင်းကို ထောက်ခံကြောင်း ဆန္ဒပြပွဲတွေ အကြီးအကျယ် ပေါ်ပေါက်နေ,"Thu, 25 Apr 2024 15:13:10 GMT",https://www.bbc.com/burmese/articles/cl5kj9wz407o#0,https://www.bbc.com/burmese/articles/cl5kj9wz407o,အမေရိကတက္ကသိုလ်တွေမှာ ပေါ်ပေါက်နေတဲ့ အစ္စရေးရဲ့ ဂါဇာစစ်ကို ဆန့်ကျင်တဲ့ ဆန္ဒပြပွဲတွေမှာ လူတွေ ရာချီ အဖမ်းခံရ
ယူကရိန်းမှာ ဘယ်လက်နက်ပြတ်လပ်နေပြီး ဘယ်လိုအကူအညီရနေလဲ ,"Thu, 25 Apr 2024 12:46:15 GMT",https://www.bbc.com/burmese/articles/cydrjdvmm84o#0,https://www.bbc.com/burmese/articles/cydrjdvmm84o,ယူကရိန်းကို စစ်ရေးဆိုင်ရာအကူအညီ ဒေါ်လာ ၆၁ ဘီလျံအထိ အကူအညီထပ်ပေးဖို့ အမေရိကန် လွှတ်တော်နှစ်ရပ်စလုံးက မဲပေးဆုံးဖြတ်လိုက်ပြီဖြစ်ပါတယ်။
တောင်တရုတ်ပင်လယ်ပြင်က ဖိလစ်ပိုင်နဲ့အမေရိကန်စစ်တပ်တို့ရဲ့ ပူးပေါင်းစစ်ရေးလေ့ကျင့်မှုကြီး,"Mon, 22 Apr 2024 13:08:20 GMT",https://www.bbc.com/burmese/articles/cv2r7yy0kkpo#1,https://www.bbc.com/burmese/articles/cv2r7yy0kkpo,ထိုင်ဝမ်နဲ့ ပိုင်နက်အငြင်းပွား နေရာတွေ အနီးမှာပါ  ဖိလစ်ပိုင်နဲ့ အမေရိကန် အကြီးအကျယ် စစ်ရေးလေ့ကျင့်မယ်
ပြန်ပေးဆွဲဂိုဏ်းတွေ သောင်းကျန်းနေတဲ့ မူဆယ်,"Tue, 16 Apr 2024 11:57:13 GMT",https://www.bbc.com/burmese/articles/cpdgrvxemmxo#3,https://www.bbc.com/burmese/articles/cpdgrvxemmxo,"လက်နက်တွေ အလွယ်တကူရနိုင်ပြီး တရားဥပဒေစိုးမိုးမှုအားနည်းနေတဲ့ တရုတ်မြန်မာ နယ်စပ်မြို့မှာ လုပ်ငန်းရှင်တွေက ပြန်ပေးဂိုဏ်းတွေရဲ့ ပစ်မှတ်ထားခြင်းကိုခံနေရတာပါ။
တောမီးလောင်ချိန် တောကြောင်လက်ခမောင်းခတ်တဲ့ အခြေအနေကိုရင်ဆိုင်နေရတယ်လို့ မူဆယ်မြို့ခံတွေကပြောပါတယ်။
"
ကိုးကန့်က သေဒဏ်စီရင်မှု ဘယ်လို အဓိပ္ပါယ်ဆောင်သလဲ,"Fri, 26 Apr 2024 13:33:34 GMT",https://www.bbc.com/burmese/articles/c1rvgjn24jlo#0,https://www.bbc.com/burmese/articles/c1rvgjn24jlo,သေဒဏ်စီရင်မှုကို ဒရုန်း နဲ့ ရိုက်ပြပြီး လာကြည့်သူတွေကလည်း ခေတ်ပေါ်စမတ်ဖုန်းတွေ နဲ့ ရိုက်ကူးခဲ့ကြပေမယ့် ဒါက တရုတ်နိုင်ငံမှာ နှစ်ပေါင်းများစွာက ကျင့်သုံးခဲ့တဲ့ နည်းနာဟောင်းကို အမွေဆက်ခံထားတာပဲ ဖြစ်ပါတယ်။
တရုတ်နဲ့ အမေရိကန် ပြိုင်ဘက်ထက် မိတ်ဖက်ဖြစ်ဖို့လိုတယ်လို့ သမ္မတ ရှီကျင်းပင်ပြော,"Fri, 26 Apr 2024 15:40:16 GMT",https://www.bbc.com/burmese/articles/cg30z13k48xo#0,https://www.bbc.com/burmese/articles/cg30z13k48xo,ယူကရိန်းစစ်မှာ အသုံးချတဲ့ ပစ္စည်းတွေကို ရုရှားထံ တရုတ်ကုမ္ပဏီတွေ ပံ့ပိုးနေတာရပ်ဖို့ ဝန်ကြီးဘလင်ကင် တရုတ်အစိုးရကို တောင်းဆို
ယူကရိန်းကို Patriot ဒုံးကျည်တွေ ပင်တဂွန် အမြန်ဆုံးပို့မယ်,"Sat, 27 Apr 2024 11:22:10 GMT",https://www.bbc.com/burmese/articles/c0w0q2w14q2o#0,https://www.bbc.com/burmese/articles/c0w0q2w14q2o,Patriots ဒုံးပစ်စင်တစ်ခုဟာ ဒေါ်လာ တစ်ဘီလီယံလောက်ကုန်ကျပြီး ဒုံးကျည်တစ်စင်းဟာလည်း ဒေါ်လာ လေးဘီလီယံနီးပါးကုန်ကျပါတယ်။
“ဒုချုပ်ရောက်နေတာသိသိချင်းပဲ ဒရုန်းနဲ့တိုက်ခဲ့တာဗျ” – Alpha Bats ဒရုန်းအဖွဲ့တာဝန်ရှိသူ,"Sun, 28 Apr 2024 10:44:02 GMT",https://www.bbc.com/burmese/articles/c4n1dgrnl3mo#0,https://www.bbc.com/burmese/articles/c4n1dgrnl3mo,မွန်ပြည်နယ်၊ မော်လမြိုင်မြို့အခြေစိုက် အရှေ့တောင်တိုင်းစစ်ဌာနချုပ်ကို စစ်ကောင်စီဒုတိယ ခေါင်းဆောင် ဒုတိယဗိုလ်ချုပ်မှူးကြီး စိုးဝင်းရောက်ရှိနေတုန်း ရှားထူးဝေါ်နည်းပညာတပ်ဖွဲ့ Alpha Bats တပ်ခွဲက ကာမီကာဇေဒရုန်းတွေနဲ့ နှစ်ရက်ဆက်တိုက် တိုက်ခိုက်ခဲ့ပါတယ်။
ဧပြီလ ၂၈ ရက် နိုင်ငံတဝန်းသတင်းအနှစ်ချုပ် - ကော့ကရိတ်မြို့ခံအချို့ နေရပ်ပြန်ပြီ,"Sun, 28 Apr 2024 08:52:55 GMT",https://www.bbc.com/burmese/articles/c2x3pnn0xmpo#0,https://www.bbc.com/burmese/articles/c2x3pnn0xmpo,ကမ္ဘာ့အပူဆုံးမြို့တွေထဲ ‌ချောက်မြို့ နံပါတ် ၁ နေရာရောက်နေ၊ ပတ္တရားမှာ မြန်မာ ၂၀ ကျော်အဖမ်းခံရ၊ စစ်ကောင်စီလက်နက်ကြီးကျလို့ အိမ်ရာချီမီးလောင်ခဲ့တဲ့ ကျိုက်မရောမြို့နယ်ထဲက ဓမ္မသနဲ့ အနီးနားရွာတွေက ဒေသခံတွေကို နေရပ်ပြန်ကြဖို့ စစ်ကောင်စီပြော ... စတဲ့ ဧပြီလ ၂၈ ရက် ထိပ်တန်းသတင်းများကို စုစည်းတင်ဆက်ပေးနေပါတယ်။
၅ လကြာစွန့်ခွာပြီး ခဏတာအပြန် - ကောကရိတ်မြို့ထဲ ဘာတွေဖြစ်နေလဲ,"Mon, 29 Apr 2024 14:00:07 GMT",https://www.bbc.com/burmese/articles/c99zvz84pq7o#0,https://www.bbc.com/burmese/articles/c99zvz84pq7o,ကရင်ပြည်နယ်၊ အာရှလမ်းမကြီးဘေးက ကော့ကရိတ်မြို့ကို KNLA ဦးဆောင်တဲ့တော်လှန်ရေးတပ်ဖွဲ့တွေ မြို့သိမ်းတိုက်ပွဲပြုလုပ်ခဲ့အပြီး ၅ လအတွင်းမှာပဲ စစ်ကောင်စီက မြို့မှာ ရှင်းလင်းရေးလုပ်ပြီးပြီလို့ဆိုကာ  ဒေသခံတွေကို နေရပ်ပြန်ဝင်ခွင့်ပေးနေပါတယ်။ လနဲ့ချီ တိုက်ပွဲတွေဖြစ်ခဲ့တဲ့ကော့ကရိတ်မှာ ဘယ်လောက်အထိ ပျက်စီးခဲ့ပါလဲ၊ ပူးပေါင်းတပ်ဖွဲ့တွေ ကော့ကရိတ်ကနေ ဘာကြောင့်နောက်ဆုတ်ခဲ့ကြတာလဲ ... စတာတွေကို ဆက်လက်ဖတ်ရှုနိုင်ပါတယ်။
အစ္စရေး အပစ်ရပ် ကမ်းလှမ်းမှု ဟားမတ်စ် လက်ခံမယ်လို့ ကန်မျှော်လင့် ,"Mon, 29 Apr 2024 16:12:01 GMT",https://www.bbc.com/burmese/articles/c72p18vqzpdo#0,https://www.bbc.com/burmese/articles/c72p18vqzpdo,အစ္စရေး ကမ်းလှမ်းတဲ့ ဂါဇာ အပစ်ရပ်စဲရေး ဟားမတ်စ် လက်ခံမယ်လို့ အမေရိကန် မျှော်လင့်
ကင်ဆာကုသမှုခံယူခဲ့တဲ့ ချားလ်စ်ဘုရင် တော်ဝင်တာဝန်တွေ ပြန်လည်ထမ်းဆောင်မယ်,"Mon, 29 Apr 2024 10:36:17 GMT",https://www.bbc.com/burmese/articles/c060pv327y5o#0,https://www.bbc.com/burmese/articles/c060pv327y5o,ချားလ်စ်ဘုရင်ဟာ သူ့ရဲ့ ကင်ဆာကုသမှုခံယူမှုမှာ အားတက်စရာအခြေအနေဖြစ်လာခဲ့ပြီးတဲ့နောက်မှာတော့ လူထုကြားထဲ တော်ဝင်တာဝန်ဝတ္တရားတွေကို ပြန်လည်ထမ်းဆောင်ဖို့ရှိနေပါတယ်။
မြန်မာနဲ့နယ်စပ် အိန္ဒိယက မဏိပူ ပြည်နယ်မှာ ရဲတွေ တိုက်ခိုက်ခံရလို့ ၂ ယောက်သေဆုံး,"Sun, 28 Apr 2024 11:35:56 GMT",https://www.bbc.com/burmese/articles/c72p7evq09no#0,https://www.bbc.com/burmese/articles/c72p7evq09no,မနှစ်က လူမျိုးရေးအဓိကရုန်းကြောင့် လူ၂၀၀ကျော်သေဆုံးခဲ့တဲ့ မဏိပူမှာ ရဲတွေ တိုက်ခိုက်ခံရလို့သေဆုံး
မဲဆောက် - ထွက်ပြေးမြန်မာတွေ၊ တော်လှန်သူတွေ၊ စိုးထိတ်မှုတွေနဲ့ပြည့်နေတဲ့မြို့,"Wed, 24 Apr 2024 08:27:38 GMT",https://www.bbc.com/burmese/articles/c72p39q51v8o#1,https://www.bbc.com/burmese/articles/c72p39q51v8o,မဲဆောက်ဟာ စစ်အာဏာသိမ်းမှုကနေ ထွက်ပြေးလာတဲ့မြန်မာတွေအတွက် လွယ်လွယ်ကူကူ ကွန်းခိုဖို့ရာမဖြစ်နိုင်တဲ့မြို့ငယ်တစ်မြို့ ဖြစ်နေပါတယ်။
ခလရ  ၂၇၅ ကို စစ်ကောင်စီဘယ်လိုပြန်ရသွားလဲ ,"Wed, 24 Apr 2024 08:49:42 GMT",https://www.bbc.com/burmese/articles/cq5n225d3wqo#1,https://www.bbc.com/burmese/articles/cq5n225d3wqo,ဘီဘီစီရဲ့ မြေပြင်သတင်းရင်းမြစ်ကတော့ အမှတ် ၂ တံတားအောက်မှာတပ်စွဲခဲ့တဲ့ စစ်ကောင်စီတပ်ဖွဲ့ဝင်တွေထဲက အချို့ က တံတားနဲ့  ၄မိုင် အကွာလောက်မှာရှိနေတဲ့ သူ့တို့ရဲ့ တပ်စခန်း ခလရ ၂၇၅ ကို ပြန်ရောက်သွားကြတာလို့ ပြောပါတယ်။
ဆူဒန်ဟာ ရုရှားရဲ့ ဗာဂနာတပ်ဖွဲ့နဲ့ ယူကရိန်း‌တပ်တွေရဲ့ စစ်မြေပြင်ဖြစ်လာသလား,"Wed, 24 Apr 2024 03:18:07 GMT",https://www.bbc.com/burmese/articles/c03dnee5n8xo#1,https://www.bbc.com/burmese/articles/c03dnee5n8xo,ဖေဖော်ဝါရီလက ထွက်ပေါ်လာတဲ့ ရုပ်သံဖိုင်ထဲမှာတော့ ဆူဒန်မှာရှိနေတဲ့ ယူကရိန်းတပ်ဖွဲ့ဝင်အများအပြားဟာ လက်နက်ကြီးနဲ့ အမြောက်ထိမှန်ထားတဲ့ စစ်သုံးယာဥ်ထဲမှာ သေဆုံးနေတဲ့ ရုရှားစစ်သား  တစ်ဦးရဲ့ ရုပ်အလောင်းကို စစ်ဆေးကြည့်ရှုနေတာတွေ့ရပါတယ်။
ရခိုင်စစ်ရေးပြင်းထန်ချိန် လူမျိုးရေးအသွင်ဆောင်တဲ့ ပဋိပက္ခတွေ ထပ်ပြီး ပေါက်ကွဲ ထွက်လာနိုင်လား,"Tue, 23 Apr 2024 02:50:17 GMT",https://www.bbc.com/burmese/articles/c14krkjg8j7o#1,https://www.bbc.com/burmese/articles/c14krkjg8j7o,ရိုဟင်ဂျာတွေအပေါ် စစ်သင်တန်းပေးပြီ လက်နက်တပ်ဆင်ပေးတာ၊ AA ဆန့်ကျင်ရေး ဆန္ဒပြပွဲတွေ လုပ်ခိုင်းတာအပြင် ဘူးသီးတောင်မှာ ရခိုင်အိမ်တွေကို မီးရှို့တာတွေပါ ပြုလုပ်စေခဲ့တယ် ဆိုတဲ့ ပြောဆိုချက်တွေ ထွက်ပေါ်
လာအိုမှာ မြန်မာထောင်နဲ့ချီဖမ်းဆီးခံရတာဘာကြောင့်လဲ ,"Mon, 22 Apr 2024 12:24:44 GMT",https://www.bbc.com/burmese/articles/clm3lz335yeo#1,https://www.bbc.com/burmese/articles/clm3lz335yeo,လာအိုရဲတပ်ဖွဲ့နဲ့ စစ်တပ်တို့က ရွှေတြိဂံအထူးစီးပွားရေးဇုန်မှာရှိတဲ့ ဆင်နှစ်ကောင်၊ ခြောက်လုံးပြိုင်၊ အုန်းတောနဲ့ ကျွန်းတော စတဲ့နေရာတွေမှာမြန်မာအပါအဝင် နိုင်ငံခြားသား ရွှေ့ပြောင်းအလုပ်သမားထောင်နဲ့ချီကို ဖမ်းဆီးခဲ့တာဖြစ်ပါတယ်။
“မြန်မာ ဆိုက်ဘာကျွန်စခန်းထဲက ကျွန်တော့်ဘဝ ငရဲခန်း”,"Sun, 21 Apr 2024 04:03:41 GMT",https://www.bbc.com/burmese/articles/cjkd3ye677mo#1,https://www.bbc.com/burmese/articles/cjkd3ye677mo,သီရိလင်္ကာနိုင်ငံက အသက် ၂၅ နှစ်အရွယ် အိုင်တီပညာရှင် ရာဗီဟာ တရုတ်စကားပြော ဂိုဏ်းသမားတွေ လည်ပတ်တဲ့ လျှို့ဝှက်အလုပ်စခန်းရှိရာ မြန်မာနိုင်ငံထဲကို လူကုန်ကူးခံခဲ့ရပါတယ်။ ငွေကြေးစုဆောင်းထား တဲ့ အနောက်နိုင်ငံသားတွေကို အွန်လိုင်းကနေ ပစ်မှတ်ထားလိမ်လည်ဖို့ အဓမ္မစေခိုင်းခံခဲ့ရပြီး ခိုင်းတဲ့အတိုင်းမလုပ်ရင် မျက်နှာကို ထိုးနှက်တာနဲ့ နှိပ်စက်တာတွေ ခံခဲ့ရတယ်လို့ သူက ပြောပါတယ်။
အကျဥ်းထောင်ကနေ ရွှေ့ပြောင်းခံထားရတဲ့ ဒေါ်အောင်ဆန်းစုကြည်,"Fri, 19 Apr 2024 02:33:00 GMT",https://www.bbc.com/burmese/articles/cz9l7pv97z6o#3,https://www.bbc.com/burmese/articles/cz9l7pv97z6o,'' အရမ်းပူတဲ့ ရက်တွေကတော့ ပန်ကာတစ်လုံးရတယ်ပြောတယ်။ သူ့ကိုထားတဲ့အခန်းက နေကိုမျက်နှာမူပြီးဆောက်ထားတာဆိုတော့ နည်းနည်းတော့သက်သာတယ်ပြောရမယ်။ ဒါပေမဲ့ သူ့အသက်အရွယ်အရ ဒီလိုအပူချိန်ကအပူဒဏ်ကာကွယ်နိုင်တဲ့ အခန်းမဟုတ်တဲ့အတွက် တော်တော်ကိုစိုးရိမ်ခဲ့ရတယ်'' လို့ ထောင်တွင်းအခြေအနေသိရှိသူတစ်ဦးကပြောပါတယ်။
တစ်တော့ပေါ် ပစ်မှတ်ထားခံရမှု - ရှင်သန်ချင်စိတ်ပျောက်တဲ့အထိဖြစ်ရတဲ့ဘင်္ဂလားဒေ့ရှ်အမျိုးသမီးတွေ,"Fri, 19 Apr 2024 13:46:20 GMT",https://www.bbc.com/burmese/articles/ced005q544lo#3,https://www.bbc.com/burmese/articles/ced005q544lo,ဘင်္ဂလားဒေ့ရှ်အသိုက်အဝန်းက အမျိုးသမီးတွေဟာ တစ်တော့ပေါ်က မခံချိ မခံသာအောင် ထိုးနှက်တိုက်ခိုက်မှုတွေကြောင့် သူတို့ဘဝတွေ ပျက်လုနီးပါးဖြစ်နေရတယ်လို့ ရင်ဖွင့်လာကြပါတယ်။
လွတ်ငြိမ်းခွင့်ရနေပြည်တော်အမတ်ပြောတဲ့ အိုးဘိုထောင်ထဲက NLD ခေါင်းဆောင်တွေအကြောင်း ,"Thu, 18 Apr 2024 13:19:38 GMT",https://www.bbc.com/burmese/articles/cpvgyq3r6xro#3,https://www.bbc.com/burmese/articles/cpvgyq3r6xro,နိုင်ငံရေးပုဒ်မ ၂ နှစ်ကွမ်းထောင်ဒဏ်နဲ့ ထောင် ၃ ထောင်ပြောင်းရွှေ့ခံပြီးတဲ့နောက် စစ်ကောင်စီလွတ်ငြိမ်းနဲ့ ပြန်လည်လွတ်မြောက်လာတဲ့ နေပြည်တော် လွှတ်တော်အမတ်ပြန်လည်ပြောပြတဲ့ အိုးဘိုထောင်ထဲက NLD ခေါင်းဆောင်တွေနဲ ထောင်တွင်း အတွေ့အကြုံတွေ
ဝ တပ်ဖွဲ့ ဦးဆောင်သူနေရာ ဘယ်သူတွေ အမွေဆက်ခံမလဲ,"Wed, 17 Apr 2024 14:19:06 GMT",https://www.bbc.com/burmese/articles/ck5knk1jxy4o#3,https://www.bbc.com/burmese/articles/ck5knk1jxy4o,"ဗမာပြည်ကွန်မြူနစ်ပါတီ ပုန်ကန်မှုကို ဦးဆောင်ခဲ့သူတွေရဲ့ အုပ်စိုးမှုကို သူတို့ မျိုးဆက်တွေက မကြာခင်မှာ လက်လွှဲယူကြတော့မယ့် အရိပ်အခြေတွေကို တွေ့နေရပြီဖြစ်ပါတယ်။
"
အစ္စရေးကို  ဂျာမနီ လက်နက်ရောင်းတာ အိုင်စီဂျေ မပိတ်ပင် ,"Tue, 30 Apr 2024 16:26:23 GMT",https://www.bbc.com/burmese/articles/cjlj9wdg7z0o#0,https://www.bbc.com/burmese/articles/cjlj9wdg7z0o,ဂျာမနီက အစ္စရေးကို လက်နက်ရောင်းတာကို အရေးပေါ် အမိန့်ထုတ်ပြီး မတားမြစ်ဖို့ အိုင်စီဂျေ နိုင်ငံတကာ တရားရုံးက ဆုံးဖြတ်
အယ်နီညို ဆိုတာဘာလဲ၊ ရာသီဥတုကို ဘယ်လိုပြောင်းလဲစေလဲ,"Tue, 30 Apr 2024 07:39:15 GMT",https://www.bbc.com/burmese/articles/cz5dyrm7m7jo#0,https://www.bbc.com/burmese/articles/cz5dyrm7m7jo,အယ်လ်နီညိုနဲ့ လာနီညာလို့ လူသိများတဲ့ ရာသီဥတုဖြစ်စဉ်ကြောင့် ကမ္ဘာ့အပူချိန်နဲ့ မိုးရွာသွန်းမှုပုံစံတွေကိုထိခိုက်စေပါတယ်။ အခုတော့ အယ်လ်နီညိုအဆင့် ပြီးဆုံးသွားပြီလို့ သြစတြေးလျ မိုးလေဝသဌာနက ပြောပါတယ်။ ဒါပြီးရင်ရော ဘာဆက်ဖြစ်မှာလဲ။
၅ လကြာစွန့်ခွာပြီး ခဏတာအပြန် - ကော့ကရိတ်မြို့ထဲ ဘာတွေဖြစ်နေလဲ,"Mon, 29 Apr 2024 14:00:07 GMT",https://www.bbc.com/burmese/articles/c99zvz84pq7o#0,https://www.bbc.com/burmese/articles/c99zvz84pq7o,ကရင်ပြည်နယ်၊ အာရှလမ်းမကြီးဘေးက ကော့ကရိတ်မြို့ကို KNLA ဦးဆောင်တဲ့တော်လှန်ရေးတပ်ဖွဲ့တွေ မြို့သိမ်းတိုက်ပွဲပြုလုပ်ခဲ့အပြီး ၅ လအတွင်းမှာပဲ စစ်ကောင်စီက မြို့မှာ ရှင်းလင်းရေးလုပ်ပြီးပြီလို့ဆိုကာ  ဒေသခံတွေကို နေရပ်ပြန်ဝင်ခွင့်ပေးနေပါတယ်။ လနဲ့ချီ တိုက်ပွဲတွေဖြစ်ခဲ့တဲ့ကော့ကရိတ်မှာ ဘယ်လောက်အထိ ပျက်စီးခဲ့ပါလဲ၊ ပူးပေါင်းတပ်ဖွဲ့တွေ ကော့ကရိတ်ကနေ ဘာကြောင့်နောက်ဆုတ်ခဲ့ကြတာလဲ ... စတာတွေကို ဆက်လက်ဖတ်ရှုနိုင်ပါတယ်။
ဒုတိယဗိုလ်ချုပ်မှူးကြီးစိုးဝင်း - ဖိအားတွေအောက်က ကြည်းတပ်ဦးစီးချုပ်,"Wed, 24 Apr 2024 12:14:28 GMT",https://www.bbc.com/burmese/articles/crgy6y7nm46o#1,https://www.bbc.com/burmese/articles/crgy6y7nm46o,ဗိုလ်ချုပ်မှူးကြီးမင်းအောင်လှိုင် အငြိမ်းစားယူရင် တပ်ချုပ်ဖြစ်လာမယ့်လူလို့ ထင်ကြေးပေးခံခဲ့ရပေမယ့် ဒုတိယဗိုလ်ချုပ်မှူးကြီးစိုးဝင်းဟာ ဒုချုပ်ရာထူးမှာပဲ ၁၃ နှစ်တောင် ရှိနေပါပြီ။
ယူကရိန်းမှာ ဘယ်လက်နက်ပြတ်လပ်နေပြီး ဘယ်လိုအကူအညီရနေလဲ ,"Thu, 25 Apr 2024 12:46:15 GMT",https://www.bbc.com/burmese/articles/cydrjdvmm84o#1,https://www.bbc.com/burmese/articles/cydrjdvmm84o,ယူကရိန်းကို စစ်ရေးဆိုင်ရာအကူအညီ ဒေါ်လာ ၆၁ ဘီလျံအထိ အကူအညီထပ်ပေးဖို့ အမေရိကန် လွှတ်တော်နှစ်ရပ်စလုံးက မဲပေးဆုံးဖြတ်လိုက်ပြီဖြစ်ပါတယ်။
“ကျွန်မတို့သားအတွက် အမှတ်တရအဖြစ် ကလေးကစားကွင်း တခုလုပ် လိုက်ပါတယ်” ကျဆုံး ယူကရိန်းစစ်သားအတွက်ပေးတဲ့ နစ်နာကြေးကို မိသားစုက ဘယ်လိုအသုံးပြုလဲ,"Tue, 23 Apr 2024 18:42:33 GMT",https://www.bbc.com/burmese/articles/cp0gmjr9z8yo#1,https://www.bbc.com/burmese/articles/cp0gmjr9z8yo,စစ်ပွဲအတွင်း ကျဆုံးခဲ့ရတဲ့ ယူကရိန်းစစ်သားတယောက်ရဲ့ မိဘတွေက သူ့သား အမှတ်တရအတွက် အများက မထင်မှတ်ထားတာတခုကို ဖန်တီးလိုက်ပါတယ်။ သူကြီးပြင်းခဲ့တဲ့ ယူကရိန်းအနောက်မြောက်ပိုင်း ရီးဗ်နာမြို့နားက မြို့လေးမှာ ကလေး ကစားကွင်းတခုကို သူတို့ လုပ်လိုက်ကြပါတယ်။
“မြန်မာ ဆိုက်ဘာကျွန်စခန်းထဲက ကျွန်တော့်ဘဝ ငရဲခန်း”,"Sun, 21 Apr 2024 04:03:41 GMT",https://www.bbc.com/burmese/articles/cjkd3ye677mo#3,https://www.bbc.com/burmese/articles/cjkd3ye677mo,သီရိလင်္ကာနိုင်ငံက အသက် ၂၅ နှစ်အရွယ် အိုင်တီပညာရှင် ရာဗီဟာ တရုတ်စကားပြော ဂိုဏ်းသမားတွေ လည်ပတ်တဲ့ လျှို့ဝှက်အလုပ်စခန်းရှိရာ မြန်မာနိုင်ငံထဲကို လူကုန်ကူးခံခဲ့ရပါတယ်။ ငွေကြေးစုဆောင်းထား တဲ့ အနောက်နိုင်ငံသားတွေကို အွန်လိုင်းကနေ ပစ်မှတ်ထားလိမ်လည်ဖို့ အဓမ္မစေခိုင်းခံခဲ့ရပြီး ခိုင်းတဲ့အတိုင်းမလုပ်ရင် မျက်နှာကို ထိုးနှက်တာနဲ့ နှိပ်စက်တာတွေ ခံခဲ့ရတယ်လို့ သူက ပြောပါတယ်။
၃နှစ်ရာသီ NUG- စစ်ရေး၊ဘဏ္ဍာရေး၊နယ်မြေစိုးမိုးမှုနဲ့ ပသုံးလုံးပြဿနာ,"Wed, 01 May 2024 11:23:41 GMT",https://www.bbc.com/burmese/articles/ckmjlzvmk26o#0,https://www.bbc.com/burmese/articles/ckmjlzvmk26o,မြန်မာတစ်နိုင်ငံလုံးရဲ့ ၆၀ ရာခိုင်နှုန်းကျော်ကို အမျိုးသားညီညွတ်ရေးအစိုးရ NUG နဲ့ တိုင်းရင်းသားတော်လှန် ရေးအင်အားစုတွေက စိုးမိုးထိန်းချုပ်ထားနိုင်ပြီလို့ ဧပြီ ၃၀ ရက်နေ့မှာ ပြုလုပ်တဲ့ သတင်းစာရှင်းလင်းပွဲမှာ ထုတ်ပြောလိုက်ပါတယ်။
 ယူကရိန်းစစ်မှာ သိမ်းမိတဲ့ စစ်ပစ္စည်းတွေ ရုရှားထုတ်ပြ ,"Wed, 01 May 2024 16:12:14 GMT",https://www.bbc.com/burmese/articles/cl40m7r58jvo#0,https://www.bbc.com/burmese/articles/cl40m7r58jvo,ဒီမှာ ဂျာမန် စစ်ပစ္စည်းတွေ အများကြီး တွေ့ရပြီး အဲဒီအပေါ်ကနေ သမိုင်းက တပတ်ပြန်လည်နေတယ်လို့ စာတမ်းထိုးထား
အီရန်ဆယ်ကျော်သက် မိန်းကလေးကို လုံခြုံရေးတပ်ဖွဲ့က သတ်ခဲ့ကြောင်း အမှုတွဲမှတ်တမ်းက ဖော်ပြနေ,"Wed, 01 May 2024 15:06:41 GMT",https://www.bbc.com/burmese/articles/cv2r887njpjo#0,https://www.bbc.com/burmese/articles/cv2r887njpjo,ဘီဘီစီက ရထားတဲ့ အီရန်တော်လှန်ရေးအစောင့်တပ်ဖွဲ့ရဲ့ လျှို့ဝှက် အစီရင်ခံစာထဲမှာ နီကာ ရှာကာရာမီရဲ့ နောက်ဆုံးလှုပ်ရှားမှု အသေးစိတ်ကို ကျောချမ်းစရာ ဖော်ပြထားပါတယ်။
လူကုံထံတွေကြား ပိုပြီးရေပန်းစားလာတဲ့ ဇိမ်ခံသောက်ရေ Luxury Water,"Wed, 01 May 2024 11:20:39 GMT",https://www.bbc.com/burmese/articles/c80k10504qro#0,https://www.bbc.com/burmese/articles/c80k10504qro,လူပေါင်းသန်းချီဟာ သန့်ရှင်းရေကိုရရှိမှု အကန့်အသတ်တွေရှိနေချိန် အချို့ကတော့ ရေတစ်ဗူးအတွက် ဒေါ်လာ သန်းရာချီပေး သောက်နေကြပါတယ်။ မီးတောင်တွေနဲ့ ရေခဲမြစ်တွေကနေ ထုတ်ယူထားတဲ့ ရေသန့်ရေကောင်းဟာ အခုတော့ လူကုံထံတွေကြားမှာ သောက်သုံးလိုမှုများတဲ့ရေတစ်မျိုးဖြစ်လာပါတယ်။
May Day - မေလ ၁ ရက်ကို အပြည်ပြည်ဆိုင်ရာအလုပ်သမားနေ့ အဖြစ် ဘာလို့သတ်မှတ်,"Wed, 01 May 2024 02:52:44 GMT",https://www.bbc.com/burmese/articles/cn0v1xld399o#0,https://www.bbc.com/burmese/articles/cn0v1xld399o,မေဒေး ဒါမှမဟုတ် နိုင်ငံတကာအလုပ်သမားနေ့ အဖြစ်ခေါ်ကြတဲ့ အလုပ်သမားနေ့ ဘယ်လိုစတင်ခဲ့လဲဆိုတာနဲ့ ဒီနေ့ ခေတ်မှာ အလုပ်သမားနေ့ကို ကမ္ဘာတဝန်း ဘယ်လိုဆင်နွှဲနေကြလဲဆိုတာကို စုစည်းဖော်ပြထားပါတယ်။
အစ္စရေးကို  ဂျာမနီ လက်နက်ရောင်းတာ အိုင်စီဂျေ မပိတ်ပင် ,"Tue, 30 Apr 2024 16:47:29 GMT",https://www.bbc.com/burmese/articles/cjlj9wdg7z0o#0,https://www.bbc.com/burmese/articles/cjlj9wdg7z0o,ဂျာမနီက အစ္စရေးကို လက်နက်ရောင်းတာကို အရေးပေါ် အမိန့်ထုတ်ပြီး မတားမြစ်ဖို့ အိုင်စီဂျေ နိုင်ငံတကာ တရားရုံးက ဆုံးဖြတ်
ကိုးကန့်က သေဒဏ်စီရင်မှု ဘယ်လို အဓိပ္ပါယ်ဆောင်သလဲ,"Fri, 26 Apr 2024 13:33:34 GMT",https://www.bbc.com/burmese/articles/c1rvgjn24jlo#1,https://www.bbc.com/burmese/articles/c1rvgjn24jlo,သေဒဏ်စီရင်မှုကို ဒရုန်း နဲ့ ရိုက်ပြပြီး လာကြည့်သူတွေကလည်း ခေတ်ပေါ်စမတ်ဖုန်းတွေ နဲ့ ရိုက်ကူးခဲ့ကြပေမယ့် ဒါက တရုတ်နိုင်ငံမှာ နှစ်ပေါင်းများစွာက ကျင့်သုံးခဲ့တဲ့ နည်းနာဟောင်းကို အမွေဆက်ခံထားတာပဲ ဖြစ်ပါတယ်။
တူမီးသေနတ်နဲ့စတင်တဲ့ မင်းတပ်တော်လှန်ရေး  ဘယ်လောက်ခရီးပေါက်ပြီလဲ,"Thu, 25 Apr 2024 13:37:03 GMT",https://www.bbc.com/burmese/articles/clm34190z44o#1,https://www.bbc.com/burmese/articles/clm34190z44o,ချင်းပြည်နယ်၊ မင်းတပ်က လူငယ်တွေ အမဲလိုက်တူမီးသေနတ်နဲ့ စစ်အာဏာသိမ်းဆန့်ကျင်ရေးတိုက်ပွဲဝင်လာတာ ၂၀၂၄ ခုနှစ်၊ ဧပြီ ၂၄ ရက်မှာ ၃ နှစ်ပြည့်ပြီဖြစ်ပါတယ်။
လာအိုမှာ မြန်မာထောင်နဲ့ချီဖမ်းဆီးခံရတာဘာကြောင့်လဲ ,"Mon, 22 Apr 2024 12:24:44 GMT",https://www.bbc.com/burmese/articles/clm3lz335yeo#3,https://www.bbc.com/burmese/articles/clm3lz335yeo,လာအိုရဲတပ်ဖွဲ့နဲ့ စစ်တပ်တို့က ရွှေတြိဂံအထူးစီးပွားရေးဇုန်မှာရှိတဲ့ ဆင်နှစ်ကောင်၊ ခြောက်လုံးပြိုင်၊ အုန်းတောနဲ့ ကျွန်းတော စတဲ့နေရာတွေမှာမြန်မာအပါအဝင် နိုင်ငံခြားသား ရွှေ့ပြောင်းအလုပ်သမားထောင်နဲ့ချီကို ဖမ်းဆီးခဲ့တာဖြစ်ပါတယ်။
“ကျွန်မတို့သားအတွက် အမှတ်တရအဖြစ် ကလေးကစားကွင်း တခုလုပ် လိုက်ပါတယ်” ကျဆုံး ယူကရိန်းစစ်သားအတွက်ပေးတဲ့ နစ်နာကြေးကို မိသားစုက ဘယ်လိုအသုံးပြုလဲ,"Tue, 23 Apr 2024 18:42:33 GMT",https://www.bbc.com/burmese/articles/cp0gmjr9z8yo#3,https://www.bbc.com/burmese/articles/cp0gmjr9z8yo,စစ်ပွဲအတွင်း ကျဆုံးခဲ့ရတဲ့ ယူကရိန်းစစ်သားတယောက်ရဲ့ မိဘတွေက သူ့သား အမှတ်တရအတွက် အများက မထင်မှတ်ထားတာတခုကို ဖန်တီးလိုက်ပါတယ်။ သူကြီးပြင်းခဲ့တဲ့ ယူကရိန်းအနောက်မြောက်ပိုင်း ရီးဗ်နာမြို့နားက မြို့လေးမှာ ကလေး ကစားကွင်းတခုကို သူတို့ လုပ်လိုက်ကြပါတယ်။
အမျိုးသားတွေ ပြည်ပထွက်ခွာအလုပ်လုပ်ကိုင်ခွင့် စစ်ကောင်စီပိတ်ပင်,"Thu, 02 May 2024 13:31:09 GMT",https://www.bbc.com/burmese/articles/cn3dj757zxzo#0,https://www.bbc.com/burmese/articles/cn3dj757zxzo,ဂျပန်ကိုထွက်ခွာ အလုပ်လုပ်ဖို့ ခြေလှမ်းပြင်နေတဲ့ ရန်ကုန်၊ စမ်းချောင်းမြို့နယ်က အသက် ၃၂ နှစ်အရွယ်လူငယ်တစ်ဦးကတော့ ''သူတို့ရဲ့ အနာဂတ်မျှော်လင့်ချက်တွေ ပျောက်ဆုံးသွားပြီ'' လို့ ဘီဘီစီကိုဖြေကြားပါတယ်။
ရုရှားလက်က လွတ်ဖို့ မိုင်ချီခြေလျင်ပြေးခဲ့ရတဲ့ အသက် ၉၈ နှစ်အရွယ် ယူကရိန်းအမယ်အို,"Thu, 02 May 2024 12:15:22 GMT",https://www.bbc.com/burmese/articles/cx03w50j8y1o#0,https://www.bbc.com/burmese/articles/cx03w50j8y1o,ရှေ့တိုးလာနေတဲ့ ရုရှားစစ်တပ်နဲ့ လက်နက်ကြီးပစ်ခတ်မှုတွေကြားက ၆ မိုင်ခရီးကို ‌ခြေလျှင်လျှောက် ထွက်ပြေးလာတဲ့အသက် ၉၈ နှစ်အရွယ် ယူကရိန်းအဖွားအိုအကြောင်း ဆက်လက်ဖတ်ရှုပါ။
ယူကရိန်းစစ်မှာ သိမ်းမိတဲ့ စစ်ပစ္စည်းတွေ ရုရှားထုတ်ပြ ,"Wed, 01 May 2024 16:12:14 GMT",https://www.bbc.com/burmese/articles/cl40m7r58jvo#0,https://www.bbc.com/burmese/articles/cl40m7r58jvo,ဒီမှာ ဂျာမန် စစ်ပစ္စည်းတွေ အများကြီး တွေ့ရပြီး အဲဒီအပေါ်ကနေ သမိုင်းက တပတ်ပြန်လည်နေတယ်လို့ စာတမ်းထိုးထား
အမျိုးသားတွေပြည်ပထွက်ခွာအလုပ်ခွင့်ပိတ်ပင်မှုဘာတွေသက်ရောက်လာနိုင်လဲ,"Fri, 03 May 2024 03:36:05 GMT",https://www.bbc.com/burmese/articles/cn3dj757zxzo#0,https://www.bbc.com/burmese/articles/cn3dj757zxzo,ဂျပန်ကိုထွက်ခွာ အလုပ်လုပ်ဖို့ ခြေလှမ်းပြင်နေတဲ့ ရန်ကုန်၊ စမ်းချောင်းမြို့နယ်က အသက် ၃၂ နှစ်အရွယ်လူငယ်တစ်ဦးကတော့ ''သူတို့ရဲ့ အနာဂတ်မျှော်လင့်ချက်တွေ ပျောက်ဆုံးသွားပြီ'' လို့ ဘီဘီစီကိုဖြေကြားပါတယ်။
အမေရိကန်တက္ကသိုလ်တွေမှာ ပါလက်စတိုင်းအရေး ဆန္ဒပြနေကြတဲ့ ကျောင်းသားတွေရဲ့ လိုလားချက်,"Thu, 02 May 2024 17:27:01 GMT",https://www.bbc.com/burmese/articles/cjewz9vqq4no#0,https://www.bbc.com/burmese/articles/cjewz9vqq4no,ပါလက်စတိုင်း ထောက်ခံတဲ့ တက္ကသိုလ်အုပ်စုတွေက သူတို့တက်တဲ့ကျောင်းတွေကို အစ္စရေးနဲ့ အဆက်ဖြတ်ဖို့ နှစ်တွေနဲ့ချီပြီး တောင်းဆိုခဲ့ကြပါတယ်။
၅ လကြာစွန့်ခွာပြီး ခဏတာအပြန် - ကော့ကရိတ်မြို့ထဲ ဘာတွေဖြစ်နေလဲ,"Mon, 29 Apr 2024 14:00:07 GMT",https://www.bbc.com/burmese/articles/c99zvz84pq7o#1,https://www.bbc.com/burmese/articles/c99zvz84pq7o,ကရင်ပြည်နယ်၊ အာရှလမ်းမကြီးဘေးက ကော့ကရိတ်မြို့ကို KNLA ဦးဆောင်တဲ့တော်လှန်ရေးတပ်ဖွဲ့တွေ မြို့သိမ်းတိုက်ပွဲပြုလုပ်ခဲ့အပြီး ၅ လအတွင်းမှာပဲ စစ်ကောင်စီက မြို့မှာ ရှင်းလင်းရေးလုပ်ပြီးပြီလို့ဆိုကာ  ဒေသခံတွေကို နေရပ်ပြန်ဝင်ခွင့်ပေးနေပါတယ်။ လနဲ့ချီ တိုက်ပွဲတွေဖြစ်ခဲ့တဲ့ကော့ကရိတ်မှာ ဘယ်လောက်အထိ ပျက်စီးခဲ့ပါလဲ၊ ပူးပေါင်းတပ်ဖွဲ့တွေ ကော့ကရိတ်ကနေ ဘာကြောင့်နောက်ဆုတ်ခဲ့ကြတာလဲ ... စတာတွေကို ဆက်လက်ဖတ်ရှုနိုင်ပါတယ်။
ရခိုင်စစ်ရေးပြင်းထန်ချိန် လူမျိုးရေးအသွင်ဆောင်တဲ့ ပဋိပက္ခတွေ ထပ်ပြီး ပေါက်ကွဲ ထွက်လာနိုင်လား,"Tue, 23 Apr 2024 02:50:17 GMT",https://www.bbc.com/burmese/articles/c14krkjg8j7o#3,https://www.bbc.com/burmese/articles/c14krkjg8j7o,ရိုဟင်ဂျာတွေအပေါ် စစ်သင်တန်းပေးပြီ လက်နက်တပ်ဆင်ပေးတာ၊ AA ဆန့်ကျင်ရေး ဆန္ဒပြပွဲတွေ လုပ်ခိုင်းတာအပြင် ဘူးသီးတောင်မှာ ရခိုင်အိမ်တွေကို မီးရှို့တာတွေပါ ပြုလုပ်စေခဲ့တယ် ဆိုတဲ့ ပြောဆိုချက်တွေ ထွက်ပေါ်
ဗီဒီယို ပြင်ဆင်တည်းဖြတ်ခဲ့မှုနဲ့ အိန္ဒိယအတိုက်အခံပါတီ ထိပ်တန်းခေါင်းဆောင်တစ်ဦး ဖမ်းဆီးခံရ,"Sat, 04 May 2024 15:13:54 GMT",https://www.bbc.com/burmese/articles/c9xzgzr2lr0o#0,https://www.bbc.com/burmese/articles/c9xzgzr2lr0o,ပြည်ထဲရေးဝန်ကြီးရဲ့ ဗီဒီယိုကို တည်းဖြတ်ပြီး လိမ်ညာဖော်ပြခဲ့မှုနဲ့ အတိုက်အခံ ကွန်ဂရက်ပါတီ ထိပ်တန်းခေါင်းဆောင်တစ်ဦးကို ရဲက ဖမ်းဆီးထားပါတယ်။
မေ ၄ ရက် နိုင်ငံတဝန်း သတင်းအနှစ်ချုပ် - နျူကလီးယားစွမ်းအင် အကောင်အထည်ဖော်ဖို့ စစ်ခေါင်းဆောင်ကိုယ်တိုင် ဦးဆောင်မယ်,"Sat, 04 May 2024 12:02:19 GMT",https://www.bbc.com/burmese/articles/cxe9ggy8kplo#0,https://www.bbc.com/burmese/articles/cxe9ggy8kplo,ရှမ်းပြည်နယ်မြောက်ပိုင်း က တအာင်းတပ်TNLA ထိန်းချုပ်ထားတဲ့ နမ္မတူမြို့မှာ လေဆင်နှာမောင်းတိုက်ခတ်မှုကြောင့် နေအိမ် ၈၀ ကျော်ပျက်စီးသွားတယ်လို့ ဒေသခံတွေက ဘီဘီစီကိုပြောပါတယ်။
‘နေရတာ ကျောမလုံဘူး’  - နိုင်ငံပြင်ပ စိန်ခေါ်မှုတွေကြားက ဘီဘီစီသတင်းထောက်များ,"Fri, 03 May 2024 16:43:05 GMT",https://www.bbc.com/burmese/articles/c0jk3wvwwdko#0,https://www.bbc.com/burmese/articles/c0jk3wvwwdko,ပြည်ပမှာနေထိုင်လုပ်ကိုင်ကြတဲ့ သတင်းထောက်အများစုဟာ ထောင်ဒဏ်ကျခံရတာအပြင် အသက်အန္တရာယ်ခြိမ်းခြောက်မှုတွေနဲ့ အကြမ်းဖက်မှုတွေကို အပြင်လောကမှာရော အွန်လိုင်းကနေပါ နှောင့်ယှက်ဖိအားပေးတာတွေနဲ့ ရင်ဆိုင်နေရပါတယ်။
အနောက်ဘက်ကမ်း လူငယ်သတ်ဖြတ်မှုက စစ်ရာဇဝတ်မှုမြောက်နိုင်ကြောင်း အစ္စရေး စွပ်စွဲခံရ,"Fri, 03 May 2024 17:05:34 GMT",https://www.bbc.com/burmese/articles/cd18nz6z2lmo#0,https://www.bbc.com/burmese/articles/cd18nz6z2lmo,ဘီဘီစီက ရရှိတဲ့ သက်သေအထောက်အထားတွေကို လွတ်လပ်တဲ့ကျွမ်းကျင်သူတွေကို ပြကြည့်တော့ နိုင်ငံတကာ ဥပဒေကို ချိုးဖောက်ရာ ရောက်သလို စစ်ရာဇဝတ်မှုတောင် မြောက်နိုင်တယ်လို့ ပြောကြပါတယ်။
တောင်ကိုရီးယားသံရုံးတချို့ အကြမ်းဖက် ခြိမ်းခြောက်မှု တပ်လှန့်,"Fri, 03 May 2024 16:41:21 GMT",https://www.bbc.com/burmese/articles/crgyl86q063o#0,https://www.bbc.com/burmese/articles/crgyl86q063o,မြောက်ကိုရီးယားသူလျှိုတွေကို လာအို၊ ကမ္ဘောဒီးယားနဲ့ ဗီယက်နမ်အပြင် တရုတ်နဲ့ ရုရှားကိုပါ ပို့တယ် ဆိုတဲ့ အချက်အလက်တွေ ရ
အယ်လ်ဂျာဇီရာ သတင်းထုတ်လွှင့်မှု အစ္စရေးအစိုးရ ပိတ်သိမ်း,"Sun, 05 May 2024 15:29:12 GMT",https://www.bbc.com/burmese/articles/c6pyl54d14ro#0,https://www.bbc.com/burmese/articles/c6pyl54d14ro,အစ္စရေးကို ဆန့်ကျင်ပြီး တဘက်သတ် ထုတ်လွှင့်နေတယ်ဆိုပြီး အယ်လ်ဂျာဇီရာ ရုပ်မြင်သံကြား ထုတ်လွှင့်မှုတွေကို အစ္စရေးအစိုးရက ပိတ်သိမ်းလိုက်ပါတယ်။
‘‘မနက်ဖြန် စစ်မဖြစ်ချင်ရင် ဒီနေ့ စစ်ဖြစ်ရပါမယ်’’ - SSPP/SSA ဒုဗိုလ်ချုပ်ကြီး စဝ်ခွန်ဆိုင်,"Sun, 05 May 2024 11:27:56 GMT",https://www.bbc.com/burmese/articles/c9xzkwnw3zyo#0,https://www.bbc.com/burmese/articles/c9xzkwnw3zyo,အာဏာသိမ်းပြီးနောက်ပိုင်း စစ်ကောင်စီ နဲ့ ငြိမ်းချမ်းရေးသွားဆွေးနွေးခဲ့ဖူးတဲ့ ရှမ်းပြည်တိုးတက်ရေးပါတီ/ရှမ်းပြည်တပ်မတော်(SSPP/SSA)က နေပြည်တော်ကို ‘စစ်သံ’ ပေးလိုက်တာလို့ စစ်ရေးအကဲခတ်တချို့က ဖွင့်ဆိုကြပါတယ်။
လာအိုရောက် တော်လှန်ရေးထောက်ပို့အဖွဲ့ဝင် ၁၇ ဦး ဖမ်းဆီးခံရပြီး နေရပ်ပြန်ပို့ခံရ,"Sun, 05 May 2024 10:50:13 GMT",https://www.bbc.com/burmese/articles/ckv70xvj0nwo#0,https://www.bbc.com/burmese/articles/ckv70xvj0nwo,"ရိုဟင်ဂျာတွေအပေါ် လူမျိုးတုံး သတ်ဖြတ်မှုကျူးလွန်တယ်ဆိုပြီး မြန်မာကို ဂမ်ဘီယာက အိုင်စီဂျေမှာ တရားစွဲဆိုထားတဲ့အမှု၊ နောက်ဆုံးရ‌ အေအေ နဲ့ စစ်ကောင်စီတပ်ကြား တိုက်ပွဲတွေအကြောင်းကိုပါ စုစည်းဖော်ပြထားပါတယ်။
"
အစိမ်းရောင်နည်းပညာမှာသုံးတဲ့ အဓိကသတ္တုတွေကို တရုတ်က ကမ္ဘာတဝန်းမှာ လိုက်တူးဖော်နေတာကြောင့် တင်းမာမှုတွေ မြင့်တက်လာနေ,"Sun, 05 May 2024 02:52:17 GMT",https://www.bbc.com/burmese/articles/cw4d81j8920o#0,https://www.bbc.com/burmese/articles/cw4d81j8920o,သဘာဝပတ်ဝန်းကျင် မထိခိုက်မယ့် အစိမ်းရောင်နည်းပညာစီးပွားရေးမှာ အရေးပါတဲ့ သတ္တုတွေကို ကမ္ဘာတဝန်းမှာ တရုတ်က တူးဖော်ထုတ်လုပ်မှုတွေ တိုးလုပ်လာနေပါတယ်။
ဗိုလ်မှူးကြီးစောချစ်သူရဲ့ ရွှေကုက္ကိုမြို့သစ်ထဲမှာ ကျားဖြန့်လုပ်ငန်းတွေ ဆက်ရှိနေလား,"Mon, 06 May 2024 10:33:47 GMT",https://www.bbc.com/burmese/articles/cd132yrdxd3o#0,https://www.bbc.com/burmese/articles/cd132yrdxd3o,‘‘စောချစ်သူက သူ့လုံခြုံရေး စိုးရိမ်နိုင်ပါတယ်။ တရုတ်က ကရင်ထဲအထိ နှိမ်နင်းတွေလာလုပ်မှာကတော့ ဝေးတော့ သိပ်မဖြစ်နိုင် ယူဆရပါတယ်။ ဒါပေမယ့် မဲဆောက်မှာ ထိုင်းတွေနဲ့ ပူးတွဲထိုင်တဲ့ တရုတ် ထောက်လှမ်းရေးအရာရှိကြီးတွေနဲ့ ယူနစ်တော့ ရှိနေပါတယ်’’ လို့ ISP- Myanmar ရဲ့ ညွှန်ကြားရေးမှူး  ဦးအောင်သူငြိမ်းက သူ့အမြင်ကို ပြောပါတယ်။
စစ်ဆင်ရေးအတွက် ရာဖာအရှေ့ပိုင်းက လူ ၁ သိန်း ထွက်ခွာဖို့ အစ္စရေးစစ်တပ် ပြော,"Mon, 06 May 2024 12:12:25 GMT",https://www.bbc.com/burmese/articles/cx8qr8z1eyeo#0,https://www.bbc.com/burmese/articles/cx8qr8z1eyeo,ဒုက္ခသည်တွေ ကျပ်ညပ်နေတဲ့ ရာဖာမှာ စစ်ဆင်ရေးမလုပ်ဖို့ ကုလနဲ့ အမေရိကန် သတိပေး
၃နှစ်ရာသီ NUG- စစ်ရေး၊ဘဏ္ဍာရေး၊နယ်မြေစိုးမိုးမှုနဲ့ ပသုံးလုံးပြဿနာ,"Wed, 01 May 2024 11:23:41 GMT",https://www.bbc.com/burmese/articles/ckmjlzvmk26o#1,https://www.bbc.com/burmese/articles/ckmjlzvmk26o,မြန်မာတစ်နိုင်ငံလုံးရဲ့ ၆၀ ရာခိုင်နှုန်းကျော်ကို အမျိုးသားညီညွတ်ရေးအစိုးရ NUG နဲ့ တိုင်းရင်းသားတော်လှန် ရေးအင်အားစုတွေက စိုးမိုးထိန်းချုပ်ထားနိုင်ပြီလို့ ဧပြီ ၃၀ ရက်နေ့မှာ ပြုလုပ်တဲ့ သတင်းစာရှင်းလင်းပွဲမှာ ထုတ်ပြောလိုက်ပါတယ်။
ရုရှားလက်က လွတ်ဖို့ မိုင်ချီခြေလျင်ပြေးခဲ့ရတဲ့ အသက် ၉၈ နှစ်အရွယ် ယူကရိန်းအမယ်အို,"Thu, 02 May 2024 12:15:22 GMT",https://www.bbc.com/burmese/articles/cx03w50j8y1o#1,https://www.bbc.com/burmese/articles/cx03w50j8y1o,ရှေ့တိုးလာနေတဲ့ ရုရှားစစ်တပ်နဲ့ လက်နက်ကြီးပစ်ခတ်မှုတွေကြားက ၆ မိုင်ခရီးကို ‌ခြေလျှင်လျှောက် ထွက်ပြေးလာတဲ့အသက် ၉၈ နှစ်အရွယ် ယူကရိန်းအဖွားအိုအကြောင်း ဆက်လက်ဖတ်ရှုပါ။
အီရန်ဆယ်ကျော်သက် မိန်းကလေးကို လုံခြုံရေးတပ်ဖွဲ့က သတ်ခဲ့ကြောင်း အမှုတွဲမှတ်တမ်းက ဖော်ပြနေ,"Wed, 01 May 2024 15:06:41 GMT",https://www.bbc.com/burmese/articles/cv2r887njpjo#1,https://www.bbc.com/burmese/articles/cv2r887njpjo,ဘီဘီစီက ရထားတဲ့ အီရန်တော်လှန်ရေးအစောင့်တပ်ဖွဲ့ရဲ့ လျှို့ဝှက် အစီရင်ခံစာထဲမှာ နီကာ ရှာကာရာမီရဲ့ နောက်ဆုံးလှုပ်ရှားမှု အသေးစိတ်ကို ကျောချမ်းစရာ ဖော်ပြထားပါတယ်။
လူကုံထံတွေကြား ပိုပြီးရေပန်းစားလာတဲ့ ဇိမ်ခံသောက်ရေ Luxury Water,"Wed, 01 May 2024 11:20:39 GMT",https://www.bbc.com/burmese/articles/c80k10504qro#1,https://www.bbc.com/burmese/articles/c80k10504qro,လူပေါင်းသန်းချီဟာ သန့်ရှင်းရေကိုရရှိမှု အကန့်အသတ်တွေရှိနေချိန် အချို့ကတော့ ရေတစ်ဗူးအတွက် ဒေါ်လာ သန်းရာချီပေး သောက်နေကြပါတယ်။ မီးတောင်တွေနဲ့ ရေခဲမြစ်တွေကနေ ထုတ်ယူထားတဲ့ ရေသန့်ရေကောင်းဟာ အခုတော့ လူကုံထံတွေကြားမှာ သောက်သုံးလိုမှုများတဲ့ရေတစ်မျိုးဖြစ်လာပါတယ်။
May Day - မေလ ၁ ရက်ကို အပြည်ပြည်ဆိုင်ရာအလုပ်သမားနေ့ အဖြစ် ဘာလို့သတ်မှတ်,"Wed, 01 May 2024 02:52:44 GMT",https://www.bbc.com/burmese/articles/cn0v1xld399o#1,https://www.bbc.com/burmese/articles/cn0v1xld399o,မေဒေး ဒါမှမဟုတ် နိုင်ငံတကာအလုပ်သမားနေ့ အဖြစ်ခေါ်ကြတဲ့ အလုပ်သမားနေ့ ဘယ်လိုစတင်ခဲ့လဲဆိုတာနဲ့ ဒီနေ့ ခေတ်မှာ အလုပ်သမားနေ့ကို ကမ္ဘာတဝန်း ဘယ်လိုဆင်နွှဲနေကြလဲဆိုတာကို စုစည်းဖော်ပြထားပါတယ်။
“ဒုချုပ်ရောက်နေတာသိသိချင်းပဲ ဒရုန်းနဲ့တိုက်ခဲ့တာဗျ” – Alpha Bats ဒရုန်းအဖွဲ့တာဝန်ရှိသူ,"Sun, 28 Apr 2024 10:44:02 GMT",https://www.bbc.com/burmese/articles/c4n1dgrnl3mo#1,https://www.bbc.com/burmese/articles/c4n1dgrnl3mo,မွန်ပြည်နယ်၊ မော်လမြိုင်မြို့အခြေစိုက် အရှေ့တောင်တိုင်းစစ်ဌာနချုပ်ကို စစ်ကောင်စီဒုတိယ ခေါင်းဆောင် ဒုတိယဗိုလ်ချုပ်မှူးကြီး စိုးဝင်းရောက်ရှိနေတုန်း ရှားထူးဝေါ်နည်းပညာတပ်ဖွဲ့ Alpha Bats တပ်ခွဲက ကာမီကာဇေဒရုန်းတွေနဲ့ နှစ်ရက်ဆက်တိုက် တိုက်ခိုက်ခဲ့ပါတယ်။
အယ်နီညို ဆိုတာဘာလဲ၊ ရာသီဥတုကို ဘယ်လိုပြောင်းလဲစေလဲ,"Tue, 30 Apr 2024 07:39:15 GMT",https://www.bbc.com/burmese/articles/cz5dyrm7m7jo#1,https://www.bbc.com/burmese/articles/cz5dyrm7m7jo,အယ်လ်နီညိုနဲ့ လာနီညာလို့ လူသိများတဲ့ ရာသီဥတုဖြစ်စဉ်ကြောင့် ကမ္ဘာ့အပူချိန်နဲ့ မိုးရွာသွန်းမှုပုံစံတွေကိုထိခိုက်စေပါတယ်။ အခုတော့ အယ်လ်နီညိုအဆင့် ပြီးဆုံးသွားပြီလို့ သြစတြေးလျ မိုးလေဝသဌာနက ပြောပါတယ်။ ဒါပြီးရင်ရော ဘာဆက်ဖြစ်မှာလဲ။
ထိုင်းမှာ ရိုက်နှက်စွန့်ပစ်ခံရတဲ့မြန်မာ MOU  လုပ်သား ,"Tue, 07 May 2024 07:24:18 GMT",https://www.bbc.com/burmese/articles/cg390gzj502o#0,https://www.bbc.com/burmese/articles/cg390gzj502o,ဒီလုပ်သားဖြစ်စဥ်ဟာ ၂၀၂၁ ခုနှစ် စစ်အာဏာသိမ်းမှုဖြစ်ပြီး လအနည်းငယ်အကြာမှာပဲ ပြန်လည်စတင်တဲ့ ထိုင်းကို MOU လုပ်သား ရာထောင်ချီ စေလွှတ်မှုတွေထဲ ထိုင်းရောက် MOU လုပ်သားတွေရဲ့ ရပိုင်ခွင့်ချိုးဖောက်ခံရမှုတွေကို မီးမောင်းထိုးပြနေပါတယ်။
ရုရှားက ဇယ်လန်းစကီးကို သတ်မယ့်အကြံကို တားဆီးခဲ့တယ်ဆို,"Tue, 07 May 2024 15:51:12 GMT",https://www.bbc.com/burmese/articles/c72pqx0j9v0o#0,https://www.bbc.com/burmese/articles/c72pqx0j9v0o,ယူကရိန်း အစိုးရ စောင့်ရှောက်ရေး ဌာနက ဗိုလ်မှူးကြီး နှစ်ယောက်ကို သစ္စာဖောက်မှု၊ အကြမ်းဖက်ရန် ကြံစည်မှုတွေနဲ့ ဖမ်းထား
တားမြစ်ပိတ်မှုတွေကြား လူသန်းဆယ်ချီ WhatsApp ကို ဘယ်လိုအသုံးပြုနေကြလဲ,"Tue, 07 May 2024 13:32:18 GMT",https://www.bbc.com/burmese/articles/cj5l1l78my1o#0,https://www.bbc.com/burmese/articles/cj5l1l78my1o,WhatsApp ကို တားမြစ်ပိတ်ပင်ထားတဲ့ နိုင်ငံတွေမှာ သန်းဆယ်ချီတဲ့လူတွေ WhatsApp ကို ဘယ်လို လျှို့လျှို့ဝှက်ဝှက် သုံးစွဲနေလဲဆိုတာကို ပိုင်ရှင် Will Cathcart က ပြောထားပါတယ်။
ဗိုလ်မှူးကြီးစောချစ်သူရဲ့ ရွှေကုက္ကိုမြို့သစ်ထဲမှာ ကျားဖြန့်လုပ်ငန်းတွေ ဆက်ရှိနေလား,"Tue, 07 May 2024 07:38:26 GMT",https://www.bbc.com/burmese/articles/cd132yrdxd3o#0,https://www.bbc.com/burmese/articles/cd132yrdxd3o,‘‘စောချစ်သူက သူ့လုံခြုံရေး စိုးရိမ်နိုင်ပါတယ်။ တရုတ်က ကရင်ထဲအထိ နှိမ်နင်းတွေလာလုပ်မှာကတော့ ဝေးတော့ သိပ်မဖြစ်နိုင် ယူဆရပါတယ်။ ဒါပေမယ့် မဲဆောက်မှာ ထိုင်းတွေနဲ့ ပူးတွဲထိုင်တဲ့ တရုတ် ထောက်လှမ်းရေးအရာရှိကြီးတွေနဲ့ ယူနစ်တော့ ရှိနေပါတယ်’’ လို့ ISP- Myanmar ရဲ့ ညွှန်ကြားရေးမှူး  ဦးအောင်သူငြိမ်းက သူ့အမြင်ကို ပြောပါတယ်။
အမျိုးသားတွေပြည်ပထွက်ခွာအလုပ်ခွင့်ပိတ်ပင်မှုဘာတွေသက်ရောက်လာနိုင်လဲ,"Fri, 03 May 2024 03:36:05 GMT",https://www.bbc.com/burmese/articles/cn3dj757zxzo#1,https://www.bbc.com/burmese/articles/cn3dj757zxzo,ဂျပန်ကိုထွက်ခွာ အလုပ်လုပ်ဖို့ ခြေလှမ်းပြင်နေတဲ့ ရန်ကုန်၊ စမ်းချောင်းမြို့နယ်က အသက် ၃၂ နှစ်အရွယ်လူငယ်တစ်ဦးကတော့ ''သူတို့ရဲ့ အနာဂတ်မျှော်လင့်ချက်တွေ ပျောက်ဆုံးသွားပြီ'' လို့ ဘီဘီစီကိုဖြေကြားပါတယ်။
အမေရိကန်တက္ကသိုလ်တွေမှာ ပါလက်စတိုင်းအရေး ဆန္ဒပြနေကြတဲ့ ကျောင်းသားတွေရဲ့ လိုလားချက်,"Thu, 02 May 2024 17:27:01 GMT",https://www.bbc.com/burmese/articles/cjewz9vqq4no#1,https://www.bbc.com/burmese/articles/cjewz9vqq4no,ပါလက်စတိုင်း ထောက်ခံတဲ့ တက္ကသိုလ်အုပ်စုတွေက သူတို့တက်တဲ့ကျောင်းတွေကို အစ္စရေးနဲ့ အဆက်ဖြတ်ဖို့ နှစ်တွေနဲ့ချီပြီး တောင်းဆိုခဲ့ကြပါတယ်။
ကိုးကန့်က သေဒဏ်စီရင်မှု ဘယ်လို အဓိပ္ပါယ်ဆောင်သလဲ,"Fri, 26 Apr 2024 13:33:34 GMT",https://www.bbc.com/burmese/articles/c1rvgjn24jlo#3,https://www.bbc.com/burmese/articles/c1rvgjn24jlo,သေဒဏ်စီရင်မှုကို ဒရုန်း နဲ့ ရိုက်ပြပြီး လာကြည့်သူတွေကလည်း ခေတ်ပေါ်စမတ်ဖုန်းတွေ နဲ့ ရိုက်ကူးခဲ့ကြပေမယ့် ဒါက တရုတ်နိုင်ငံမှာ နှစ်ပေါင်းများစွာက ကျင့်သုံးခဲ့တဲ့ နည်းနာဟောင်းကို အမွေဆက်ခံထားတာပဲ ဖြစ်ပါတယ်။
တူမီးသေနတ်နဲ့စတင်တဲ့ မင်းတပ်တော်လှန်ရေး  ဘယ်လောက်ခရီးပေါက်ပြီလဲ,"Thu, 25 Apr 2024 13:37:03 GMT",https://www.bbc.com/burmese/articles/clm34190z44o#3,https://www.bbc.com/burmese/articles/clm34190z44o,ချင်းပြည်နယ်၊ မင်းတပ်က လူငယ်တွေ အမဲလိုက်တူမီးသေနတ်နဲ့ စစ်အာဏာသိမ်းဆန့်ကျင်ရေးတိုက်ပွဲဝင်လာတာ ၂၀၂၄ ခုနှစ်၊ ဧပြီ ၂၄ ရက်မှာ ၃ နှစ်ပြည့်ပြီဖြစ်ပါတယ်။
ဒုတိယဗိုလ်ချုပ်မှူးကြီးစိုးဝင်း - ဖိအားတွေအောက်က ကြည်းတပ်ဦးစီးချုပ်,"Wed, 24 Apr 2024 12:14:28 GMT",https://www.bbc.com/burmese/articles/crgy6y7nm46o#3,https://www.bbc.com/burmese/articles/crgy6y7nm46o,ဗိုလ်ချုပ်မှူးကြီးမင်းအောင်လှိုင် အငြိမ်းစားယူရင် တပ်ချုပ်ဖြစ်လာမယ့်လူလို့ ထင်ကြေးပေးခံခဲ့ရပေမယ့် ဒုတိယဗိုလ်ချုပ်မှူးကြီးစိုးဝင်းဟာ ဒုချုပ်ရာထူးမှာပဲ ၁၃ နှစ်တောင် ရှိနေပါပြီ။
မဲဆောက် - ထွက်ပြေးမြန်မာတွေ၊ တော်လှန်သူတွေ၊ စိုးထိတ်မှုတွေနဲ့ပြည့်နေတဲ့မြို့,"Wed, 24 Apr 2024 08:27:38 GMT",https://www.bbc.com/burmese/articles/c72p39q51v8o#3,https://www.bbc.com/burmese/articles/c72p39q51v8o,မဲဆောက်ဟာ စစ်အာဏာသိမ်းမှုကနေ ထွက်ပြေးလာတဲ့မြန်မာတွေအတွက် လွယ်လွယ်ကူကူ ကွန်းခိုဖို့ရာမဖြစ်နိုင်တဲ့မြို့ငယ်တစ်မြို့ ဖြစ်နေပါတယ်။
ဆူဒန်ဟာ ရုရှားရဲ့ ဗာဂနာတပ်ဖွဲ့နဲ့ ယူကရိန်း‌တပ်တွေရဲ့ စစ်မြေပြင်ဖြစ်လာသလား,"Wed, 24 Apr 2024 03:18:07 GMT",https://www.bbc.com/burmese/articles/c03dnee5n8xo#3,https://www.bbc.com/burmese/articles/c03dnee5n8xo,ဖေဖော်ဝါရီလက ထွက်ပေါ်လာတဲ့ ရုပ်သံဖိုင်ထဲမှာတော့ ဆူဒန်မှာရှိနေတဲ့ ယူကရိန်းတပ်ဖွဲ့ဝင်အများအပြားဟာ လက်နက်ကြီးနဲ့ အမြောက်ထိမှန်ထားတဲ့ စစ်သုံးယာဥ်ထဲမှာ သေဆုံးနေတဲ့ ရုရှားစစ်သား  တစ်ဦးရဲ့ ရုပ်အလောင်းကို စစ်ဆေးကြည့်ရှုနေတာတွေ့ရပါတယ်။
ဟောင်ကောင်ဆန္ဒပြသီချင်း ပိတ်ပင်တားမြစ်ဖို့ အစိုးရကို တရားရုံး အနိုင်ပေး,"Wed, 08 May 2024 16:18:10 GMT",https://www.bbc.com/burmese/articles/cp4gere28qgo#0,https://www.bbc.com/burmese/articles/cp4gere28qgo,ဆန္ဒပြသီချင်းကို တားမြစ်တဲ့ အစိုးရအဆိုပြုချက်ကို တရားရုံးက ပြန်ပြောင်းအတည်ပြု
ဘူးသီးတောင် စကခ ကျဆုံးမှု နဲ့ ရခိုင်ပြည်နယ် စစ်ရေးမျက်နှာစာ အပြောင်းအလဲ,"Wed, 08 May 2024 11:13:18 GMT",https://www.bbc.com/burmese/articles/cj7mpjjx55eo#0,https://www.bbc.com/burmese/articles/cj7mpjjx55eo,ရခိုင်ပြည်နယ်ထဲမှာ စစ်ကောင်စီရဲ့ အဓိကအမာခံတပ်စခန်းတွေ အဖြစ် အနောက်ပိုင်းတိုင်းစစ်ဌာနချုပ်၊ အမှတ် (၅) စစ်ဆင်ရေးကွပ်ကဲမှုဌာနချုပ်၊ ဒေသကွပ်ကဲမှုဌာနချုပ်(စစ်တွေ) တို့ပဲ ကျန်နေတော့တာ ဖြစ်ပါတယ်။
ယူကရိန်းတွေကို သတ်နေတဲ့မြောက်ကိုရီးယားလက်နက်တွေနဲ့ ပိုကြီးမားတဲ့ရိုက်ခတ်မှုတွေ,"Wed, 08 May 2024 12:53:53 GMT",https://www.bbc.com/burmese/articles/c97z4j7wgpqo#0,https://www.bbc.com/burmese/articles/c97z4j7wgpqo,"ယူကရိန်းနိုင်ငံ၊ ခါခိဗ်မြို့မှာကျရောက်ပေါက်ကွဲခဲ့တဲ့ ဒုံးကျည်တစ်စင်းကနေ ပြသလာတဲ့
ပြုံရမ်းထုတ် လက်နက်တွေကို အသုံးပြုနေတဲ့အတိုင်းအဆ "
ဗိုလ်မှူးကြီးစောချစ်သူရဲ့ ရွှေကုက္ကိုမြို့သစ်ထဲမှာ ကျားဖြန့်လုပ်ငန်းတွေ ဆက်ရှိနေလား,"Wed, 08 May 2024 07:41:53 GMT",https://www.bbc.com/burmese/articles/cd132yrdxd3o#0,https://www.bbc.com/burmese/articles/cd132yrdxd3o,‘‘စောချစ်သူက သူ့လုံခြုံရေး စိုးရိမ်နိုင်ပါတယ်။ တရုတ်က ကရင်ထဲအထိ နှိမ်နင်းတွေလာလုပ်မှာကတော့ ဝေးတော့ သိပ်မဖြစ်နိုင် ယူဆရပါတယ်။ ဒါပေမယ့် မဲဆောက်မှာ ထိုင်းတွေနဲ့ ပူးတွဲထိုင်တဲ့ တရုတ် ထောက်လှမ်းရေးအရာရှိကြီးတွေနဲ့ ယူနစ်တော့ ရှိနေပါတယ်’’ လို့ ISP- Myanmar ရဲ့ ညွှန်ကြားရေးမှူး  ဦးအောင်သူငြိမ်းက သူ့အမြင်ကို ပြောပါတယ်။
ဒုချုပ် နဲ့ နေပြည်တော် ဒရုန်းတိုက်ခိုက်မှုနောက်ကွယ်က ရှားထူးဝေါ်,"Thu, 09 May 2024 08:23:50 GMT",https://www.bbc.com/burmese/articles/c2962z5k2l4o#0,https://www.bbc.com/burmese/articles/c2962z5k2l4o,စစ်ကောင်စီအခြေစိုက်ရာ နေပြည်တော်အပါအဝင် ဒုခေါင်းဆောင် ဒုတိယဗိုလ်ချုပ်မှူးကြီး စိုးဝင်းတို့ကို ကာမီကာဇေဒရုန်းတွေနဲ့တိုက်ခိုက်ခဲ့တဲ့ ရှားထူးဝေါ်နည်းပညာအဖွဲ့ဟာ တော်လှန်ရေးအင်အားစု တွေအတွက် နည်းပညာ၊ သတင်းအချက်အလက်စီးဆင်းဖို့အတွက် အရေးပါတယ်လို့ ပြောကြပါတယ်။
ရုရှားအပေါ်  ဒဏ်ခတ်ပိတ်ဆို့မှုတွေက ဘာတွေလဲ၊ ဘယ်လောက်အလုပ်ဖြစ်လဲ,"Thu, 09 May 2024 14:39:41 GMT",https://www.bbc.com/burmese/articles/cd1deqz8ggwo#0,https://www.bbc.com/burmese/articles/cd1deqz8ggwo,ယူကရိန်းကို ကျူးကျော်မှုအတွက် ရုရှားကို အနောက်နိုင်ငံတွေက ပြီးခဲ့တဲ့ ၂ နှစ်အတွင်းမှာ ကြီးမားတဲ့အရေးယူ ပိတ်ဆို့မှုတွေ ပြုလုပ်ထားပါတယ်။
ယူကရိန်းတွေကို သတ်နေတဲ့မြောက်ကိုရီးယားလက်နက်တွေနဲ့ ပိုကြီးမားတဲ့ရိုက်ခတ်မှုတွေ,"Thu, 09 May 2024 02:45:24 GMT",https://www.bbc.com/burmese/articles/c97z4j7wgpqo#0,https://www.bbc.com/burmese/articles/c97z4j7wgpqo,"ယူကရိန်းနိုင်ငံ၊ ခါခိဗ်မြို့မှာကျရောက်ပေါက်ကွဲခဲ့တဲ့ ဒုံးကျည်တစ်စင်းကနေ ပြသလာတဲ့
ပြုံရမ်းထုတ် လက်နက်တွေကို အသုံးပြုနေတဲ့အတိုင်းအဆ "
ဟောင်ကောင်ဆန္ဒပြသီချင်း ပိတ်ပင်ဖို့ အစိုးရကို တရားရုံး အနိုင်ပေး,"Wed, 08 May 2024 16:45:16 GMT",https://www.bbc.com/burmese/articles/cp4gere28qgo#0,https://www.bbc.com/burmese/articles/cp4gere28qgo,ဆန္ဒပြသီချင်းကို တားမြစ်တဲ့ အစိုးရအဆိုပြုချက်ကို တရားရုံးက ပြန်ပြောင်းအတည်ပြု
အန္နာအဲလော့၊ ဒေါ်ခင်ခင်ချော နဲ့ အမှောင်ခေတ်က မြန်မာစာပေ ,"Fri, 10 May 2024 15:16:43 GMT",https://www.bbc.com/burmese/articles/cz5d6emyr8lo#0,https://www.bbc.com/burmese/articles/cz5d6emyr8lo, မွေးစားနိုင်ငံ မြန်မာပြည် အာဏာရှင်စနစ်က မလွတ်မြောက်သေးတဲ့အတွက် စိတ်မကောင်းခဲ့တဲ့ အနောက်တိုင်းသုတေသီ အမျိုးသမီး
အိန္ဒိယနိုင်ငံရေးမှာ ဟိန္ဒူအမျိုးသားရေးဝါဒက ဘယ်လို လွှမ်းမိုးလာလဲ,"Fri, 10 May 2024 12:21:11 GMT",https://www.bbc.com/burmese/articles/cjljgg0rp81o#0,https://www.bbc.com/burmese/articles/cjljgg0rp81o,ဝန်ကြီးချုပ် နာရန်ဒြာမိုဒီနဲ့အတူ ဟိန္ဒူတွာ (Hindutva) က ဘယ်လိုရှေ့တန်းရောက် လာလဲ။ ဘာ့ကြောင့်ပါလဲ။
အီကို-စီးတီးမြို့သစ်အတွက် 'လူသတ်ခွင့်ပေးထားတဲ့' ဆော်ဒီတပ်ဖွဲ့,"Fri, 10 May 2024 04:22:15 GMT",https://www.bbc.com/burmese/articles/cq5n11vgryro#0,https://www.bbc.com/burmese/articles/cq5n11vgryro,နေထိုင်နေတဲ့ နေရာကနေ စွန့်ခွာဖို့ ငြင်းပယ်နေသူတွေကို သူတို့အနေနဲ့ ပစ်သတ်ခွင့် ရထားကြောင်း အရင်ထောက်လှမ်းရေးမှူး အရာရှိတယောက်က ဘီဘီစီကို ပြောပါ တယ်။
ရုရှားအပေါ်  ဒဏ်ခတ်ပိတ်ဆို့မှုတွေက ဘာတွေလဲ၊ ဘယ်လောက်အလုပ်ဖြစ်လဲ,"Fri, 10 May 2024 04:17:25 GMT",https://www.bbc.com/burmese/articles/cd1deqz8ggwo#0,https://www.bbc.com/burmese/articles/cd1deqz8ggwo,ယူကရိန်းကို ကျူးကျော်မှုအတွက် ရုရှားကို အနောက်နိုင်ငံတွေက ပြီးခဲ့တဲ့ ၂ နှစ်အတွင်းမှာ ကြီးမားတဲ့အရေးယူ ပိတ်ဆို့မှုတွေ ပြုလုပ်ထားပါတယ်။
အလုပ်အတွက် ၂၄ နာရီ ဖုန်းဖွင့်ထားဖို့ ပြောတဲ့ Baidu အရာရှိကြီး ပြန်တောင်းပန်နေရ,"Thu, 09 May 2024 16:30:38 GMT",https://www.bbc.com/burmese/articles/cld0rr96zkxo#0,https://www.bbc.com/burmese/articles/cld0rr96zkxo,အချိန်ပြည့်အလုပ်လုပ်ဖို့ လူမှုကွန်ယက်ပေါ် ပြောကြားချက်ကြောင့် ပြန်တောင်းပန်နေရ
‘‘မနက်ဖြန် စစ်မဖြစ်ချင်ရင် ဒီနေ့ စစ်ဖြစ်ရပါမယ်’’ - SSPP/SSA ဒုဗိုလ်ချုပ်ကြီး စဝ်ခွန်ဆိုင်,"Sun, 05 May 2024 11:27:56 GMT",https://www.bbc.com/burmese/articles/c9xzkwnw3zyo#1,https://www.bbc.com/burmese/articles/c9xzkwnw3zyo,အာဏာသိမ်းပြီးနောက်ပိုင်း စစ်ကောင်စီ နဲ့ ငြိမ်းချမ်းရေးသွားဆွေးနွေးခဲ့ဖူးတဲ့ ရှမ်းပြည်တိုးတက်ရေးပါတီ/ရှမ်းပြည်တပ်မတော်(SSPP/SSA)က နေပြည်တော်ကို ‘စစ်သံ’ ပေးလိုက်တာလို့ စစ်ရေးအကဲခတ်တချို့က ဖွင့်ဆိုကြပါတယ်။
‘နေရတာ ကျောမလုံဘူး’  - နိုင်ငံပြင်ပ စိန်ခေါ်မှုတွေကြားက ဘီဘီစီသတင်းထောက်များ,"Fri, 03 May 2024 16:43:05 GMT",https://www.bbc.com/burmese/articles/c0jk3wvwwdko#1,https://www.bbc.com/burmese/articles/c0jk3wvwwdko,ပြည်ပမှာနေထိုင်လုပ်ကိုင်ကြတဲ့ သတင်းထောက်အများစုဟာ ထောင်ဒဏ်ကျခံရတာအပြင် အသက်အန္တရာယ်ခြိမ်းခြောက်မှုတွေနဲ့ အကြမ်းဖက်မှုတွေကို အပြင်လောကမှာရော အွန်လိုင်းကနေပါ နှောင့်ယှက်ဖိအားပေးတာတွေနဲ့ ရင်ဆိုင်နေရပါတယ်။
အယ်နီညို ဆိုတာဘာလဲ၊ ရာသီဥတုကို ဘယ်လိုပြောင်းလဲစေလဲ,"Tue, 30 Apr 2024 07:39:15 GMT",https://www.bbc.com/burmese/articles/cz5dyrm7m7jo#3,https://www.bbc.com/burmese/articles/cz5dyrm7m7jo,အယ်လ်နီညိုနဲ့ လာနီညာလို့ လူသိများတဲ့ ရာသီဥတုဖြစ်စဉ်ကြောင့် ကမ္ဘာ့အပူချိန်နဲ့ မိုးရွာသွန်းမှုပုံစံတွေကိုထိခိုက်စေပါတယ်။ အခုတော့ အယ်လ်နီညိုအဆင့် ပြီးဆုံးသွားပြီလို့ သြစတြေးလျ မိုးလေဝသဌာနက ပြောပါတယ်။ ဒါပြီးရင်ရော ဘာဆက်ဖြစ်မှာလဲ။
ထိုင်းဝန်ကြီးချုပ်ဟောင်းသက်ဆင် မြန်မာ့အရေး ဘာကြောင့် စိတ်ဝင်စားသလဲ,"Sat, 11 May 2024 06:30:51 GMT",https://www.bbc.com/burmese/articles/c2le718w8dxo#0,https://www.bbc.com/burmese/articles/c2le718w8dxo,"ထိုင်းစစ်တပ်ရဲ့ အာဏာသိမ်းမှုကို ခံရဖူးတဲ့ ထိုင်းဝန်ကြီးချုပ်ဟောင်းသက်ဆင် ဟာ စစ်တပ်က အာဏာသိမ်းထားတဲ့ အိမ်နီးချင်းမြန်မာ့အရေးကို ကြားဝင်ဖို့ ကြိုးစားနေပါတယ်။
 ‘’မြန်မာ့အရေးအတွက် သူ့ကို သုံးပါ’’ လို့ သက်ဆင်က ပြောတဲ့အကြောင်း တွေ့ဆုံမှုတွေနဲ့ပတ်သက်လို့  သိရှိသူတစ်ဦးက ဘီဘီစီကို ပြန်ပြောပြပါတယ်။"
မေ ၁၁ ရက် နိုင်ငံတဝန်း သတင်းအနှစ်ချုပ်  - ကန့်ဘလူ၊ မလယ်ရွာတိုက်ပွဲ စစ်တပ်ဘက်က ၆ ဦး နဲ့ PDF ၁၀ ဦးသေဆုံး ,"Sat, 11 May 2024 10:10:13 GMT",https://www.bbc.com/burmese/articles/c03d521z7d6o#0,https://www.bbc.com/burmese/articles/c03d521z7d6o,မွန်ပြည်နယ် ဘီလင်းမြို့အစပ်မှာရှိတဲ့ ရန်ကုန်-မော်လမြိုင်ကားလမ်းပေါ်က ကျုံအိတ်တံတား ဒီနေ့မနက်ပိုင်းမှာ မိုင်းခွဲခံရပြီး ကျိုးကျပျက်စီးသွားတယ်လို့ မြေပြင်မှာရှိတဲ့ ဒေသခံတစ်ဦးက ဘီဘီစီကိုပြောပါတယ်။
'ဂျီနိုဆိုက် ဂျိုး' - အမေရိကန်ကောလိပ်တွေရဲ့ ဂါဇာဆန္ဒပြပွဲတွေက ဘိုင်ဒန် ထပ်မရွေးခံရအောင် ခြိမ်းခြောက်နိုင်သလား,"Sat, 11 May 2024 09:59:07 GMT",https://www.bbc.com/burmese/articles/c51neplx4keo#0,https://www.bbc.com/burmese/articles/c51neplx4keo,ဂါဇာစစ်ပွဲကိုဆန့်ကျင်တဲ့ အမေရိကန်ကောလိပ်ကျောင်းတွေက ဆန္ဒပြပွဲတွေ ပျံ့နှံ့နေချိန်မှာပဲ  ဂျိုးဘိုင်ဒန်လည်း လူငယ်မဲဆန္ဒရှင်တွေကြားမှာ ထောက်ခံမဲရဖို့ တဖြည်းဖြည်းဆုံးရှုံးလာနေပါတယ်။ ဒီအဓိကရုဏ်းတွေက နိုဝင်ဘာလသမ္မတရွေးကောက်ပွဲမှာ ဘိုင်ဒန် တဖန်ပြန်အနိုင်ရနိုင်ခြေကိုထိခိုက်စေနေပါတယ်။
ကိုယ်ရံတော်တပ်မှူးကို သမ္မတ ဇလန်းစကီး ရာထူးက ဖယ်ရှား ,"Fri, 10 May 2024 17:14:55 GMT",https://www.bbc.com/burmese/articles/cne9ng1k2g4o#0,https://www.bbc.com/burmese/articles/cne9ng1k2g4o,ယူကရိန်းကျူးကျော်စစ်စကတည်းက သမ္မတ ဇလန်းစကီးဟာ ရုရှားရဲ့ ပထမ ပစ်မှတ် ဖြစ်ခဲ့
၂ ရက်အတွင်း လူ ၆၀ ကျော်သေဆုံးမှု သို့မဟုတ် ဧရာဝတီမြစ်တစ်ဖက်ကမ်းဆီက အစုလိုက်သတ်ဖြတ်ခံရမှု,"Sun, 12 May 2024 12:57:14 GMT",https://www.bbc.com/burmese/articles/ckkev7v911zo#0,https://www.bbc.com/burmese/articles/ckkev7v911zo,ဧရာဝတီမြစ်တစ်ဖက်ကမ်းသာခြားတဲ့ စစ်ကိုင်းတိုင်းနဲ့ မန္တလေးတိုင်းအစပ် မြင်းမူမြို့နယ်နဲ့ မြင်းခြံမြို့နယ်ထဲမှာ ၂ ရက်အတွင်း လူပေါင်း ၆၀ ကျော် သေဆုံးတဲ့လူအစုလိုက်အပြုံလိုက်သေဆုံး သတ်ဖြတ်ခံရမှု ၂ ခုပေါ်ပေါက်ခဲ့ပါတယ်။
မေလ ၁၂ ရက် နိုင်ငံတဝန်းသတင်းများအနှစ်ချုပ် - ဘုရားသုံးဆူမြို့က ပစ်ခတ်ပေါက်ကွဲမှု ကရင် BGF ဘာပြောလဲ,"Sun, 12 May 2024 11:30:59 GMT",https://www.bbc.com/burmese/articles/cnl4757zlvxo#0,https://www.bbc.com/burmese/articles/cnl4757zlvxo,စစ်ကိုင်းတိုင်း၊ တမူးမြို့နယ်ထဲက မြို့သစ်မြို့ကို တော်လှန်ရေး ပူးပေါင်းအဖွဲ့တွေက သိမ်းပိုက်လိုက်ပြီလို့ NUG ကာကွယ်ရေးဝန်ကြီးဌာနက ကြေညာပါတယ်။
စစ်ပွဲဦးဆောင်ခဲ့တဲ့ ကာကွယ်ရေးဝန်ကြီးကို ရုရှားသမ္မတပူတင် ရာထူးကနေ ဖယ်ရှား,"Mon, 13 May 2024 11:49:23 GMT",https://www.bbc.com/burmese/articles/cpegg5g9vv5o#0,https://www.bbc.com/burmese/articles/cpegg5g9vv5o,ယူကရိန်းအပေါ် ရုရှားဆင်နွှဲတဲ့စစ်ပွဲမှာ အခရာကျတဲ့သူအဖြစ် တစ်လျှောက်လုံးပါဝင်လာခဲ့သူကို မစ္စတာ ပူတင်က ကာကွယ်ရေးဝန်ကြီးနေရာကနေ ဖယ်ရှားလိုက်တာဖြစ်ပြီး သူ့အစား စီးပွားရေးကျွမ်းကျင်သူ ဒုတိယဝန်ကြီးချုပ်ကို ခန့်အပ်မှာ ဖြစ်ပါတယ်။
အမျိုးသမီးတွေအပေါ် အကြမ်းဖက်မှု ကျောင်းတွေကနေ တိုက်ဖျက်ဖို့ သြစတြေးလျ စတင်,"Sun, 12 May 2024 14:20:53 GMT",https://www.bbc.com/burmese/articles/c0x03d759zzo#0,https://www.bbc.com/burmese/articles/c0x03d759zzo,အမျိုးသမီးတွေအပေါ် အကြမ်းဖက်မှုက “နိုင်ငံလုံးဆိုင်ရာ အကျပ် အတည်း” ဖြစ်နေပြီအထိ သတ်မှတ်နေကြ
ဘူးသီးတောင် စကခ ကျဆုံးမှု နဲ့ ရခိုင်ပြည်နယ် စစ်ရေးမျက်နှာစာ အပြောင်းအလဲ,"Wed, 08 May 2024 11:13:18 GMT",https://www.bbc.com/burmese/articles/cj7mpjjx55eo#1,https://www.bbc.com/burmese/articles/cj7mpjjx55eo,ရခိုင်ပြည်နယ်ထဲမှာ စစ်ကောင်စီရဲ့ အဓိကအမာခံတပ်စခန်းတွေ အဖြစ် အနောက်ပိုင်းတိုင်းစစ်ဌာနချုပ်၊ အမှတ် (၅) စစ်ဆင်ရေးကွပ်ကဲမှုဌာနချုပ်၊ ဒေသကွပ်ကဲမှုဌာနချုပ်(စစ်တွေ) တို့ပဲ ကျန်နေတော့တာ ဖြစ်ပါတယ်။
ဗိုလ်မှူးကြီးစောချစ်သူရဲ့ ရွှေကုက္ကိုမြို့သစ်ထဲမှာ ကျားဖြန့်လုပ်ငန်းတွေ ဆက်ရှိနေလား,"Wed, 08 May 2024 07:41:53 GMT",https://www.bbc.com/burmese/articles/cd132yrdxd3o#1,https://www.bbc.com/burmese/articles/cd132yrdxd3o,‘‘စောချစ်သူက သူ့လုံခြုံရေး စိုးရိမ်နိုင်ပါတယ်။ တရုတ်က ကရင်ထဲအထိ နှိမ်နင်းတွေလာလုပ်မှာကတော့ ဝေးတော့ သိပ်မဖြစ်နိုင် ယူဆရပါတယ်။ ဒါပေမယ့် မဲဆောက်မှာ ထိုင်းတွေနဲ့ ပူးတွဲထိုင်တဲ့ တရုတ် ထောက်လှမ်းရေးအရာရှိကြီးတွေနဲ့ ယူနစ်တော့ ရှိနေပါတယ်’’ လို့ ISP- Myanmar ရဲ့ ညွှန်ကြားရေးမှူး  ဦးအောင်သူငြိမ်းက သူ့အမြင်ကို ပြောပါတယ်။
ယူကရိန်းတွေကို သတ်နေတဲ့မြောက်ကိုရီးယားလက်နက်တွေနဲ့ ပိုကြီးမားတဲ့ရိုက်ခတ်မှုတွေ,"Thu, 09 May 2024 02:45:24 GMT",https://www.bbc.com/burmese/articles/c97z4j7wgpqo#1,https://www.bbc.com/burmese/articles/c97z4j7wgpqo,"ယူကရိန်းနိုင်ငံ၊ ခါခိဗ်မြို့မှာကျရောက်ပေါက်ကွဲခဲ့တဲ့ ဒုံးကျည်တစ်စင်းကနေ ပြသလာတဲ့
ပြုံရမ်းထုတ် လက်နက်တွေကို အသုံးပြုနေတဲ့အတိုင်းအဆ "
တားမြစ်ပိတ်မှုတွေကြား လူသန်းဆယ်ချီ WhatsApp ကို ဘယ်လိုအသုံးပြုနေကြလဲ,"Tue, 07 May 2024 13:32:18 GMT",https://www.bbc.com/burmese/articles/cj5l1l78my1o#1,https://www.bbc.com/burmese/articles/cj5l1l78my1o,WhatsApp ကို တားမြစ်ပိတ်ပင်ထားတဲ့ နိုင်ငံတွေမှာ သန်းဆယ်ချီတဲ့လူတွေ WhatsApp ကို ဘယ်လို လျှို့လျှို့ဝှက်ဝှက် သုံးစွဲနေလဲဆိုတာကို ပိုင်ရှင် Will Cathcart က ပြောထားပါတယ်။
ထိုင်းမှာ ရိုက်နှက်စွန့်ပစ်ခံရတဲ့မြန်မာ MOU  လုပ်သား ,"Tue, 07 May 2024 07:24:18 GMT",https://www.bbc.com/burmese/articles/cg390gzj502o#1,https://www.bbc.com/burmese/articles/cg390gzj502o,ဒီလုပ်သားဖြစ်စဥ်ဟာ ၂၀၂၁ ခုနှစ် စစ်အာဏာသိမ်းမှုဖြစ်ပြီး လအနည်းငယ်အကြာမှာပဲ ပြန်လည်စတင်တဲ့ ထိုင်းကို MOU လုပ်သား ရာထောင်ချီ စေလွှတ်မှုတွေထဲ ထိုင်းရောက် MOU လုပ်သားတွေ ရပိုင်ခွင့် ချိုးဖောက်ခံရမှုတွေကို မီးမောင်းထိုးပြနေပါတယ်။
၃နှစ်ရာသီ NUG- စစ်ရေး၊ဘဏ္ဍာရေး၊နယ်မြေစိုးမိုးမှုနဲ့ ပသုံးလုံးပြဿနာ,"Wed, 01 May 2024 11:23:41 GMT",https://www.bbc.com/burmese/articles/ckmjlzvmk26o#3,https://www.bbc.com/burmese/articles/ckmjlzvmk26o,မြန်မာတစ်နိုင်ငံလုံးရဲ့ ၆၀ ရာခိုင်နှုန်းကျော်ကို အမျိုးသားညီညွတ်ရေးအစိုးရ NUG နဲ့ တိုင်းရင်းသားတော်လှန် ရေးအင်အားစုတွေက စိုးမိုးထိန်းချုပ်ထားနိုင်ပြီလို့ ဧပြီ ၃၀ ရက်နေ့မှာ ပြုလုပ်တဲ့ သတင်းစာရှင်းလင်းပွဲမှာ ထုတ်ပြောလိုက်ပါတယ်။
အမေရိကန်တက္ကသိုလ်တွေမှာ ပါလက်စတိုင်းအရေး ဆန္ဒပြနေကြတဲ့ ကျောင်းသားတွေရဲ့ လိုလားချက်,"Thu, 02 May 2024 17:27:01 GMT",https://www.bbc.com/burmese/articles/cjewz9vqq4no#3,https://www.bbc.com/burmese/articles/cjewz9vqq4no,ပါလက်စတိုင်း ထောက်ခံတဲ့ တက္ကသိုလ်အုပ်စုတွေက သူတို့တက်တဲ့ကျောင်းတွေကို အစ္စရေးနဲ့ အဆက်ဖြတ်ဖို့ နှစ်တွေနဲ့ချီပြီး တောင်းဆိုခဲ့ကြပါတယ်။
လူကုံထံတွေကြား ပိုပြီးရေပန်းစားလာတဲ့ ဇိမ်ခံသောက်ရေ Luxury Water,"Wed, 01 May 2024 11:20:39 GMT",https://www.bbc.com/burmese/articles/c80k10504qro#3,https://www.bbc.com/burmese/articles/c80k10504qro,လူပေါင်းသန်းချီဟာ သန့်ရှင်းရေကိုရရှိမှု အကန့်အသတ်တွေရှိနေချိန် အချို့ကတော့ ရေတစ်ဗူးအတွက် ဒေါ်လာ သန်းရာချီပေး သောက်နေကြပါတယ်။ မီးတောင်တွေနဲ့ ရေခဲမြစ်တွေကနေ ထုတ်ယူထားတဲ့ ရေသန့်ရေကောင်းဟာ အခုတော့ လူကုံထံတွေကြားမှာ သောက်သုံးလိုမှုများတဲ့ရေတစ်မျိုးဖြစ်လာပါတယ်။
တောင်အာဖရိက - ခရာတွေ၊ ကြာပွတ်တွေနဲ့ သေနတ်တွေသုံးပြီး ညကင်းစောင့်သူတွေ,"Tue, 14 May 2024 13:43:42 GMT",https://www.bbc.com/burmese/articles/c88zxzqn3p5o#0,https://www.bbc.com/burmese/articles/c88zxzqn3p5o,မြင့်တက်လာနေတဲ့ရာဇဝတ်မှုနဲ့ လူသတ်မှုတွေကို ကိုယ့်ရပ်ကိုယ့်ရွာ လုံခြုံရေးအတွက်ဆိုပြီး တောင်အာဖရိကနိုင်ငံသားတွေ ညကင်းစောင့်ပြီး ဖြေရှင်းဖို့ ကြိုးစားနေကြပါတယ်။
ရုရှားအပေါ်  ဒဏ်ခတ်ပိတ်ဆို့မှုတွေက ဘာတွေလဲ၊ ဘယ်လောက်အလုပ်ဖြစ်လဲ,"Fri, 10 May 2024 04:17:25 GMT",https://www.bbc.com/burmese/articles/cd1deqz8ggwo#1,https://www.bbc.com/burmese/articles/cd1deqz8ggwo,ယူကရိန်းကို ကျူးကျော်မှုအတွက် ရုရှားကို အနောက်နိုင်ငံတွေက ပြီးခဲ့တဲ့ ၂ နှစ်အတွင်းမှာ ကြီးမားတဲ့အရေးယူ ပိတ်ဆို့မှုတွေ ပြုလုပ်ထားပါတယ်။
အမျိုးသားတွေပြည်ပထွက်ခွာအလုပ်ခွင့်ပိတ်ပင်မှုဘာတွေသက်ရောက်လာနိုင်လဲ,"Fri, 03 May 2024 03:36:05 GMT",https://www.bbc.com/burmese/articles/cn3dj757zxzo#3,https://www.bbc.com/burmese/articles/cn3dj757zxzo,ဂျပန်ကိုထွက်ခွာ အလုပ်လုပ်ဖို့ ခြေလှမ်းပြင်နေတဲ့ ရန်ကုန်၊ စမ်းချောင်းမြို့နယ်က အသက် ၃၂ နှစ်အရွယ်လူငယ်တစ်ဦးကတော့ ''သူတို့ရဲ့ အနာဂတ်မျှော်လင့်ချက်တွေ ပျောက်ဆုံးသွားပြီ'' လို့ ဘီဘီစီကိုဖြေကြားပါတယ်။
R.ခေါင်လွမ်း - ရန်ကုန်တက္ကသိုလ်ကျောင်းသား၊ဘေ့စ်ဂစ်တာသမား၊ KIA စစ်ဦးစီးချုပ်,"Wed, 15 May 2024 12:34:46 GMT",https://www.bbc.com/burmese/articles/cxe9eyd8m49o#0,https://www.bbc.com/burmese/articles/cxe9eyd8m49o,“တပ်ရဲ့ ခက်ခဲတဲ့ကာလတွေ၊ အဆင်မပြေတဲ့ကာလတွေမှာ သူပါခဲ့ပါတယ်။ ဥပမာ- ကျွန်တော်တို့ တပ်တွေဖွဲ့စည်းတာတွေမှာ ခေါင်းဆောင်တစ်ယောက်အနေနဲ့ လက်အောက်ငယ်သားတွေကို အားပေးအားမြှောက်လုပ်ပြီး မလျှော့တဲ့ဇွဲနဲ့ တိုက်ခိုက်ဖို့မှာ သူကိုယ်တိုင်ပါခဲ့တယ်။ ၂၀၂၂၊ ၂၀၂၃ ကာလတွေက သူရုန်းကန်ရတဲ့ ကာလတွေဖြစ်ပါတယ်” လို့ ဗိုလ်မှူးကြီးနော်ဘူက ပြောပါတယ်။
မြန်မာအာဏာသိမ်းကာလ ပုဂံနဲ့ အန်ကော ခရီးသွားဧည့်သည် ဘယ်လောက်ကွာဟနေလဲ,"Wed, 15 May 2024 06:06:49 GMT",https://www.bbc.com/burmese/articles/crgyprn2058o#0,https://www.bbc.com/burmese/articles/crgyprn2058o,စစ်အာဏာသိမ်းမှု သုံးနှစ်ကျော်လာချိန်မှာ မြန်မာနိုင်ငံက ပုဂံရှေးဟောင်းမြို့ကို ခရီးသွားဝင်ရောက်မှုနဲ့  မြန်မာ့အိမ်နီးချင်း ကမ္ဘောဒီးယားနိုင်ငံက ‌အန်ကောရှေးကျောင်းတော်တို့ကို  ခရီးသွားဝင်ရောက်မှု ဘယ်လောက်အထိ ကွာဟနေလဲ။ ဆောင်းပါးမှာ ဆက်လက်ဖတ်ရှုနိုင်ပါတယ်။
စင်္ကာပူဝန်ကြီးချုပ် လီရှန်လွန်း ရာထူးကနားပြီး လီခေတ်အဆုံးသတ်ပြီ,"Wed, 15 May 2024 08:48:20 GMT",https://www.bbc.com/burmese/articles/c1wxw707leyo#0,https://www.bbc.com/burmese/articles/c1wxw707leyo,လီရှန်လွန်းဟာ နှစ်ပေါင်း ၂၀ ကြာ ဝန်ကြီးချုပ်တာဝန်ယူခဲ့ပြီးတဲ့နောက် ရာထူးကနေ ဆင်းပေးတော့မှာဖြစ်လို့ ကျွန်းနိုင်ငံငယ်ရဲ့ နိုင်ငံရေးတစ်ခေတ် အဆုံးသတ်မှုဖြစ်လာပါတယ်။
ဒုချုပ် နဲ့ နေပြည်တော် ဒရုန်းတိုက်ခိုက်မှုနောက်ကွယ်က ရှားထူးဝေါ်,"Thu, 09 May 2024 08:23:50 GMT",https://www.bbc.com/burmese/articles/c2962z5k2l4o#1,https://www.bbc.com/burmese/articles/c2962z5k2l4o,စစ်ကောင်စီအခြေစိုက်ရာ နေပြည်တော်အပါအဝင် ဒုခေါင်းဆောင် ဒုတိယဗိုလ်ချုပ်မှူးကြီး စိုးဝင်းတို့ကို ကာမီကာဇေဒရုန်းတွေနဲ့တိုက်ခိုက်ခဲ့တဲ့ ရှားထူးဝေါ်နည်းပညာအဖွဲ့ဟာ တော်လှန်ရေးအင်အားစု တွေအတွက် နည်းပညာ၊ သတင်းအချက်အလက်စီးဆင်းဖို့အတွက် အရေးပါတယ်လို့ ပြောကြပါတယ်။
အီကို-စီးတီးမြို့သစ်အတွက် 'လူသတ်ခွင့်ပေးထားတဲ့' ဆော်ဒီတပ်ဖွဲ့,"Fri, 10 May 2024 04:22:15 GMT",https://www.bbc.com/burmese/articles/cq5n11vgryro#1,https://www.bbc.com/burmese/articles/cq5n11vgryro,နေထိုင်နေတဲ့ နေရာကနေ စွန့်ခွာဖို့ ငြင်းပယ်နေသူတွေကို သူတို့အနေနဲ့ ပစ်သတ်ခွင့် ရထားကြောင်း အရင်ထောက်လှမ်းရေးမှူး အရာရှိတယောက်က ဘီဘီစီကို ပြောပါ တယ်။
‘နေရတာ ကျောမလုံဘူး’  - နိုင်ငံပြင်ပ စိန်ခေါ်မှုတွေကြားက ဘီဘီစီသတင်းထောက်များ,"Fri, 03 May 2024 16:43:05 GMT",https://www.bbc.com/burmese/articles/c0jk3wvwwdko#4,https://www.bbc.com/burmese/articles/c0jk3wvwwdko,ပြည်ပမှာနေထိုင်လုပ်ကိုင်ကြတဲ့ သတင်းထောက်အများစုဟာ ထောင်ဒဏ်ကျခံရတာအပြင် အသက်အန္တရာယ်ခြိမ်းခြောက်မှုတွေနဲ့ အကြမ်းဖက်မှုတွေကို အပြင်လောကမှာရော အွန်လိုင်းကနေပါ နှောင့်ယှက်ဖိအားပေးတာတွေနဲ့ ရင်ဆိုင်နေရပါတယ်။
အမျိုးသားတွေပြည်ပထွက်ခွာအလုပ်ခွင့်ပိတ်ပင်မှုဘာတွေသက်ရောက်လာနိုင်လဲ,"Fri, 03 May 2024 03:36:05 GMT",https://www.bbc.com/burmese/articles/cn3dj757zxzo#4,https://www.bbc.com/burmese/articles/cn3dj757zxzo,ဂျပန်ကိုထွက်ခွာ အလုပ်လုပ်ဖို့ ခြေလှမ်းပြင်နေတဲ့ ရန်ကုန်၊ စမ်းချောင်းမြို့နယ်က အသက် ၃၂ နှစ်အရွယ်လူငယ်တစ်ဦးကတော့ ''သူတို့ရဲ့ အနာဂတ်မျှော်လင့်ချက်တွေ ပျောက်ဆုံးသွားပြီ'' လို့ ဘီဘီစီကိုဖြေကြားပါတယ်။
၃နှစ်ရာသီ NUG- စစ်ရေး၊ဘဏ္ဍာရေး၊နယ်မြေစိုးမိုးမှုနဲ့ ပသုံးလုံးပြဿနာ,"Wed, 01 May 2024 11:23:41 GMT",https://www.bbc.com/burmese/articles/ckmjlzvmk26o#4,https://www.bbc.com/burmese/articles/ckmjlzvmk26o,မြန်မာတစ်နိုင်ငံလုံးရဲ့ ၆၀ ရာခိုင်နှုန်းကျော်ကို အမျိုးသားညီညွတ်ရေးအစိုးရ NUG နဲ့ တိုင်းရင်းသားတော်လှန် ရေးအင်အားစုတွေက စိုးမိုးထိန်းချုပ်ထားနိုင်ပြီလို့ ဧပြီ ၃၀ ရက်နေ့မှာ ပြုလုပ်တဲ့ သတင်းစာရှင်းလင်းပွဲမှာ ထုတ်ပြောလိုက်ပါတယ်။
အမေရိကန်တက္ကသိုလ်တွေမှာ ပါလက်စတိုင်းအရေး ဆန္ဒပြနေကြတဲ့ ကျောင်းသားတွေရဲ့ လိုလားချက်,"Thu, 02 May 2024 17:27:01 GMT",https://www.bbc.com/burmese/articles/cjewz9vqq4no#4,https://www.bbc.com/burmese/articles/cjewz9vqq4no,ပါလက်စတိုင်း ထောက်ခံတဲ့ တက္ကသိုလ်အုပ်စုတွေက သူတို့တက်တဲ့ကျောင်းတွေကို အစ္စရေးနဲ့ အဆက်ဖြတ်ဖို့ နှစ်တွေနဲ့ချီပြီး တောင်းဆိုခဲ့ကြပါတယ်။
လူကုံထံတွေကြား ပိုပြီးရေပန်းစားလာတဲ့ ဇိမ်ခံသောက်ရေ Luxury Water,"Wed, 01 May 2024 11:20:39 GMT",https://www.bbc.com/burmese/articles/c80k10504qro#4,https://www.bbc.com/burmese/articles/c80k10504qro,လူပေါင်းသန်းချီဟာ သန့်ရှင်းရေကိုရရှိမှု အကန့်အသတ်တွေရှိနေချိန် အချို့ကတော့ ရေတစ်ဗူးအတွက် ဒေါ်လာ သန်းရာချီပေး သောက်နေကြပါတယ်။ မီးတောင်တွေနဲ့ ရေခဲမြစ်တွေကနေ ထုတ်ယူထားတဲ့ ရေသန့်ရေကောင်းဟာ အခုတော့ လူကုံထံတွေကြားမှာ သောက်သုံးလိုမှုများတဲ့ရေတစ်မျိုးဖြစ်လာပါတယ်။
ဘီဘီစီ မြန်မာ နေ့စဉ် ရုပ်သံအစီအစဉ်ကို မဇ္စျိမတီဗီ တွင် ကြည့်ရှုနိုင်ပြီ,"Mon, 26 Mar 2018 16:15:48 GMT",https://www.bbc.com/burmese/institutional-43548528#5,https://www.bbc.com/burmese/institutional-43548528,နိုင်ငံတကာ နှင့် ဒေသတွင်းဖြစ်ပျက်နေသည့် နေ့စဉ် အရေးကြီးသတင်းများကို ပရိသတ်ထံသို့ အရောက် သယ်ဆောင်လာပါပြီ။
စစ်ကောင်စီလက်အောက် နှုတ်ပိတ်ခံနေရတဲ့ မြန်မာရှေ့နေတွေ,"Thu, 16 May 2024 14:30:24 GMT",https://www.bbc.com/burmese/articles/cv2xvq25l4po#0,https://www.bbc.com/burmese/articles/cv2xvq25l4po,“လုပ်ထုံးလုပ်နည်းအရဆို ဘားကောင်စီတို့ တရားလွှတ်တော်တို့မှာ လိုင်စင်ရုပ်ခံရတဲ့ ရှေ့နေဘက်ကပြန်ပြီး ပြန်လည်ခုခံပိုင်ခွင့်ရှိတယ်။ အခုက အမိန့်ကြေညာစာနဲ့ကို လိုင်စင်ပြန်အပ်ဖို့ပြောတာ။ စစ်ဆေးတာ အပြန်လှန် ကြားနာတာမရှိဘဲ လိုင်စင်နံပါတ် ဘယ်သူဟာ ဘယ်လောက်ထောင်ကျခံရလို့ ဘယ်နေ့နောက်ဆုံးထား လိုင်စင်လာအပ်ပါလို့ ပြောတာ”- တရားလွှတ်တော်ရှေ့နေတစ်ဦး
အိန္ဒိယနိုင်ငံရေးမှာ ဟိန္ဒူအမျိုးသားရေးဝါဒက ဘယ်လို လွှမ်းမိုးလာလဲ,"Fri, 10 May 2024 12:21:11 GMT",https://www.bbc.com/burmese/articles/cjljgg0rp81o#1,https://www.bbc.com/burmese/articles/cjljgg0rp81o,ဝန်ကြီးချုပ် နာရန်ဒြာမိုဒီနဲ့အတူ ဟိန္ဒူတွာ (Hindutva) က ဘယ်လိုရှေ့တန်းရောက် လာလဲ။ ဘာ့ကြောင့်ပါလဲ။
ထိုင်းမှာ ရိုက်နှက်စွန့်ပစ်ခံရတဲ့မြန်မာ MOU  လုပ်သား ,"Tue, 07 May 2024 07:24:18 GMT",https://www.bbc.com/burmese/articles/cg390gzj502o#3,https://www.bbc.com/burmese/articles/cg390gzj502o,ဒီလုပ်သားဖြစ်စဥ်ဟာ ၂၀၂၁ ခုနှစ် စစ်အာဏာသိမ်းမှုဖြစ်ပြီး လအနည်းငယ်အကြာမှာပဲ ပြန်လည်စတင်တဲ့ ထိုင်းကို MOU လုပ်သား ရာထောင်ချီ စေလွှတ်မှုတွေထဲ ထိုင်းရောက် MOU လုပ်သားတွေ ရပိုင်ခွင့် ချိုးဖောက်ခံရမှုတွေကို မီးမောင်းထိုးပြနေပါတယ်။
‘နေရတာ ကျောမလုံဘူး’  - နိုင်ငံပြင်ပ စိန်ခေါ်မှုတွေကြားက ဘီဘီစီသတင်းထောက်များ,"Fri, 03 May 2024 16:43:05 GMT",https://www.bbc.com/burmese/articles/c0jk3wvwwdko#3,https://www.bbc.com/burmese/articles/c0jk3wvwwdko,ပြည်ပမှာနေထိုင်လုပ်ကိုင်ကြတဲ့ သတင်းထောက်အများစုဟာ ထောင်ဒဏ်ကျခံရတာအပြင် အသက်အန္တရာယ်ခြိမ်းခြောက်မှုတွေနဲ့ အကြမ်းဖက်မှုတွေကို အပြင်လောကမှာရော အွန်လိုင်းကနေပါ နှောင့်ယှက်ဖိအားပေးတာတွေနဲ့ ရင်ဆိုင်နေရပါတယ်။
နွေအပူ၊ မီးအပျက်နဲ့ အသက်ဆက်နိုင်ဖို့ ကြိုးစားနေကြရသူတွေ,"Fri, 17 May 2024 12:26:19 GMT",https://www.bbc.com/burmese/articles/cd18rkx7elzo#0,https://www.bbc.com/burmese/articles/cd18rkx7elzo,"“နေကပူ၊ မီးကပျက်၊ ကွန်ပြူတာတွေက အားမရှိ၊ ထမင်းကဆာ၊ ရေအပြည့်တင်ဖို့တောင် မီးကမလာတော့ ရေကလည်းမရနဲ့ တကယ်စိတ်ရှုပ်စရာဗျာ။ တကယ်အကျိုးနည်းဘဝကြီး”လို့ ရန်ကုန်မြို့ခံ အမျိုးသားက ပြောပါတယ်။
အခုချိန်မှာ ညဘက်အိပ်ရေးတွေပြတ်တာ၊ နေ့ဘက်နေအပူမှာ သွားလာကြရင်း ရုတ်တရက် သေဆုံးတာတွေရှိလာတာကြောင့် ကိုယ်ကိုယ်တိုင်သာမက မိသားစုအတွက်ပါ စိုးရိမ်နေကြရပါတယ်။
"
ပြင်သစ်မှာ ဂျူးဘုရားကျောင်း မီးရှို့သူကို ရဲက အသေပစ်ခတ် ဖမ်းဆီး ,"Fri, 17 May 2024 13:57:31 GMT",https://www.bbc.com/burmese/articles/c72p41gnz2do#0,https://www.bbc.com/burmese/articles/c72p41gnz2do,ပြင်သစ်နိုင်ငံ အ‌နောက်‌မြောက်ပိုင်း ရူယန်မြို့မှာ ဂျူးဘုရားကျောင်းတစ်ခုမီးရှို့ခံခဲ့ရပြီးနောက် မီးရှို့တဲ့အမျိုးသားတစ်ဦးကို ပြင်သစ်ရဲတပ်ဖွဲ့က အသေပစ်ခတ် ဖမ်းဆီးခဲ့ပါတယ်။
မသောက်ဘဲမူးတတ်တဲ့ Auto-brewery syndrome (ABS) ရောဂါလက္ခဏာစု,"Fri, 17 May 2024 11:41:32 GMT",https://www.bbc.com/burmese/articles/cd188yd5kljo#0,https://www.bbc.com/burmese/articles/cd188yd5kljo,"ခန္ဓာကိုယ်တွင်းက အစာချေစနစ်ထဲမှာ အချဉ်ပေါက်ရာကနေ အလိုအလျောက် အရက်တွေ ထွက်လာရာကနေ အရက်မူးစေတဲ့ Auto-brewery syndrome (ABS) ရှားပါး ရောဂါလက္ခဏာစုကြောင့် လူတချို့ရဲ့ဘဝ အကြီးအကျယ် ပြောင်းလဲခဲ့ရပါတယ်။
"
ထိုင်းဝန်ကြီးချုပ်ဟောင်းသက်ဆင် မြန်မာ့အရေး ဘာကြောင့် စိတ်ဝင်စားသလဲ,"Sat, 11 May 2024 06:30:51 GMT",https://www.bbc.com/burmese/articles/c2le718w8dxo#1,https://www.bbc.com/burmese/articles/c2le718w8dxo,"ထိုင်းစစ်တပ်ရဲ့ အာဏာသိမ်းမှုကို ခံရဖူးတဲ့ ထိုင်းဝန်ကြီးချုပ်ဟောင်းသက်ဆင် ဟာ စစ်တပ်က အာဏာသိမ်းထားတဲ့ အိမ်နီးချင်းမြန်မာ့အရေးကို ကြားဝင်ဖို့ ကြိုးစားနေပါတယ်။
သူတင်မက ညီမဖြစ်သူ ယင်လတ် ရဲ့ အစိုးရပါ ထိုင်းစစ်တပ်ရဲ့ အာဏာသိမ်းမှုကို ခံခဲ့ရတာပါ။
အမျိုးသားညီညွတ်ရေးအစိုးရ NUG အပါအဝင် တိုင်းရင်းသားလက်နက်ကိုင်အဖွဲ့တွေ နဲ့ ထိုင်းမှာတွေ့ခဲ့တဲ့ သက်ဆင်ဟာ စစ်ခေါင်းဆောင် ဗိုလ်ချုပ်မှူးကြီးမင်းအောင်လှိုင် နဲ့လည်း တွေ့ခွင့်တောင်းထားပါတယ်။

"
အန္နာအဲလော့၊ ဒေါ်ခင်ခင်ချော နဲ့ အမှောင်ခေတ်က မြန်မာစာပေ ,"Fri, 10 May 2024 15:16:43 GMT",https://www.bbc.com/burmese/articles/cz5d6emyr8lo#1,https://www.bbc.com/burmese/articles/cz5d6emyr8lo, မွေးစားနိုင်ငံ မြန်မာပြည် အာဏာရှင်စနစ်က မလွတ်မြောက်သေးတဲ့အတွက် စိတ်မကောင်းခဲ့တဲ့ အနောက်တိုင်းသုတေသီ အမျိုးသမီး
'ဂျီနိုဆိုက် ဂျိုး' - အမေရိကန်ကောလိပ်တွေရဲ့ ဂါဇာဆန္ဒပြပွဲတွေက ဘိုင်ဒန် ထပ်မရွေးခံရအောင် ခြိမ်းခြောက်နိုင်သလား,"Sat, 11 May 2024 09:59:07 GMT",https://www.bbc.com/burmese/articles/c51neplx4keo#1,https://www.bbc.com/burmese/articles/c51neplx4keo,ဂါဇာစစ်ပွဲကိုဆန့်ကျင်တဲ့ အမေရိကန်ကောလိပ်ကျောင်းတွေက ဆန္ဒပြပွဲတွေ ပျံ့နှံ့နေချိန်မှာပဲ  ဂျိုးဘိုင်ဒန်လည်း လူငယ်မဲဆန္ဒရှင်တွေကြားမှာ ထောက်ခံမဲရဖို့ တဖြည်းဖြည်းဆုံးရှုံးလာနေပါတယ်။ ဒီအဓိကရုဏ်းတွေက နိုဝင်ဘာလသမ္မတရွေးကောက်ပွဲမှာ ဘိုင်ဒန် တဖန်ပြန်အနိုင်ရနိုင်ခြေကိုထိခိုက်စေနေပါတယ်။
ဘူးသီးတောင် စကခ ကျဆုံးမှု နဲ့ ရခိုင်ပြည်နယ် စစ်ရေးမျက်နှာစာ အပြောင်းအလဲ,"Wed, 08 May 2024 11:13:18 GMT",https://www.bbc.com/burmese/articles/cj7mpjjx55eo#3,https://www.bbc.com/burmese/articles/cj7mpjjx55eo,ရခိုင်ပြည်နယ်ထဲမှာ စစ်ကောင်စီရဲ့ အဓိကအမာခံတပ်စခန်းတွေ အဖြစ် အနောက်ပိုင်းတိုင်းစစ်ဌာနချုပ်၊ အမှတ် (၅) စစ်ဆင်ရေးကွပ်ကဲမှုဌာနချုပ်၊ ဒေသကွပ်ကဲမှုဌာနချုပ်(စစ်တွေ) တို့ပဲ ကျန်နေတော့တာ ဖြစ်ပါတယ်။
ဗိုလ်မှူးကြီးစောချစ်သူရဲ့ ရွှေကုက္ကိုမြို့သစ်ထဲမှာ ကျားဖြန့်လုပ်ငန်းတွေ ဆက်ရှိနေလား,"Wed, 08 May 2024 07:41:53 GMT",https://www.bbc.com/burmese/articles/cd132yrdxd3o#3,https://www.bbc.com/burmese/articles/cd132yrdxd3o,‘‘စောချစ်သူက သူ့လုံခြုံရေး စိုးရိမ်နိုင်ပါတယ်။ တရုတ်က ကရင်ထဲအထိ နှိမ်နင်းတွေလာလုပ်မှာကတော့ ဝေးတော့ သိပ်မဖြစ်နိုင် ယူဆရပါတယ်။ ဒါပေမယ့် မဲဆောက်မှာ ထိုင်းတွေနဲ့ ပူးတွဲထိုင်တဲ့ တရုတ် ထောက်လှမ်းရေးအရာရှိကြီးတွေနဲ့ ယူနစ်တော့ ရှိနေပါတယ်’’ လို့ ISP- Myanmar ရဲ့ ညွှန်ကြားရေးမှူး  ဦးအောင်သူငြိမ်းက သူ့အမြင်ကို ပြောပါတယ်။
ဒုဗိုလ်မှူးကြီးကျော်ဇောရဲ - စစ်ခေါင်းဆောင် နဲ့ ရုရှားကြားက အချိတ်အဆက်,"Sat, 18 May 2024 08:13:04 GMT",https://www.bbc.com/burmese/articles/ce43q70xqr9o#0,https://www.bbc.com/burmese/articles/ce43q70xqr9o,မြန်မာစစ်တပ်ရဲ့ ရုရှားပြန်တွေထဲက အထူးချွန်ဆုံးထဲမှာ ပါဝင်သူ ဒုတိယဗိုလ်မှူးကြီးကျော်ဇောရဲဟာ ဒေါ်လာသန်းချီတန်တဲ့ စစ်လက်နက်ပစ္စည်းဝယ်ယူထုတ်လုပ်မှုနဲ့ပတ်သက်လို့ စစ်ခေါင်းဆောင် ဗိုလ်ချုပ်မှူးကြီးမင်းအောင်လှိုင်ကို အကြံပြုနေရသူတစ်ဦး ဖြစ်နေပါတယ်။
ဂျော်ဂျီယာဟာ ယူကရိန်းလို ဖြစ်လာမလား,"Fri, 17 May 2024 19:49:05 GMT",https://www.bbc.com/burmese/articles/c136478de08o#0,https://www.bbc.com/burmese/articles/c136478de08o,“ရုရှား ဥပဒေ“ကို အတုခိုးပြီး လုပ်ထားတဲ့ “နိုင်ငံခြားလွှမ်းမိုးမှု“ ဥပဒေသစ်တခုအပေါ် ဂျော်ဂျီယာမှာ လူထုက ဆန့်ကျင်ဆန္ဒပြနေကြပါတယ်။ တချိန်တည်းမှာပဲ နိုင်ငံကို ရုရှားကနေ အဝေးကိုခွာပြီး ဥရောပဆီကို နီးကပ်အောင် လုပ်မယ်ဆိုရင် ယူကရိန်းလို အသိမ်းပိုက်ခံရမှာလား၊  စစ်ပွဲကို ကြုံရမလားဆိုပြီး စိုးရိမ်မှုတွေလည်း ပိုတိုး လာနေပါတယ်။
မေ ၁၈ ရက် နိုင်ငံတဝန်းသတင်းအနှစ်ချုပ် - ဘူးသီးတောင်မြို့က စစ်တပ်စခန်းအားလုံး သိမ်းလိုက်ပြီလို့ အေအေပြောခွင့်ရအတည်ပြု,"Sat, 18 May 2024 14:29:06 GMT",https://www.bbc.com/burmese/articles/cyx65d257rvo#0,https://www.bbc.com/burmese/articles/cyx65d257rvo,ရခိုင်ပြည်နယ်၊ ဘူးသီးတောင်မြို့က စကခ ၁၅ ဌာနချုပ်အပါအဝင် စစ်ကောင်စီရဲ့ လက်အောက်ခံတပ်ရင်း ၁၃ ရင်းကို ဒီကနေ့ မေ ၁၈ ရက်မှာ တစ်ခုမကျန်သိမ်းပိုက်လိုက်ပြီလို့ ‌အာရက္ခတပ်တော် အေအေရဲ့ ပြောခွင့်ရ ဦးခိုင်သုခက ဘီဘီစီကို အတည်ပြုပြောပါတယ်။
မတော်တဆမှု ဖြစ်ခဲ့တဲ့ ရဟတ်ယာဉ်ပေါ်  အီရတ်သမ္မတ ပါသွားတယ်လို့  အီရန်အစိုးရ မီဒီယာမှာ ကြေညာ,"Sun, 19 May 2024 15:35:34 GMT",https://www.bbc.com/burmese/articles/ckddw91q4k5o#0,https://www.bbc.com/burmese/articles/ckddw91q4k5o,အီရန်သမ္မတရဲ့ ရဟတ်ယာဉ် မတော်တဆဖြစ်ခဲ့တဲ့ နေရာကို ရာသီဥတု ဆိုးဝါးမှုကြောင့် ရှာတွေ့ဖို့ ခက်ဲခနေ
ရခိုင်ပြည်နယ် တဝက်ကို အေအေသိမ်းချိန် စစ်တပ်က စစ်တွေကနေ သံတွဲကို ဆုတ်ခွာသွားနိုင်ခြေရှိလား,"Sun, 19 May 2024 10:16:01 GMT",https://www.bbc.com/burmese/articles/cy638zp4dewo#0,https://www.bbc.com/burmese/articles/cy638zp4dewo,အာရက္ခတပ်တော်(အရင်က ရက္ခိုင်တပ်တော် -အေအေ)ဟာ စစ်ကောင်စီတပ်နဲ့တိုက်ပွဲတွေအတွင်း  ချင်းပြည်နယ်ထဲက ပလက်ဝမြို့နယ် အပါအဝင် ရခိုင်ပြည်နယ်ထဲက မြို့နယ် ၉ မြို့နယ်အထိ သိမ်းပိုက်ထားနိုင်ပြီဖြစ်ပါတယ်။ ရခိုင်ပြည်နယ်ထဲက တိုက်ပွဲတွေ နှစ်တဝက်ကျိုးလာချိန်မှာ စစ်ကောင်စီတပ်ဟာ စစ်တွေကနေ သံတွဲမြို့ဆီကို စုဖွဲ့ဖြန့်ကြက်မှုတွေ အပြောင်းအလဲ လုပ်လာနိုင်ခြေရှိပါသလား။ ဘီဘီစီအထူးဆောင်းပါးမှာ ဆက်လက်ဖတ်ရှုပါ။
လပေါ်  လမ်းလျှောက်နိုင်မယ့်သူ နောက်တစ်ဦးက ဘယ်သူဖြစ်မလဲ,"Sun, 19 May 2024 13:06:47 GMT",https://www.bbc.com/burmese/articles/ce9r9n6l7zqo#0,https://www.bbc.com/burmese/articles/ce9r9n6l7zqo,ကမ္ဘာ့လူဦးရေအများဆုံး သုံးနိုင်ငံဟာ လကမ္ဘာပေါ် လူသားတွေပို့နိုင်ဖို့ သူတို့ရဲ့ စွမ်းဆောင်ရည်တွေ အစွမ်းကုန်ထုတ်သုံးပြီး ကြိုးစားနေကြပါတယ်။ ဘာလို့ အာကာသစီမံကိန်းတွေ အတွက် ဒေါ်လာသန်းနဲ့ချီရင်းနှီးမြှုပ်နှံနေကြတာလဲ၊ ဒါကနေ သူတို့ဘာတွေမျှော်လင့်နေကြတာလဲ။
မေ ၁၉ ရက် နိုင်ငံတဝန်း သတင်းအနှစ်ချုပ် - ရိုဟင်ဂျာတွေလုံခြုံရေး ကာကွယ်ပေးဖို့ အာဆီယံ လွှတ်တော်အမတ်တွေ တောင်းဆို,"Sun, 19 May 2024 09:26:59 GMT",https://www.bbc.com/burmese/articles/cmmmnz2r15zo#0,https://www.bbc.com/burmese/articles/cmmmnz2r15zo,ကချင်ပြည်နယ်၊ ဝိုင်းမော်မြို့ပေါ်နဲ့ ငါးမိုင်အကွာမှာရှိတဲ့ အောင်မြေ (၁) နဲ့ အင်းတန်း စတဲ့ကျေးရွာတဝိုက်မှာ ဒီကနေ့မနက်အထိ တိုက်ပွဲပြင်းထန်နေတဲ့ အကြောင်းအပါအဝင် ဘီဘီစီရဲ့ နောက်ဆုံးရသတင်းတွေကိုစုစည်းတင်ဆက်ထားပါတယ်။
တရုတ်သူလျှိုလို့ စွပ်စွဲခံရတဲ့ ဖိလစ်ပိုင် မြို့ဝန်မလေး,"Sat, 18 May 2024 16:15:51 GMT",https://www.bbc.com/burmese/articles/c51138731l1o#0,https://www.bbc.com/burmese/articles/c51138731l1o, သူ့ပုဂ္ဂိုလ်ရေးနဲ့ စီးပွားရေးနောက်ခံအကြောင်း မေးသမျှကို အပိတ်တွေချည်း ဖြေသွားတဲ့အတွက် တရုတ်လူလားဆိုပြီး  မေးခွန်းထုတ်ကြ
အီရန်သမ္မတ သေဆုံးမှု - နိုင်ငံကို အဓိကအုပ်ချုပ်နေတာ ဘယ်သူလဲ,"Mon, 20 May 2024 16:03:03 GMT",https://www.bbc.com/burmese/articles/crggx602z64o#0,https://www.bbc.com/burmese/articles/crggx602z64o,အီရန်နိုင်ငံဟာ နိုင်ငံအဆင့်ရွေးကောက်ပွဲကို လာမယ့် ရက်ပေါင်း ၅၀ အတွင်း ကျင်းပရတော့မှာဖြစ်ပါတယ်။ ဒါပေမဲ့ နိုင်ငံ့သမ္မတတစ်ဦး သေဆုံးမှုဟာ အီရန်မှာ နိုင်ငံရေးလေဟာနယ်တစ်ခုကိုတော့ ဖန်တီး ပေါ်ပေါက်လာနိုင်ခြေမရှိနေပါဘူး။
ကမ္ဘာ့အပူစံချိန်တင်မြန်မာ၊ သစ်ပင်စိုက်ပျိုးမှုနဲ့ ရှင်သန်ခွင့် ရုန်းကန်နေရတဲ့သစ်ပင်တွေ,"Mon, 20 May 2024 10:32:47 GMT",https://www.bbc.com/burmese/articles/ce963335ee1o#0,https://www.bbc.com/burmese/articles/ce963335ee1o,မြန်မာဟာ ပြီးခဲ့တဲ့လအတွင်း ကမ္ဘာ့အပူချိန် စံချိန်တင်မြင့်ခဲ့တဲ့မြို့တွေရှိခဲ့ရာနိုင်ငံတစ်နိုင်ငံဖြစ်သလို မေလလယ်ကျိုးသွားတာတောင် အပူဒဏ်ကို ခံစားနေရဆဲဖြစ်ပါတယ်။ တဖက်မှာလည်း စံချိန်တင် အပူကို တိုက်ဖျက်ဖို့ သစ်ပင်စိုက်ရေး ပြောဆိုတိုက်တွန်းသံတွေ ညံလာပါတယ်။ ပြီးခဲ့တဲ့နှစ်တွေအတွင်း သစ်ပင်စိုက်ပျိုးခဲ့တာတွေ အမှန်တကယ် ဖြစ်ထွန်းပါရဲ့လား။ ဖြစ်ထွန်းအောင် ဘယ်လိုစောင့်ရှောက်သင့်လဲ။
အီရန်သမ္မတနဲ့ နိုင်ငံခြားရေးဝန်ကြီးတို့ သေဆုံးပြီလို့ နိုင်ငံပိုင်ရုပ်မြင်သံကြား ကြေညာ,"Mon, 20 May 2024 09:52:33 GMT",https://www.bbc.com/burmese/articles/ckddw91q4k5o#0,https://www.bbc.com/burmese/articles/ckddw91q4k5o,အီရန်သမ္မတရဲ့ ရဟတ်ယာဉ် မတော်တဆဖြစ်ခဲ့တဲ့ နေရာကို ရာသီဥတု ဆိုးဝါးမှုကြောင့် ရှာတွေ့ဖို့ ခက်ဲခနေ
ထိုင်းမှာ မြန်မာလုပ်သားတွေရဲ့ ဘဏ်အကောင့်တွေ အလွဲသုံးစား အသုံးပြုခံနေရ,"Tue, 21 May 2024 12:36:50 GMT",https://www.bbc.com/burmese/articles/cw944jjv9pyo#0,https://www.bbc.com/burmese/articles/cw944jjv9pyo,ထိုင်းရောက် မြန်မာရွှေ့ပြောင်းလုပ်သားတွေဟာ သူတို့ကိုယ်တိုင် ဖွင့်ထားတဲ့ ဘဏ်အကောင့် ငွေစာရင်းကို တခြားသူက အွန်လိုင်းလောင်းကစားလုပ်ငန်းတွေမှာ အလွဲသုံးစားအသုံးပြုခံရပြီး ထိုင်းရဲက ဖမ်းဆီးတာမျိုးအထိ ကြုံနေရပါတယ်။
တမီလ်နာဒူးမှာ AI ဉာဏ်ရည်တုကို သုံးပြီး ဆင်တွေ ရထားတိုက်မယ့် အရေးကနေ ကာကွယ်ပေး,"Tue, 21 May 2024 15:27:15 GMT",https://www.bbc.com/burmese/articles/czddpz3e72wo#0,https://www.bbc.com/burmese/articles/czddpz3e72wo,ရထားလမ်းတွေပေါ်ဖြတ်သွားတဲ့ ဆင်တွေ ရထားတိုက်ခံရပြီး ထိခိုက် သေဆုံး ရမယ့်အရေးက ကာကွယ်ပေးဖို့အတွက် အိန္ဒိယတောင်ပိုင်း တမီလ် နာဒူးပြည်နယ်မှာ AI -  အေအိုင် ဉာဏ်ရည်တု သုံး စောင့်ကြည့်ရေး စနစ်တွေ အသုံးပြုနေပါပြီ။
R.ခေါင်လွမ်း - ရန်ကုန်တက္ကသိုလ်ကျောင်းသား၊ဘေ့စ်ဂစ်တာသမား၊ KIA စစ်ဦးစီးချုပ်,"Wed, 15 May 2024 12:34:46 GMT",https://www.bbc.com/burmese/articles/cxe9eyd8m49o#1,https://www.bbc.com/burmese/articles/cxe9eyd8m49o,“တပ်ရဲ့ ခက်ခဲတဲ့ကာလတွေ၊ အဆင်မပြေတဲ့ကာလတွေမှာ သူပါခဲ့ပါတယ်။ ဥပမာ- ကျွန်တော်တို့ တပ်တွေဖွဲ့စည်းတာတွေမှာ ခေါင်းဆောင်တစ်ယောက်အနေနဲ့ လက်အောက်ငယ်သားတွေကို အားပေးအားမြှောက်လုပ်ပြီး မလျှော့တဲ့ဇွဲနဲ့ တိုက်ခိုက်ဖို့မှာ သူကိုယ်တိုင်ပါခဲ့တယ်။ ၂၀၂၂၊ ၂၀၂၃ ကာလတွေက သူရုန်းကန်ရတဲ့ ကာလတွေဖြစ်ပါတယ်” လို့ ဗိုလ်မှူးကြီးနော်ဘူက ပြောပါတယ်။
စစ်ကောင်စီလက်အောက် နှုတ်ပိတ်ခံနေရတဲ့ မြန်မာရှေ့နေတွေ,"Thu, 16 May 2024 14:30:24 GMT",https://www.bbc.com/burmese/articles/cv2xvq25l4po#1,https://www.bbc.com/burmese/articles/cv2xvq25l4po,“လုပ်ထုံးလုပ်နည်းအရဆို ဘားကောင်စီတို့ တရားလွှတ်တော်တို့မှာ လိုင်စင်ရုပ်ခံရတဲ့ ရှေ့နေဘက်ကပြန်ပြီး ပြန်လည်ခုခံပိုင်ခွင့်ရှိတယ်။ အခုက အမိန့်ကြေညာစာနဲ့ကို လိုင်စင်ပြန်အပ်ဖို့ပြောတာ။ စစ်ဆေးတာ အပြန်လှန် ကြားနာတာမရှိဘဲ လိုင်စင်နံပါတ် ဘယ်သူဟာ ဘယ်လောက်ထောင်ကျခံရလို့ ဘယ်နေ့နောက်ဆုံးထား လိုင်စင်လာအပ်ပါလို့ ပြောတာ”- တရားလွှတ်တော်ရှေ့နေတစ်ဦး
မြန်မာအာဏာသိမ်းကာလ ပုဂံနဲ့ အန်ကော ခရီးသွားဧည့်သည် ဘယ်လောက်ကွာဟနေလဲ,"Wed, 15 May 2024 06:06:49 GMT",https://www.bbc.com/burmese/articles/crgyprn2058o#1,https://www.bbc.com/burmese/articles/crgyprn2058o,စစ်အာဏာသိမ်းမှု သုံးနှစ်ကျော်လာချိန်မှာ မြန်မာနိုင်ငံက ပုဂံရှေးဟောင်းမြို့ကို ခရီးသွားဝင်ရောက်မှုနဲ့  မြန်မာ့အိမ်နီးချင်း ကမ္ဘောဒီးယားနိုင်ငံက ‌အန်ကောရှေးကျောင်းတော်တို့ကို  ခရီးသွားဝင်ရောက်မှု ဘယ်လောက်အထိ ကွာဟနေလဲ။ ဆောင်းပါးမှာ ဆက်လက်ဖတ်ရှုနိုင်ပါတယ်။
တောင်အာဖရိက - ခရာတွေ၊ ကြာပွတ်တွေနဲ့ သေနတ်တွေသုံးပြီး ညကင်းစောင့်သူတွေ,"Tue, 14 May 2024 13:43:42 GMT",https://www.bbc.com/burmese/articles/c88zxzqn3p5o#1,https://www.bbc.com/burmese/articles/c88zxzqn3p5o,မြင့်တက်လာနေတဲ့ရာဇဝတ်မှုနဲ့ လူသတ်မှုတွေကို ကိုယ့်ရပ်ကိုယ့်ရွာ လုံခြုံရေးအတွက်ဆိုပြီး တောင်အာဖရိကနိုင်ငံသားတွေ ညကင်းစောင့်ပြီး ဖြေရှင်းဖို့ ကြိုးစားနေကြပါတယ်။
ဒုချုပ် နဲ့ နေပြည်တော် ဒရုန်းတိုက်ခိုက်မှုနောက်ကွယ်က ရှားထူးဝေါ်,"Thu, 09 May 2024 08:23:50 GMT",https://www.bbc.com/burmese/articles/c2962z5k2l4o#3,https://www.bbc.com/burmese/articles/c2962z5k2l4o,စစ်ကောင်စီအခြေစိုက်ရာ နေပြည်တော်အပါအဝင် ဒုခေါင်းဆောင် ဒုတိယဗိုလ်ချုပ်မှူးကြီး စိုးဝင်းတို့ကို ကာမီကာဇေဒရုန်းတွေနဲ့တိုက်ခိုက်ခဲ့တဲ့ ရှားထူးဝေါ်နည်းပညာအဖွဲ့ဟာ တော်လှန်ရေးအင်အားစု တွေအတွက် နည်းပညာ၊ သတင်းအချက်အလက်စီးဆင်းဖို့အတွက် အရေးပါတယ်လို့ ပြောကြပါတယ်။
အီကို-စီးတီးမြို့သစ်အတွက် 'လူသတ်ခွင့်ပေးထားတဲ့' ဆော်ဒီတပ်ဖွဲ့,"Fri, 10 May 2024 04:22:15 GMT",https://www.bbc.com/burmese/articles/cq5n11vgryro#3,https://www.bbc.com/burmese/articles/cq5n11vgryro,နေထိုင်နေတဲ့ နေရာကနေ စွန့်ခွာဖို့ ငြင်းပယ်နေသူတွေကို သူတို့အနေနဲ့ ပစ်သတ်ခွင့် ရထားကြောင်း အရင်ထောက်လှမ်းရေးမှူး အရာရှိတယောက်က ဘီဘီစီကို ပြောပါ တယ်။
ယူကရိန်းတွေကို သတ်နေတဲ့မြောက်ကိုရီးယားလက်နက်တွေနဲ့ ပိုကြီးမားတဲ့ရိုက်ခတ်မှုတွေ,"Thu, 09 May 2024 02:45:24 GMT",https://www.bbc.com/burmese/articles/c97z4j7wgpqo#3,https://www.bbc.com/burmese/articles/c97z4j7wgpqo,"ယူကရိန်းနိုင်ငံ၊ ခါခိဗ်မြို့မှာကျရောက်ပေါက်ကွဲခဲ့တဲ့ ဒုံးကျည်တစ်စင်းကနေ ပြသလာတဲ့
ပြုံရမ်းထုတ် လက်နက်တွေကို အသုံးပြုနေတဲ့အတိုင်းအဆ "
‘‘ကျွန်တော့်သားဆို နောက်ခုံ ၂ တန်းအထိ လွင့်ထွက်သွားတယ်’’ - စင်္ကာပူလေကြောင်းလိုင်းလေယာဥ်  SQ321 ခရီးသည်,"Wed, 22 May 2024 11:57:24 GMT",https://www.bbc.com/burmese/articles/cq55w9d12pxo#0,https://www.bbc.com/burmese/articles/cq55w9d12pxo,"မြန်မာနိုင်ငံတောင်ပိုင်းကောင်းကင် လေထု ပေ ၃၇,၀၀၀ အမြင့်ကနေ ပျံသန်းနေတုန်း ပြင်းထန်တဲ့လေထုတွင်းမငြိမ်သက်မှုကို ကြုံခဲ့ရတဲ့ စင်္ကာပူ လေကြောင်းလိုင်း လေယာဥ် SQ321 ပေါ်က ခရီးသည်တွေဟာ သူတို့ကိုယ်တိုင် မြင်တွေ့ ကြုံတွေ့ခဲ့ရတာတွေကို ထုတ်ပြောလာကြပါတယ်။"
ဝေဟင်မှာ လေယာဉ်တွေ ကြုံရတတ်တဲ့ လေထုမငြိမ်သက်မှု ဘာ့ကြောင့် ဖြစ်ရတာလဲ,"Wed, 22 May 2024 13:56:13 GMT",https://www.bbc.com/burmese/articles/c3gge4xeypno#0,https://www.bbc.com/burmese/articles/c3gge4xeypno,လေထုမငြိမ်သက်မှုအများစုဟာ လေတိုက်မှု အတက်အကျများတဲ့ တိမ်ထုထဲမှာ ဖြစ်လေ့ ရှိတယ်လို့ ဘီဘီစီ မိုးလေဝသဌာနက ဆိုင်မွန် ကင်း က ပြောပါတယ်။
ကမ္ဘာအနှံ့ပျံ့တဲ့ အိန္ဒိယဟင်းခတ်အမွှေးအကြိုင်နဲ့ပတ်သက်ပြီး လူတွေရဲ့စိုးရိမ်ချက်က  ဘာလဲ,"Wed, 22 May 2024 07:57:32 GMT",https://www.bbc.com/burmese/articles/cw59ygl1226o#0,https://www.bbc.com/burmese/articles/cw59ygl1226o,အိန္ဒိယ ဟင်းခတ်အမွှေးအကြိုင် တချို့မှာ ကင်ဆာဖြစ်စေတတ်တဲ့ ပိုးသတ်ဆေးတွေ တွေ့ခဲ့အပြီး နိုင်ငံအတော်များများမှာ ပိတ်ပင်လိုက်ပါတယ်။
ရဟတ်ယာဥ်ပျက်ကျမှုအတွင်း သမ္မတနဲ့ နိုင်ငံခြားရေးဝန်ကြီး သေဆုံးခဲ့တဲ့အီရန်မှာ ဘာဆက်ဖြစ်မှာလဲ,"Mon, 20 May 2024 09:52:33 GMT",https://www.bbc.com/burmese/articles/ckddw91q4k5o#0,https://www.bbc.com/burmese/articles/ckddw91q4k5o,အီရန်သမ္မတရဲ့ ရဟတ်ယာဉ် မတော်တဆဖြစ်ခဲ့တဲ့ နေရာကို ရာသီဥတု ဆိုးဝါးမှုကြောင့် ရှာတွေ့ဖို့ ခက်ဲခနေ
တရုတ်သူလျှိုလို့ စွပ်စွဲခံရတဲ့ ဖိလစ်ပိုင် မြို့ဝန်မလေး,"Sat, 18 May 2024 16:15:51 GMT",https://www.bbc.com/burmese/articles/c51138731l1o#1,https://www.bbc.com/burmese/articles/c51138731l1o, သူ့ပုဂ္ဂိုလ်ရေးနဲ့ စီးပွားရေးနောက်ခံအကြောင်း မေးသမျှကို အပိတ်တွေချည်း ဖြေသွားတဲ့အတွက် တရုတ်လူလားဆိုပြီး  မေးခွန်းထုတ်ကြ
ဂျော်ဂျီယာဟာ ယူကရိန်းလို ဖြစ်လာမလား,"Fri, 17 May 2024 19:49:05 GMT",https://www.bbc.com/burmese/articles/c136478de08o#1,https://www.bbc.com/burmese/articles/c136478de08o,“ရုရှား ဥပဒေ“ကို အတုခိုးပြီး လုပ်ထားတဲ့ “နိုင်ငံခြားလွှမ်းမိုးမှု“ ဥပဒေသစ်တခုအပေါ် ဂျော်ဂျီယာမှာ လူထုက ဆန့်ကျင်ဆန္ဒပြနေကြပါတယ်။ တချိန်တည်းမှာပဲ နိုင်ငံကို ရုရှားကနေ အဝေးကိုခွာပြီး ဥရောပဆီကို နီးကပ်အောင် လုပ်မယ်ဆိုရင် ယူကရိန်းလို အသိမ်းပိုက်ခံရမှာလား၊  စစ်ပွဲကို ကြုံရမလားဆိုပြီး စိုးရိမ်မှုတွေလည်း ပိုတိုး လာနေပါတယ်။
နွေအပူ၊ မီးအပျက်နဲ့ အသက်ဆက်နိုင်ဖို့ ကြိုးစားနေကြရသူတွေ,"Fri, 17 May 2024 12:26:19 GMT",https://www.bbc.com/burmese/articles/cd18rkx7elzo#1,https://www.bbc.com/burmese/articles/cd18rkx7elzo,"“နေကပူ၊ မီးကပျက်၊ ကွန်ပြူတာတွေက အားမရှိ၊ ထမင်းကဆာ၊ ရေအပြည့်တင်ဖို့တောင် မီးကမလာတော့ ရေကလည်းမရနဲ့ တကယ်စိတ်ရှုပ်စရာဗျာ။ တကယ်အကျိုးနည်းဘဝကြီး”လို့ ရန်ကုန်မြို့ခံ အမျိုးသားက ပြောပါတယ်။
အခုချိန်မှာ ညဘက်အိပ်ရေးတွေပြတ်တာ၊ နေ့ဘက်နေအပူမှာ သွားလာကြရင်း ရုတ်တရက် သေဆုံးတာတွေရှိလာတာကြောင့် ကိုယ်ကိုယ်တိုင်သာမက မိသားစုအတွက်ပါ စိုးရိမ်နေကြရပါတယ်။
"
မသောက်ဘဲမူးတတ်တဲ့ Auto-brewery syndrome (ABS) ရောဂါလက္ခဏာစု,"Fri, 17 May 2024 11:41:32 GMT",https://www.bbc.com/burmese/articles/cd188yd5kljo#1,https://www.bbc.com/burmese/articles/cd188yd5kljo,"ခန္ဓာကိုယ်တွင်းက အစာချေစနစ်ထဲမှာ အချဉ်ပေါက်ရာကနေ အလိုအလျောက် အရက်တွေ ထွက်လာရာကနေ အရက်မူးစေတဲ့ Auto-brewery syndrome (ABS) ရှားပါး ရောဂါလက္ခဏာစုကြောင့် လူတချို့ရဲ့ဘဝ အကြီးအကျယ် ပြောင်းလဲခဲ့ရပါတယ်။
"
ထိုင်းဝန်ကြီးချုပ်ဟောင်းသက်ဆင် မြန်မာ့အရေး ဘာကြောင့် စိတ်ဝင်စားသလဲ,"Sat, 11 May 2024 06:30:51 GMT",https://www.bbc.com/burmese/articles/c2le718w8dxo#3,https://www.bbc.com/burmese/articles/c2le718w8dxo,"ထိုင်းစစ်တပ်ရဲ့ အာဏာသိမ်းမှုကို ခံရဖူးတဲ့ ထိုင်းဝန်ကြီးချုပ်ဟောင်းသက်ဆင် ဟာ စစ်တပ်က အာဏာသိမ်းထားတဲ့ အိမ်နီးချင်းမြန်မာ့အရေးကို ကြားဝင်ဖို့ ကြိုးစားနေပါတယ်။
သူတင်မက ညီမဖြစ်သူ ယင်လတ် ရဲ့ အစိုးရပါ ထိုင်းစစ်တပ်ရဲ့ အာဏာသိမ်းမှုကို ခံခဲ့ရတာပါ။
အမျိုးသားညီညွတ်ရေးအစိုးရ NUG အပါအဝင် တိုင်းရင်းသားလက်နက်ကိုင်အဖွဲ့တွေ နဲ့ ထိုင်းမှာတွေ့ခဲ့တဲ့ သက်ဆင်ဟာ စစ်ခေါင်းဆောင် ဗိုလ်ချုပ်မှူးကြီးမင်းအောင်လှိုင် နဲ့လည်း တွေ့ခွင့်တောင်းထားပါတယ်။

"
အန္နာအဲလော့၊ ဒေါ်ခင်ခင်ချော နဲ့ အမှောင်ခေတ်က မြန်မာစာပေ ,"Fri, 10 May 2024 15:16:43 GMT",https://www.bbc.com/burmese/articles/cz5d6emyr8lo#3,https://www.bbc.com/burmese/articles/cz5d6emyr8lo, မွေးစားနိုင်ငံ မြန်မာပြည် အာဏာရှင်စနစ်က မလွတ်မြောက်သေးတဲ့အတွက် စိတ်မကောင်းခဲ့တဲ့ အနောက်တိုင်းသုတေသီ အမျိုးသမီး
အိန္ဒိယနိုင်ငံရေးမှာ ဟိန္ဒူအမျိုးသားရေးဝါဒက ဘယ်လို လွှမ်းမိုးလာလဲ,"Fri, 10 May 2024 12:21:11 GMT",https://www.bbc.com/burmese/articles/cjljgg0rp81o#3,https://www.bbc.com/burmese/articles/cjljgg0rp81o,ဝန်ကြီးချုပ် နာရန်ဒြာမိုဒီနဲ့အတူ ဟိန္ဒူတွာ (Hindutva) က ဘယ်လိုရှေ့တန်းရောက် လာလဲ။ ဘာ့ကြောင့်ပါလဲ။
ဗိုလ်မှူးကြီးစောချစ်သူနဲ့ ကျားဖြန့်စီးပွားရေးတွေဆက်စပ်တယ်ဆိုပြီး ထပ်မံဖော်ထုတ်ခံရ,"Thu, 23 May 2024 13:26:03 GMT",https://www.bbc.com/burmese/articles/c4n1nvq3g1eo#0,https://www.bbc.com/burmese/articles/c4n1nvq3g1eo,''ရွှေကုက္ကိုက ပိတ်ထားတာမဟုတ်ပါဘူး။ လူတွေ ဝင်၊ ထွက်သွားလာနေတာပဲ။ လာပြီး လေ့လာကြည့်ကြပါ။ အပြန်အလှန်ပြောနေတာတွေကို ကျွန်တော်တို့ ထပ်ပြီးမတုံ့ပြန်ချင်တော့ဘူး။ ကျွန်တော်တို့က အကောင်းဘက်ကို ပြောင်းလဲချင်တယ်။ ကျွန်တော်တို့မှာ စစ်ရေးကိစ္စတွေလည်းရှိနေတယ်။ ဒီကြားထဲမှာ ဒီကျားဖြန့်ကိုပဲ တောက်လျှောက်ဖိအားပေးနေကြတယ်။ ကျွန်တော်တို့ လူကြီးကတော့ ဒေသဖွံ့ဖြိုးရေးနဲ့ ကျားဖြန့်တွေကို အဆုံးသတ်ဖို့ လုပ်နေပါတယ်'' - KNA/BGF  ပြောခွင့်ရ ဗိုလ်မှူးနိုင်မောင်ဇော်
လည်ပင်းရိုးကျိုးပြီး ခြေလက်တွေအားလုံး အကြောသေသွားတာကို လျှပ်စစ်စီး ကုထုံးက သက်သာလာစေ,"Thu, 23 May 2024 15:38:19 GMT",https://www.bbc.com/burmese/articles/c1440rqz79po#0,https://www.bbc.com/burmese/articles/c1440rqz79po,"လျှပ်စစ်စီး ကုထုံးနဲ့အတူ ကြွက်သားတွေ၊ အဆစ်တွေ၊ အာရုံကြောတွေ ပြန်ကောင်းလာအောင် လေ့ကျင့်ခန်းလုပ်တာ၊ နှိပ်နယ်တာတို့နဲ့ ကုသပေးတဲ့ ဖီဆီရိုကုထုံး (physiotherapy) ကို အတူပူးတွဲလုပ်တဲ့နည်းနဲ့  ခြေရော လက်ရော အကြောသေနေတဲ့လူတွေကို ကုသပေးနိုင်တော့မယ် လို့ မှန်းဆနေကြပါတယ်။
"
မြန်မာပြည်က မသိတဲ့ အမေရိကန်က မြန်မာဘိက္ခုနီ,"Wed, 22 May 2024 16:31:43 GMT",https://www.bbc.com/burmese/articles/clezewjw9wjo#0,https://www.bbc.com/burmese/articles/clezewjw9wjo, အမေရိကန်မှာ သာမဏေပြုပြီး သီရိလင်္ကာမှာ ပဉ္စင်းတက်ခဲ့တဲ့  တပါးတည်းသော မြန်မာဘိက္ခုနီ  ဒေါ်ဂုဏစာရီ
‘‘ကျွန်တော့်သားဆို နောက်ခုံ ၂ တန်းအထိ လွင့်သွားတယ်’’ - စင်္ကာပူလေကြောင်းလိုင်းခရီးသည်,"Wed, 22 May 2024 11:57:24 GMT",https://www.bbc.com/burmese/articles/cq55w9d12pxo#0,https://www.bbc.com/burmese/articles/cq55w9d12pxo,"မြန်မာနိုင်ငံတောင်ပိုင်းကောင်းကင် လေထု ပေ ၃၇,၀၀၀ အမြင့်ကနေ ပျံသန်းနေတုန်း ပြင်းထန်တဲ့လေထုတွင်းမငြိမ်သက်မှုကို ကြုံခဲ့ရတဲ့ စင်္ကာပူ လေကြောင်းလိုင်း လေယာဥ် SQ321 ပေါ်က ခရီးသည်တွေဟာ သူတို့ကိုယ်တိုင် မြင်တွေ့ ကြုံတွေ့ခဲ့ရတာတွေကို ထုတ်ပြောလာကြပါတယ်။"
ဗိုလ်မှူးကြီးစောချစ်သူနဲ့ ကျားဖြန့်စီးပွားရေးတွေဆက်စပ်တယ်ဆိုပြီး ထပ်မံဖော်ထုတ်ခံရ,"Fri, 24 May 2024 01:50:15 GMT",https://www.bbc.com/burmese/articles/c4n1nvq3g1eo#0,https://www.bbc.com/burmese/articles/c4n1nvq3g1eo,''ရွှေကုက္ကိုက ပိတ်ထားတာမဟုတ်ပါဘူး။ လူတွေ ဝင်၊ ထွက်သွားလာနေတာပဲ။ လာပြီး လေ့လာကြည့်ကြပါ။ အပြန်အလှန်ပြောနေတာတွေကို ကျွန်တော်တို့ ထပ်ပြီးမတုံ့ပြန်ချင်တော့ဘူး။ ကျွန်တော်တို့က အကောင်းဘက်ကို ပြောင်းလဲချင်တယ်။ ကျွန်တော်တို့မှာ စစ်ရေးကိစ္စတွေလည်းရှိနေတယ်။ ဒီကြားထဲမှာ ဒီကျားဖြန့်ကိုပဲ တောက်လျှောက်ဖိအားပေးနေကြတယ်။ ကျွန်တော်တို့ လူကြီးကတော့ ဒေသဖွံ့ဖြိုးရေးနဲ့ ကျားဖြန့်တွေကို အဆုံးသတ်ဖို့ လုပ်နေပါတယ်'' - KNA/BGF  ပြောခွင့်ရ ဗိုလ်မှူးနိုင်မောင်ဇော်
ရိုဟင်ဂျာ လူမျိုးတုံးသတ်ဖြတ်မှု စွပ်စွဲချက်နဲ့ အိုင်စီဂျေ တရားရုံး - ရက်စွဲမှတ်တမ်း,"Thu, 23 May 2024 16:42:28 GMT",https://www.bbc.com/burmese/articles/cv2dg7gpvrgo#0,https://www.bbc.com/burmese/articles/cv2dg7gpvrgo,မြန်မာကို အိုင်စီဂျေမှာ တရားစွဲမှု ဘယ်လို စတင်ဖြစ်ပေါပြီး ဘယ်လိုဆက်လက်ကြားနာစစ်ဆေးခဲ့ကြလဲ။
ရဟတ်ယာဥ်ပျက်ကျမှုအတွင်း သမ္မတနဲ့ နိုင်ငံခြားရေးဝန်ကြီး သေဆုံးခဲ့တဲ့အီရန်မှာ ဘာဆက်ဖြစ်မှာလဲ,"Mon, 20 May 2024 09:52:33 GMT",https://www.bbc.com/burmese/articles/ckddw91q4k5o#1,https://www.bbc.com/burmese/articles/ckddw91q4k5o,အီရန်သမ္မတရဲ့ ရဟတ်ယာဉ် မတော်တဆဖြစ်ခဲ့တဲ့ နေရာကို ရာသီဥတု ဆိုးဝါးမှုကြောင့် ရှာတွေ့ဖို့ ခက်ဲခနေ
ရခိုင်ပြည်နယ် တဝက်ကို အေအေသိမ်းချိန် စစ်တပ်က စစ်တွေကနေ သံတွဲကို ဆုတ်ခွာသွားနိုင်ခြေရှိလား,"Sun, 19 May 2024 10:16:01 GMT",https://www.bbc.com/burmese/articles/cy638zp4dewo#1,https://www.bbc.com/burmese/articles/cy638zp4dewo,အာရက္ခတပ်တော်(အရင်က ရက္ခိုင်တပ်တော် -အေအေ)ဟာ စစ်ကောင်စီတပ်နဲ့တိုက်ပွဲတွေအတွင်း  ချင်းပြည်နယ်ထဲက ပလက်ဝမြို့နယ် အပါအဝင် ရခိုင်ပြည်နယ်ထဲက မြို့နယ် ၉ မြို့နယ်အထိ သိမ်းပိုက်ထားနိုင်ပြီဖြစ်ပါတယ်။ ရခိုင်ပြည်နယ်ထဲက တိုက်ပွဲတွေ နှစ်တဝက်ကျိုးလာချိန်မှာ စစ်ကောင်စီတပ်ဟာ စစ်တွေကနေ သံတွဲမြို့ဆီကို စုဖွဲ့ဖြန့်ကြက်မှုတွေ အပြောင်းအလဲ လုပ်လာနိုင်ခြေရှိပါသလား။ ဘီဘီစီအထူးဆောင်းပါးမှာ ဆက်လက်ဖတ်ရှုပါ။
လပေါ်  လမ်းလျှောက်နိုင်မယ့်သူ နောက်တစ်ဦးက ဘယ်သူဖြစ်မလဲ,"Sun, 19 May 2024 13:06:47 GMT",https://www.bbc.com/burmese/articles/ce9r9n6l7zqo#1,https://www.bbc.com/burmese/articles/ce9r9n6l7zqo,ကမ္ဘာ့လူဦးရေအများဆုံး သုံးနိုင်ငံဟာ လကမ္ဘာပေါ် လူသားတွေပို့နိုင်ဖို့ သူတို့ရဲ့ စွမ်းဆောင်ရည်တွေ အစွမ်းကုန်ထုတ်သုံးပြီး ကြိုးစားနေကြပါတယ်။ ဘာလို့ အာကာသစီမံကိန်းတွေ အတွက် ဒေါ်လာသန်းနဲ့ချီရင်းနှီးမြှုပ်နှံနေကြတာလဲ၊ ဒါကနေ သူတို့ဘာတွေမျှော်လင့်နေကြတာလဲ။
ဒုဗိုလ်မှူးကြီးကျော်ဇောရဲ - စစ်ခေါင်းဆောင် နဲ့ ရုရှားကြားက အချိတ်အဆက်,"Sat, 18 May 2024 08:13:04 GMT",https://www.bbc.com/burmese/articles/ce43q70xqr9o#1,https://www.bbc.com/burmese/articles/ce43q70xqr9o,မြန်မာစစ်တပ်ရဲ့ ရုရှားပြန်တွေထဲက အထူးချွန်ဆုံးထဲမှာ ပါဝင်သူ ဒုတိယဗိုလ်မှူးကြီးကျော်ဇောရဲဟာ ဒေါ်လာသန်းချီတန်တဲ့ စစ်လက်နက်ပစ္စည်းဝယ်ယူထုတ်လုပ်မှုနဲ့ပတ်သက်လို့ စစ်ခေါင်းဆောင် ဗိုလ်ချုပ်မှူးကြီးမင်းအောင်လှိုင်ကို အကြံပြုနေရသူတစ်ဦး ဖြစ်နေပါတယ်။
R.ခေါင်လွမ်း - ရန်ကုန်တက္ကသိုလ်ကျောင်းသား၊ဘေ့စ်ဂစ်တာသမား၊ KIA စစ်ဦးစီးချုပ်,"Wed, 15 May 2024 12:34:46 GMT",https://www.bbc.com/burmese/articles/cxe9eyd8m49o#3,https://www.bbc.com/burmese/articles/cxe9eyd8m49o,“တပ်ရဲ့ ခက်ခဲတဲ့ကာလတွေ၊ အဆင်မပြေတဲ့ကာလတွေမှာ သူပါခဲ့ပါတယ်။ ဥပမာ- ကျွန်တော်တို့ တပ်တွေဖွဲ့စည်းတာတွေမှာ ခေါင်းဆောင်တစ်ယောက်အနေနဲ့ လက်အောက်ငယ်သားတွေကို အားပေးအားမြှောက်လုပ်ပြီး မလျှော့တဲ့ဇွဲနဲ့ တိုက်ခိုက်ဖို့မှာ သူကိုယ်တိုင်ပါခဲ့တယ်။ ၂၀၂၂၊ ၂၀၂၃ ကာလတွေက သူရုန်းကန်ရတဲ့ ကာလတွေဖြစ်ပါတယ်” လို့ ဗိုလ်မှူးကြီးနော်ဘူက ပြောပါတယ်။
မြန်မာအာဏာသိမ်းကာလ ပုဂံနဲ့ အန်ကော ခရီးသွားဧည့်သည် ဘယ်လောက်ကွာဟနေလဲ,"Wed, 15 May 2024 06:06:49 GMT",https://www.bbc.com/burmese/articles/crgyprn2058o#3,https://www.bbc.com/burmese/articles/crgyprn2058o,စစ်အာဏာသိမ်းမှု သုံးနှစ်ကျော်လာချိန်မှာ မြန်မာနိုင်ငံက ပုဂံရှေးဟောင်းမြို့ကို ခရီးသွားဝင်ရောက်မှုနဲ့  မြန်မာ့အိမ်နီးချင်း ကမ္ဘောဒီးယားနိုင်ငံက ‌အန်ကောရှေးကျောင်းတော်တို့ကို  ခရီးသွားဝင်ရောက်မှု ဘယ်လောက်အထိ ကွာဟနေလဲ။ ဆောင်းပါးမှာ ဆက်လက်ဖတ်ရှုနိုင်ပါတယ်။
အစ္စရေး လှုပ်ရှားသူတွေ ဂါဇာ အကူအညီ ကားတန်းအတွက် စစ်ခင်း,"Sat, 25 May 2024 15:43:17 GMT",https://www.bbc.com/burmese/articles/c511edx069xo#0,https://www.bbc.com/burmese/articles/c511edx069xo,အစ္စရေး ဓားစာခံတွေ မလွတ်မချင်း ဂါဇာသားတွေ ဘာမှ မရသင့်ဘူးလို့ စောဒက တက်သူတွေ အများအပြား ရှိ
မေ ၂၅ ရက် နိုင်ငံတဝန်း သတင်းအနှစ်ချုပ် - စစ်ကိုင်းမှာ အခွန်ရုံး ဝန်ထမ်းအပါအဝင် ၃ ဦး ပစ်သတ်ခံရ,"Sat, 25 May 2024 09:54:23 GMT",https://www.bbc.com/burmese/articles/cjllzj5py60o#0,https://www.bbc.com/burmese/articles/cjllzj5py60o,ရခိုင်ပြည်နယ်(မြောက်ပိုင်း)ကအခြေအနေတွေနဲ့ပတ်သက်လို့ တော်လှန်ရေးအင်အားစုတွေအပါအဝင် အရပ်ဖက်အဖွဲ့အစည်းတွေနဲ့ အမည်မဖော်လိုတဲ့ အဖွဲ့အစည်း စုစုပေါင်း ၁၉၅ ဖွဲ့ ထုတ်ပြန်ထားတဲ့ အချက်အလက်တချို့က မှားယွင်းနေပြီး မြေပြင်အခြေအနေနဲ့ ကွဲလွဲနေတာကြောင့် ကန့်ကွက်တယ်လို့ ရက္ခိုင်အမျိုးသားအဖွဲ့ချုပ် (အာရက္ခတပ်တော်) က မေ ၂၄ ရက်က ထုတ်ပြန်ပါတယ်။
ကမ္ဘာ့အပူစံချိန်တင်မြန်မာ၊ သစ်ပင်စိုက်ပျိုးမှုနဲ့ ရှင်သန်ခွင့် ရုန်းကန်နေရတဲ့သစ်ပင်တွေ,"Mon, 20 May 2024 10:32:47 GMT",https://www.bbc.com/burmese/articles/ce963335ee1o#1,https://www.bbc.com/burmese/articles/ce963335ee1o,မြန်မာဟာ ပြီးခဲ့တဲ့လအတွင်း ကမ္ဘာ့အပူချိန် စံချိန်တင်မြင့်ခဲ့တဲ့မြို့တွေရှိခဲ့ရာနိုင်ငံတစ်နိုင်ငံဖြစ်သလို မေလလယ်ကျိုးသွားတာတောင် အပူဒဏ်ကို ခံစားနေရဆဲဖြစ်ပါတယ်။ တဖက်မှာလည်း စံချိန်တင် အပူကို တိုက်ဖျက်ဖို့ သစ်ပင်စိုက်ရေး ပြောဆိုတိုက်တွန်းသံတွေ ညံလာပါတယ်။ ပြီးခဲ့တဲ့နှစ်တွေအတွင်း သစ်ပင်စိုက်ပျိုးခဲ့တာတွေ အမှန်တကယ် ဖြစ်ထွန်းပါရဲ့လား။ ဖြစ်ထွန်းအောင် ဘယ်လိုစောင့်ရှောက်သင့်လဲ။
"မေလ ၂၆ ရက် နိုင်ငံတဝန်းသတင်းအနှစ်ချုပ် - ၁၀ ရက်အတွင်း မီဇိုရမ်ကိုထွက်ပြေးတဲ့မြန်မာ ၁,၄၀၀ ကျော်ရှိ","Sun, 26 May 2024 10:59:17 GMT",https://www.bbc.com/burmese/articles/ckdd72p18ndo#0,https://www.bbc.com/burmese/articles/ckdd72p18ndo,ပုဂံမြို့ဟောင်းက ရှေးရေကန်တွေ ဆည်နေတာကို စစ်ဆေးဖို့ စစ်ခေါင်းဆောင် ပုဂံရောက်နေချိန် တစ်ဖက်ကမ်းမှာတော့ ဒေသကာကွယ်ရေးအဖွဲ့ဝင် ၅ ဦး အသတ်ခံခဲ့ရ၊ ထိုင်း-မြန်မာနယ်စပ်က စစ်တပ်စခန်းကို ကရင်ပူးပေါင်းအဖွဲ့တွေ တိုက်ခိုက်ချိန် စစ်ကောင်စီတပ်ဖွဲ့ဝင် အယောက် ၅၀ နီးပါးကို ဖမ်းမိ ... စတဲ့ မေလ ၂၆ ရက် ထိပ်တန်းသတင်းများ စုစည်းချက်ကို ဝင်ရောက်ဖတ်ရှုနိုင်ပါဝယ်။
သီလရှင်မရှိတဲ့ မြောက်ကိုရီးယားက ဗုဒ္ဓသာသနာ,"Sun, 26 May 2024 04:23:48 GMT",https://www.bbc.com/burmese/articles/cxeenrvnr8mo#0,https://www.bbc.com/burmese/articles/cxeenrvnr8mo,“ဗုဒ္ဓမွေးနေ့ကို ကျင်းပတယ်” လို့ ဆိုပေမယ့် မြောက်ကိုရီးယားရဲ့ ဗုဒ္ဓဘာသာက ပြည်ပကလူတွေအတွက် သရုပ်ပြဖို့အတွက်သာဖြစ်တယ်လို့ ထောက်ပြထားပါတယ်။
ပြည်တွင်းစစ်ကြားက ကျောင်းဖွင့်ချိန်,"Sun, 26 May 2024 02:49:49 GMT",https://www.bbc.com/burmese/articles/c888397w6n9o#0,https://www.bbc.com/burmese/articles/c888397w6n9o,၂၀၂၄-၂၀၂၅ ပညာသင်နှစ်အတွက် ကျောင်းအပ်ချိန်မှာတော့ စစ်ကောင်စီရဲ့ စာသင်ကျောင်းတွေမှာ ကျောင်းအပ်သူတွေပိုများလာပါတယ်။ NUG ရဲ့ ကြားကာလပညာသင်ကျောင်းတွေလည်း အခက်ခဲကြားကနေ ဖွင့်နိုင်ဖို့ ကြိုးစားနေကြပါတယ်။
အီရန်သမ္မတ သေဆုံးမှု - နိုင်ငံကို အဓိကအုပ်ချုပ်နေတာ ဘယ်သူလဲ,"Mon, 20 May 2024 16:03:03 GMT",https://www.bbc.com/burmese/articles/crggx602z64o#1,https://www.bbc.com/burmese/articles/crggx602z64o,အီရန်နိုင်ငံဟာ နိုင်ငံအဆင့်ရွေးကောက်ပွဲကို လာမယ့် ရက်ပေါင်း ၅၀ အတွင်း ကျင်းပရတော့မှာဖြစ်ပါတယ်။ ဒါပေမဲ့ နိုင်ငံ့သမ္မတတစ်ဦး သေဆုံးမှုဟာ အီရန်မှာ နိုင်ငံရေးလေဟာနယ်တစ်ခုကိုတော့ ဖန်တီး ပေါ်ပေါက်လာနိုင်ခြေမရှိနေပါဘူး။
စစ်ကောင်စီလက်အောက် နှုတ်ပိတ်ခံနေရတဲ့ မြန်မာရှေ့နေတွေ,"Thu, 16 May 2024 14:30:24 GMT",https://www.bbc.com/burmese/articles/cv2xvq25l4po#3,https://www.bbc.com/burmese/articles/cv2xvq25l4po,“လုပ်ထုံးလုပ်နည်းအရဆို ဘားကောင်စီတို့ တရားလွှတ်တော်တို့မှာ လိုင်စင်ရုပ်ခံရတဲ့ ရှေ့နေဘက်ကပြန်ပြီး ပြန်လည်ခုခံပိုင်ခွင့်ရှိတယ်။ အခုက အမိန့်ကြေညာစာနဲ့ကို လိုင်စင်ပြန်အပ်ဖို့ပြောတာ။ စစ်ဆေးတာ အပြန်လှန် ကြားနာတာမရှိဘဲ လိုင်စင်နံပါတ် ဘယ်သူဟာ ဘယ်လောက်ထောင်ကျခံရလို့ ဘယ်နေ့နောက်ဆုံးထား လိုင်စင်လာအပ်ပါလို့ ပြောတာ”- တရားလွှတ်တော်ရှေ့နေတစ်ဦး
ရခိုင်စစ်ရေး ဘယ်ကို ဦးတည်နေလဲ - ဘူးသီးတောင်အပါအဝင် ရခိုင်မြောက်ပိုင်း အခြေအနေတွေ အပေါ် ဆန်းစစ်ခြင်း,"Mon, 27 May 2024 15:37:07 GMT",https://www.bbc.com/burmese/articles/c044zde7xm4o#0,https://www.bbc.com/burmese/articles/c044zde7xm4o,ရခိုင်စစ်ရေး ပြင်းထန်မှုကို အနီးကပ် ဆန်းစစ်နေတယ်လို့ ကုလ ယန္တရားအဖွဲ့ IIMM ထုတ်ပြန်
မြန်မာအကျဉ်းထောင်တွေထဲက ဆန္ဒပြပွဲတွေ  ပစ်ခတ်ဖြိုခွဲမှုတွေဆီ ဦးတည်လာသလား  ,"Mon, 27 May 2024 11:22:02 GMT",https://www.bbc.com/burmese/articles/clke4231vyjo#0,https://www.bbc.com/burmese/articles/clke4231vyjo,မြန်မာအကျဥ်းထောင်တွေထဲက နိုင်ငံရေးအကျဥ်းသားတွေအပါအဝင် အခြားအကျဥ်းသားတွေရဲ့ ထောင်တွင်းအခွင့်အရေးဆန္ဒပြတောင်းဆိုမှုတွေကို ထောင်အာဏာပိုင်တွေဘက်က အကြမ်းဖက်ဖြိုခွင်းတာတွေဘက်ကို ဦးတည်လာနေတယ်လို့ အဲဒီအကျဥ်းသားတွေအရေးလှုပ်ရှားဆောင်ရွက်နေသူတွေက ဘီဘီစီကို ပြောပါတယ်။
အိန္ဒိယလှူတဲ့နှလုံးသားနဲ့အသက်ရှင်သန်ခွင့်ရသူ ပါကစ္စတန်အမျိုးသမီးငယ် ,"Mon, 27 May 2024 07:28:31 GMT",https://www.bbc.com/burmese/articles/cneezpprl1wo#0,https://www.bbc.com/burmese/articles/cneezpprl1wo,ပါကစ္စတန် ဆယ်ကျော်သက် အာယီရှာ ရာရှိဒ်ဟာ  အိန္ဒိယကို နယ်စပ်ဖြတ်ကျော်ပြီး နှလုံးအစားထိုးကုသမှု မခံယူခင်တုန်းကဆိုရင် အသက်ကိုခြိမ်းခြောက်လုနီးဖြစ်ခဲ့တဲ့နှလုံးရောဂါကို ကုသမှုခံယူခဲ့ရသူဖြစ်ပါတယ်။ လက်ရှိမှာ သူမဟာ နှလုံးအစားထိုးကုသမှုခံယူရာကနေ နလန်ပြန်ထူဖို့ မိခင်ဖြစ်သူနဲ့အတူ ချိန်နိုင်းမြို့မှာ ရှိနေဆဲဖြစ်ပါတယ်။ သူမရဲ့ အစားထိုးခွဲစိတ်ကုသမှုခံယူမှုဟာ အိန္ဒိယမှာ အစားထိုးကုသခံယူမှုတွေထဲ ဝေဖန်မှုအခံရဆုံး ကုသမှုတွေထဲက တစ်ခုဖြစ်ခဲ့ပါတယ်။ ပါကစ္စတန် ဆယ်ကျော်သက် အာယီရှာ ရာရှိဒ်ဟာ  အိန္ဒိယကို နယ်စပ်ဖြတ်ကျော်ပြီး နှလုံးအစားထိုးကုသမှု မခံယူခင်တုန်းကဆိုရင် အသက်ကိုခြိမ်းခြောက်လုနီးဖြစ်ခဲ့တဲ့နှလုံးရောဂါကို ကုသမှုခံယူခဲ့ရသူဖြစ်ပါတယ်။ လက်ရှိမှာ သူမဟာ နှလုံးအစားထိုးကုသမှုခံယူရာကနေ နလန်ပြန်ထူဖို့ မိခင်ဖြစ်သူနဲ့အတူ ချိန်နိုင်းမြို့မှာ ရှိနေဆဲဖြစ်ပါတယ်။ သူမရဲ့ အစားထိုးခွဲစိတ်ကုသမှုခံယူမှုဟာ အိန္ဒိယမှာ အစားထိုးကုသခံယူမှုတွေထဲ ဝေဖန်မှုအခံရဆုံး ကုသမှုတွေထဲက တစ်ခုဖြစ်ခဲ့ပါတယ်။
 နှစ်သုံးရာက ကိုလံဘီယာ ရတနာသင်္ဘောပျက် ရှာဖွေမှု စတင်,"Sun, 26 May 2024 16:19:43 GMT",https://www.bbc.com/burmese/articles/cp00qp80qlmo#0,https://www.bbc.com/burmese/articles/cp00qp80qlmo,ဒီသင်္ဘော တိုက်ခိုက်ခံရချိန်က  အဖိုးတန် ပစ္စည်းတွေ အများကြီး သယ်ဆောင် သွားပြီး ပင်လယ်အောက်မှာ ပျောက်နေတဲ့ ရတနာသိုက်တွေထဲမှာ အကြီးဆုံးတခု ဖြစ်
နေပြည်တော်တိုင်းမှူးအပါအဝင် ဗိုလ်ချုပ် ၅ ဦး ဖယ်ရှားခံရ,"Tue, 28 May 2024 14:05:14 GMT",https://www.bbc.com/burmese/articles/cljj4lz1nrdo#0,https://www.bbc.com/burmese/articles/cljj4lz1nrdo,နေပြည်တော်တိုင်းစစ်ဌာနချုပ်တိုင်းမှူး ဗိုလ်ချုပ်စောသန်းလှိုင် နဲ့ လက်ရုံးတပ် ညွှန်ကြားရေးမှူး ဗိုလ်ချုပ် လေးဦး အရန်အင်အားကို ပို့ဆောင်ခံရတယ်လို့ စစ်ရုံးနဲ့ နီးစပ်တဲ့ သတင်းအရင်းအမြစ်တွေက ဘီဘီစီကိုပြောပါတယ်။
ဂါဇာစစ်ပွဲ- နိုင်ငံတကာ ကန့်ကွက်မှုတွေနဲ့ ICJ ရဲ့ တားမြစ်မိန့်ကြားကပဲ ရာဖာမြို့ထဲထိ အစ္စရေး မြေပြင်တပ်တွေ  ဝင်ရောက်လာ,"Tue, 28 May 2024 14:59:17 GMT",https://www.bbc.com/burmese/articles/c3ggmgnlrero#0,https://www.bbc.com/burmese/articles/c3ggmgnlrero,ရာဖာတစ်မြို့လုံးကို လက်နက်ကြီးတွေနဲ့ ပစ်ခတ်ပြီး မြို့အချက်အခြာနေရာတွေကို အစ္စရေး သံချပ်ကာတပ်တွေ ဝင်ရောက်လာ
ပါလက်စတိုင်းကို နိုင်ငံတစ်ခုအဖြစ် နိုင်ငံတချို့က ဘာလို့ အသိအမှတ်မပြုတာလဲ,"Tue, 28 May 2024 05:53:08 GMT",https://www.bbc.com/burmese/articles/cxeexkrrkmzo#0,https://www.bbc.com/burmese/articles/cxeexkrrkmzo,ပါလက်စတိုင်းအာဏာပိုင်အဖွဲ့ဟာ ကုလသမဂ္ဂမှာ လေ့လာသူအဖြစ် ၂၀၁၂ ခုနှစ်ကတည်းက ပါဝင်ခွင့်ရထားပါတယ်။ စပိန်၊ နော်ဝေနဲ့ အိုင်ယာလန်နိုင်ငံတို့ဟာ ပါလက်စတိုင်းကို မေလ ၂၈ ရက်မှာ နိုင်ငံတစ်နိုင်ငံအနေနဲ့ အသိအမှတ်ပြုမယ်လို့ မေလ ၂၂ ရက်တုန်းက ကြေညာထားပါတယ်။
ရခိုင်စစ်ရေး ဘယ်ကိုဦးတည်နေလဲ - ဘူးသီးတောင်အပါအဝင် ရခိုင်မြောက်ပိုင်း အခြေအနေတွေအပေါ် ဆန်းစစ်ခြင်း,"Mon, 27 May 2024 15:37:07 GMT",https://www.bbc.com/burmese/articles/c044zde7xm4o#0,https://www.bbc.com/burmese/articles/c044zde7xm4o,ရခိုင်စစ်ရေး ပြင်းထန်မှုကို အနီးကပ် ဆန်းစစ်နေတယ်လို့ ကုလ ယန္တရားအဖွဲ့ IIMM ထုတ်ပြန်
မြန်မာပြည်က မသိတဲ့ အမေရိကန်က မြန်မာဘိက္ခုနီ,"Wed, 22 May 2024 16:31:43 GMT",https://www.bbc.com/burmese/articles/clezewjw9wjo#1,https://www.bbc.com/burmese/articles/clezewjw9wjo, အမေရိကန်မှာ သာမဏေပြုပြီး သီရိလင်္ကာမှာ ပဉ္စင်းတက်ခဲ့တဲ့  တပါးတည်းသော မြန်မာဘိက္ခုနီ  ဒေါ်ဂုဏစာရီ
‘‘ကျွန်တော့်သားဆို နောက်ခုံ ၂ တန်းအထိ လွင့်သွားတယ်’’ - စင်္ကာပူလေကြောင်းလိုင်းခရီးသည်,"Wed, 22 May 2024 11:57:24 GMT",https://www.bbc.com/burmese/articles/cq55w9d12pxo#1,https://www.bbc.com/burmese/articles/cq55w9d12pxo,"မြန်မာနိုင်ငံတောင်ပိုင်းကောင်းကင် လေထု ပေ ၃၇,၀၀၀ အမြင့်ကနေ ပျံသန်းနေတုန်း ပြင်းထန်တဲ့လေထုတွင်းမငြိမ်သက်မှုကို ကြုံခဲ့ရတဲ့ စင်္ကာပူ လေကြောင်းလိုင်း လေယာဥ် SQ321 ပေါ်က ခရီးသည်တွေဟာ သူတို့ကိုယ်တိုင် မြင်တွေ့ ကြုံတွေ့ခဲ့ရတာတွေကို ထုတ်ပြောလာကြပါတယ်။"
ဝေဟင်မှာ လေယာဉ်တွေ ကြုံရတတ်တဲ့ လေထုမငြိမ်သက်မှု ဘာ့ကြောင့် ဖြစ်ရတာလဲ,"Wed, 22 May 2024 13:56:13 GMT",https://www.bbc.com/burmese/articles/c3gge4xeypno#1,https://www.bbc.com/burmese/articles/c3gge4xeypno,လေထုမငြိမ်သက်မှုအများစုဟာ လေတိုက်မှု အတက်အကျများတဲ့ တိမ်ထုထဲမှာ ဖြစ်လေ့ ရှိတယ်လို့ ဘီဘီစီ မိုးလေဝသဌာနက ဆိုင်မွန် ကင်း က ပြောပါတယ်။
ကမ္ဘာအနှံ့ပျံ့တဲ့ အိန္ဒိယဟင်းခတ်အမွှေးအကြိုင်နဲ့ပတ်သက်ပြီး လူတွေရဲ့စိုးရိမ်ချက်က  ဘာလဲ,"Wed, 22 May 2024 07:57:32 GMT",https://www.bbc.com/burmese/articles/cw59ygl1226o#1,https://www.bbc.com/burmese/articles/cw59ygl1226o,အိန္ဒိယ ဟင်းခတ်အမွှေးအကြိုင် တချို့မှာ ကင်ဆာဖြစ်စေတတ်တဲ့ ပိုးသတ်ဆေးတွေ တွေ့ခဲ့အပြီး နိုင်ငံအတော်များများမှာ ပိတ်ပင်လိုက်ပါတယ်။
ဒုဗိုလ်မှူးကြီးကျော်ဇောရဲ - စစ်ခေါင်းဆောင် နဲ့ ရုရှားကြားက အချိတ်အဆက်,"Sat, 18 May 2024 08:13:04 GMT",https://www.bbc.com/burmese/articles/ce43q70xqr9o#3,https://www.bbc.com/burmese/articles/ce43q70xqr9o,မြန်မာစစ်တပ်ရဲ့ ရုရှားပြန်တွေထဲက အထူးချွန်ဆုံးထဲမှာ ပါဝင်သူ ဒုတိယဗိုလ်မှူးကြီးကျော်ဇောရဲဟာ ဒေါ်လာသန်းချီတန်တဲ့ စစ်လက်နက်ပစ္စည်းဝယ်ယူထုတ်လုပ်မှုနဲ့ပတ်သက်လို့ စစ်ခေါင်းဆောင် ဗိုလ်ချုပ်မှူးကြီးမင်းအောင်လှိုင်ကို အကြံပြုနေရသူတစ်ဦး ဖြစ်နေပါတယ်။
မြန်မာစစ်တပ်ရဲ့ တပ်ရင်း၊ဌာနချုပ်တွေဆုံးရှုံးမှု နဲ့ စစ်ရေးမျှခြေ အပြောင်းအလဲ,"Wed, 29 May 2024 09:39:28 GMT",https://www.bbc.com/burmese/articles/c2559xg9dlwo#0,https://www.bbc.com/burmese/articles/c2559xg9dlwo,"လွန်ခဲ့တဲ့ ခုနှစ်လ အတွင်း မြန်မာစစ်တပ်ရဲ့ တပ်ရင်း၊ဌာနချုပ် ၈၀ ကျော် အထိ လက်လွှတ်ဆုံးရှုံးခဲ့ရပါတယ်။ တပ်ရင်း၊ဌာနချုပ် ဆိုတာ ရှေ့တန်းစခန်း၊ လုံခြုံရေးစခန်း နဲ့ ခံစစ်စခန်းတွေလို မဟုတ်
ဘဲ ရုံးဌာနချုပ်၊ ဗဟိုကင်း၊ လက်နက်တိုက်၊ ရိပ်သာ၊အရာရှိနေအိမ်၊ မိသားစုအိမ်ထောင်သည်လိုင်း၊ စစ်ရေးပြကွင်း၊ အားကစားကွင်းစတဲ့ အခိုင်အမာအဆောက်အအုံတွေ ပါပါတယ်။"
ဒေါ်လာ၊ ရွှေဈေးနှုန်းတွေ ဘာကြောင့်တရှိန်ထိုးတက်လာရတာလဲ,"Wed, 29 May 2024 13:56:27 GMT",https://www.bbc.com/burmese/articles/cy99vj3z1q5o#0,https://www.bbc.com/burmese/articles/cy99vj3z1q5o,ဆယ်ရက်အတွင်း မြန်မာ့ရွှေဈေး ငွေကျပ် ၁၀ သိန်းနီးပါးခုန်တက်လာပြီး နိုင်ငံငွေလဲလှယ်နှုန်းတွေလည်း နာရီနဲ့အမျှ တရိပ်ရိပ်ထိုးတက်လာနေပါတယ်။
မြောက်ကိုရီးယား လွှတ်တင်တဲ့ အညစ်အကြေးအထုပ်တွေ သယ်ထားတဲ့  မိုးပျံပူဖောင်းတွေ တောင်ကိုရီးယားထဲ ကျရောက်,"Wed, 29 May 2024 14:31:29 GMT",https://www.bbc.com/burmese/articles/c100mqdml1eo#0,https://www.bbc.com/burmese/articles/c100mqdml1eo,အဖြူရောင် ပူဖောင်းတွေ၊ ပလတ်စတစ်အိတ်တွေကို တွေ့ရင် သွားပြီး ကိုင်တွယ်တာမျိုး မလုပ်ဖို့ တောင်ကိုရီးယား စစ်တပ် သတိပေး
သေဆုံးခါနီးလူတွေ နောက်ဆုံးထွက်သက်မတိုင်ခင် ဘာတွေမြင်လေ့ရှိလဲ,"Wed, 29 May 2024 14:17:19 GMT",https://www.bbc.com/burmese/articles/cll454m6v5qo#0,https://www.bbc.com/burmese/articles/cll454m6v5qo,ဒေါက်တာ ခရစ္စတိုဖာ ခါးရ်ဟာ သေဆုံးခါနီးအတွေ့အကြုံတွေကို လေ့လာနေတဲ့ကမ္ဘာ့ဦးဆောင် သုတေသီတွေထဲက တစ်ဦးဖြစ်ပါဝယ်။ သေဆုံးခါနီးလူနာတွေ မြင်လာတတ်တဲ့အမြင်တွေ၊ အဲဒါတွေရဲ့အဓိပ္ပာယ်နဲ့ လူနာအတွက်ရော၊ မိသားစုတွေအတွက်ပါ သက်ရောက်မှုတွေရှိတဲ့အကြောင်း သူက ဘီဘီစီကို ပြောပြထားပါတယ်။
ဂါဇာစစ်ပွဲ - ICJ နဲ့ နိုင်ငံတကာရဲ့ တားမြစ် ကန့်ကွက်မှုတွေရှိပေမဲ့ ရာဖာမြို့ထဲထိ အစ္စရေးတပ်တွေဝင်လာ,"Tue, 28 May 2024 14:59:17 GMT",https://www.bbc.com/burmese/articles/c3ggmgnlrero#0,https://www.bbc.com/burmese/articles/c3ggmgnlrero,ရာဖာတစ်မြို့လုံးကို လက်နက်ကြီးတွေနဲ့ ပစ်ခတ်ပြီး မြို့အချက်အခြာနေရာတွေကို အစ္စရေး သံချပ်ကာတပ်တွေ ဝင်ရောက်လာ
သီလရှင်မရှိတဲ့ မြောက်ကိုရီးယားက ဗုဒ္ဓသာသနာ,"Sun, 26 May 2024 04:23:48 GMT",https://www.bbc.com/burmese/articles/cxeenrvnr8mo#1,https://www.bbc.com/burmese/articles/cxeenrvnr8mo,“ဗုဒ္ဓမွေးနေ့ကို ကျင်းပတယ်” လို့ ဆိုပေမယ့် မြောက်ကိုရီးယားရဲ့ ဗုဒ္ဓဘာသာက ပြည်ပကလူတွေအတွက် သရုပ်ပြဖို့အတွက်သာဖြစ်တယ်လို့ ထောက်ပြထားပါတယ်။
ပြည်တွင်းစစ်ကြားက ကျောင်းဖွင့်ချိန်,"Sun, 26 May 2024 02:49:49 GMT",https://www.bbc.com/burmese/articles/c888397w6n9o#1,https://www.bbc.com/burmese/articles/c888397w6n9o,၂၀၂၄-၂၀၂၅ ပညာသင်နှစ်အတွက် ကျောင်းအပ်ချိန်မှာတော့ စစ်ကောင်စီရဲ့ စာသင်ကျောင်းတွေမှာ ကျောင်းအပ်သူတွေပိုများလာပါတယ်။ NUG ရဲ့ ကြားကာလပညာသင်ကျောင်းတွေလည်း အခက်ခဲကြားကနေ ဖွင့်နိုင်ဖို့ ကြိုးစားနေကြပါတယ်။
ရိုဟင်ဂျာ လူမျိုးတုံးသတ်ဖြတ်မှု စွပ်စွဲချက်နဲ့ အိုင်စီဂျေ တရားရုံး - ရက်စွဲမှတ်တမ်း,"Thu, 23 May 2024 16:42:28 GMT",https://www.bbc.com/burmese/articles/cv2dg7gpvrgo#1,https://www.bbc.com/burmese/articles/cv2dg7gpvrgo,မြန်မာကို အိုင်စီဂျေမှာ တရားစွဲမှု ဘယ်လို စတင်ဖြစ်ပေါပြီး ဘယ်လိုဆက်လက်ကြားနာစစ်ဆေးခဲ့ကြလဲ။
ရခိုင်ပြည်နယ် တဝက်ကို အေအေသိမ်းချိန် စစ်တပ်က စစ်တွေကနေ သံတွဲကို ဆုတ်ခွာသွားနိုင်ခြေရှိလား,"Sun, 19 May 2024 10:16:01 GMT",https://www.bbc.com/burmese/articles/cy638zp4dewo#3,https://www.bbc.com/burmese/articles/cy638zp4dewo,အာရက္ခတပ်တော်(အရင်က ရက္ခိုင်တပ်တော် -အေအေ)ဟာ စစ်ကောင်စီတပ်နဲ့တိုက်ပွဲတွေအတွင်း  ချင်းပြည်နယ်ထဲက ပလက်ဝမြို့နယ် အပါအဝင် ရခိုင်ပြည်နယ်ထဲက မြို့နယ် ၉ မြို့နယ်အထိ သိမ်းပိုက်ထားနိုင်ပြီဖြစ်ပါတယ်။ ရခိုင်ပြည်နယ်ထဲက တိုက်ပွဲတွေ နှစ်တဝက်ကျိုးလာချိန်မှာ စစ်ကောင်စီတပ်ဟာ စစ်တွေကနေ သံတွဲမြို့ဆီကို စုဖွဲ့ဖြန့်ကြက်မှုတွေ အပြောင်းအလဲ လုပ်လာနိုင်ခြေရှိပါသလား။ ဘီဘီစီအထူးဆောင်းပါးမှာ ဆက်လက်ဖတ်ရှုပါ။
လပေါ်  လမ်းလျှောက်နိုင်မယ့်သူ နောက်တစ်ဦးက ဘယ်သူဖြစ်မလဲ,"Sun, 19 May 2024 13:06:47 GMT",https://www.bbc.com/burmese/articles/ce9r9n6l7zqo#3,https://www.bbc.com/burmese/articles/ce9r9n6l7zqo,ကမ္ဘာ့လူဦးရေအများဆုံး သုံးနိုင်ငံဟာ လကမ္ဘာပေါ် လူသားတွေပို့နိုင်ဖို့ သူတို့ရဲ့ စွမ်းဆောင်ရည်တွေ အစွမ်းကုန်ထုတ်သုံးပြီး ကြိုးစားနေကြပါတယ်။ ဘာလို့ အာကာသစီမံကိန်းတွေ အတွက် ဒေါ်လာသန်းနဲ့ချီရင်းနှီးမြှုပ်နှံနေကြတာလဲ၊ ဒါကနေ သူတို့ဘာတွေမျှော်လင့်နေကြတာလဲ။
ပြည်ပအလှူရှင်တွေကို အားထားလာရတဲ့ စစ်ရှောင်ကူညီသူတွေ,"Thu, 30 May 2024 12:46:00 GMT",https://www.bbc.com/burmese/articles/cy00xgen83xo#0,https://www.bbc.com/burmese/articles/cy00xgen83xo,ကူညီသူတွေရဲ့ ပတ်ဝန်းကျင်မှာရှိတဲ့ စစ်ကောင်စီထောက်ခံသူတွေက စောင့်ကြည့်လာတာ၊ ဒစ်ဂျစ်တယ်ပိုက်ဆံလွှဲစနစ်တွေဖြစ်တဲ့ Kpay တွေ၊ Wave တွေကိုပါ ပိတ်သိမ်းတဲ့အထိဖြစ်လာတာ၊ စီးပွား‌ရေးခက်ခဲလာတာတွေကြောင့် ပြည်တွင်းကစစ်ရှောင်တွေကို ပြည်တွင်းကသူတွေမကူညီနိုင်တော့တဲ့ အခြေအနေဖြစ်လာတယ်လို့ ပြောကြပါတယ်။
ဟောင်ကောင်တရားရုံးတစ်ရုံးက အဆုံးအဖြတ်ပေးမယ့်တက်ကြွလှုပ်ရှားသူ ၄၇ ဦးရဲ့ကံကြမ္မာ,"Thu, 30 May 2024 05:07:13 GMT",https://www.bbc.com/burmese/articles/cd11ezzr71ro#0,https://www.bbc.com/burmese/articles/cd11ezzr71ro,အငြင်းပွားဖွယ် အမျိုးသားလုံခြုံရေးဥပဒေအောက်မှာ အဖျက်အမှောင့်လုပ်မှုနဲ့ တရားစွဲခံရတဲ့ ဟောင်ကောင် တက်ကြွလှုပ်ရှားသူ ၄၇ ဦးထဲမှာ ဂျိုရှုဝါ ဝဝေါင်းနဲ့ ဘန်နီတိုင်တို့လည်း ပါဝင်ပါတယ်။
အမှိုက်ထုပ်တွေကို မိုးပျံပူဖောင်းတွေမှာ ချိတ်ပြီး တောင်ကိုရီးယားထဲကို ပြုံယမ်းဘက်ကပို့,"Thu, 30 May 2024 02:28:37 GMT",https://www.bbc.com/burmese/articles/c100mqdml1eo#0,https://www.bbc.com/burmese/articles/c100mqdml1eo,အဖြူရောင် ပူဖောင်းတွေ၊ ပလတ်စတစ်အိတ်တွေကို တွေ့ရင် သွားပြီး ကိုင်တွယ်တာမျိုး မလုပ်ဖို့ တောင်ကိုရီးယား စစ်တပ်သတိပေး
အနာကြီးရောဂါ ပြန်ခေါင်းထောင်လာနိုင်မလား,"Fri, 31 May 2024 10:46:50 GMT",https://www.bbc.com/burmese/articles/crggkey402xo#0,https://www.bbc.com/burmese/articles/crggkey402xo,စစ်အာဏာသိမ်းသုံးနှစ်ကျော်ကာလအတွင်း အနာကြီးရောဂါသည်တွေ စစ်ပြေး ရှောင်ရတာ၊ ရောဂါကန်လာလို့ သောက်သုံးရတဲ့ဆေးဝါးတွေမလုံလောက်တဲ့အခါ ကိုယ်ခန္ဓာချို့ယွင်း သူဦးရေ တိုးလာတာနဲ့ အနာကြီးရောဂါကုသပေးနိုင်တဲ့ ဆေးရုံဆေးခန်းနည်းပါးလာတာဟာ အဓိက စိုးရိမ်ချက် (၃) ချက်ဖြစ်လာပါတယ်။
ဆေးလိပ် - ဘယ်နိုင်ငံတွေမှာဆေးလိပ်သောက်တာကိုတားမြစ်ထားလဲ။ဘယ်လောက်အလုပ်ဖြစ်လဲ,"Fri, 31 May 2024 11:14:24 GMT",https://www.bbc.com/burmese/articles/cljj36081zgo#0,https://www.bbc.com/burmese/articles/cljj36081zgo,မေလ ၃၁ ရက်က ကမ္ဘာ့ဆေးလိပ်မသောက်ရေးနေ့ဖြစ်ပြီး ကမ္ဘာတဝန်းကျန်းမာရေးအဖွဲ့အစည်း‌တွေကတော့ ဆေးလိပ်သောက်တာကို နိုင်ငံအလိုက်တားမြစ်ဖို့ဆက်ပြီးဆော်သြနေပါတယ်။ ဆေးလိပ်သောက်တာကိုတားမြစ်ထားတဲ့နိုင်ငံတွေကရော တကယ်အလုပ်ဖြစ်ခဲ့လား။
ဟောင်ကောင်တရားရုံးက ဒီမိုကရေစီလှုပ်ရှားသူ ၁၄ ယောက်ကို နိုင်ငံတော် ဖျက်ဆီးမှုနဲ့ အပြစ်ရှိကြောင်း ဆုံးဖြတ်,"Thu, 30 May 2024 16:13:15 GMT",https://www.bbc.com/burmese/articles/c722ezjl0l2o#0,https://www.bbc.com/burmese/articles/c722ezjl0l2o,ဟောင်ကောင်ရဲ့ ဒီမိုကရေစီ အရေး၊ ဥပဒေရေး တို့အတွက် အရေးကြီးတဲ့  အမှုကိစ္စအဖြစ် နိုင်ငံတကာက အာရုံစိုက် စောင့်ကြည့် နေ
သူရဦးတင်ဦး၊ NLD နာယကနဲ့ တပ်ချုပ်ဟောင်း,"Sat, 01 Jun 2024 08:42:26 GMT",https://www.bbc.com/burmese/articles/c72gnd72rv2o#0,https://www.bbc.com/burmese/articles/c72gnd72rv2o,ဗိုလ်ချုပ်ကြီးတင်ဦး သက်တော်ရာကျော်ရှည်ပါစေလို့ ကြွေးကြော်ခံရတာ ဘာကြောင့်လဲနဲ့ သူ့ရဲ့ ဘဝမျက်နှာစာများ
ဇွန် ၁ ရက် နိုင်ငံတဝန်း သတင်းအနှစ်ချုပ် - သူရဦးတင်ဦး ကွယ်လွန်,"Sat, 01 Jun 2024 10:08:03 GMT",https://www.bbc.com/burmese/articles/cqvv45e4yqwo#0,https://www.bbc.com/burmese/articles/cqvv45e4yqwo,အမျိုးသားဒီမိုကရေစီအဖွဲ့ချုပ်(နာယက) သူရဦးတင်ဦး ဇွန် ၁ ရက် မနက်ပိုင်းမှာ ကွယ်လွန်သွားခဲ့ပြီလို့ မိသားစုနဲ့ နီးစပ်တဲ့ အသိုင်းအဝိုင်းက သိရပါတယ်။
တရုတ်-အမေရိကန် ထိပ်တိုက်တွေ့ကြတဲ့ ရှန်ဂရီလာ လုံခြုံရေး ညီလာခံ,"Sat, 01 Jun 2024 15:12:31 GMT",https://www.bbc.com/burmese/articles/cmll0nlx87go#0,https://www.bbc.com/burmese/articles/cmll0nlx87go,အာရှ ပစိဖိတ် ဒေသမှာ နေးတိုးလို စစ်ရေးအုပ်စု ထူထောင်ဖို့ အမေရိကန် လုပ်နေတယ် ဆိုပြီး တရုတ် စွပ်စွဲ
အမေရိကန်လက်နက်တွေကို သုံးပြီး ရုရှားပိုက်နက်ထဲက နေရာတချို့မှာ ယူကရိန်း တိုက်ခိုက်ခွင့်ရလာ,"Fri, 31 May 2024 16:40:35 GMT",https://www.bbc.com/burmese/articles/ck77xprm8k1o#0,https://www.bbc.com/burmese/articles/ck77xprm8k1o,ခါကိဗ်နဲ့ကပ်ရက် နယ်ခြား နေရာတွေ တလွှားမှာ သူတို့ပေးတဲ့ လက်နက်တွေသုံးပြီး ရုရှားဘက်ခြမ်းထဲ တိုက်ခိုက်နိုင်တယ်လို့ အမေရိကန် ခွင့်ပြု
ပါလက်စတိုင်းကို နိုင်ငံတစ်ခုအဖြစ် နိုင်ငံတချို့က ဘာလို့ အသိအမှတ်မပြုတာလဲ,"Tue, 28 May 2024 05:53:08 GMT",https://www.bbc.com/burmese/articles/cxeexkrrkmzo#1,https://www.bbc.com/burmese/articles/cxeexkrrkmzo,ပါလက်စတိုင်းအာဏာပိုင်အဖွဲ့ဟာ ကုလသမဂ္ဂမှာ လေ့လာသူအဖြစ် ၂၀၁၂ ခုနှစ်ကတည်းက ပါဝင်ခွင့်ရထားပါတယ်။ စပိန်၊ နော်ဝေနဲ့ အိုင်ယာလန်နိုင်ငံတို့ဟာ ပါလက်စတိုင်းကို မေလ ၂၈ ရက်မှာ နိုင်ငံတစ်နိုင်ငံအနေနဲ့ အသိအမှတ်ပြုမယ်လို့ မေလ ၂၂ ရက်တုန်းက ကြေညာထားပါတယ်။
ရခိုင်စစ်ရေး ဘယ်ကိုဦးတည်နေလဲ - ဘူးသီးတောင်အပါအဝင် ရခိုင်မြောက်ပိုင်း အခြေအနေတွေအပေါ် ဆန်းစစ်ခြင်း,"Mon, 27 May 2024 15:37:07 GMT",https://www.bbc.com/burmese/articles/c044zde7xm4o#1,https://www.bbc.com/burmese/articles/c044zde7xm4o,ရခိုင်စစ်ရေး ပြင်းထန်မှုကို အနီးကပ် ဆန်းစစ်နေတယ်လို့ ကုလ ယန္တရားအဖွဲ့ IIMM ထုတ်ပြန်
မြန်မာအကျဉ်းထောင်တွေထဲက ဆန္ဒပြပွဲတွေ  ပစ်ခတ်ဖြိုခွဲမှုတွေဆီ ဦးတည်လာသလား  ,"Mon, 27 May 2024 11:22:02 GMT",https://www.bbc.com/burmese/articles/clke4231vyjo#1,https://www.bbc.com/burmese/articles/clke4231vyjo,မြန်မာအကျဥ်းထောင်တွေထဲက နိုင်ငံရေးအကျဥ်းသားတွေအပါအဝင် အခြားအကျဥ်းသားတွေရဲ့ ထောင်တွင်းအခွင့်အရေးဆန္ဒပြတောင်းဆိုမှုတွေကို ထောင်အာဏာပိုင်တွေဘက်က အကြမ်းဖက်ဖြိုခွင်းတာတွေဘက်ကို ဦးတည်လာနေတယ်လို့ အဲဒီအကျဥ်းသားတွေအရေးလှုပ်ရှားဆောင်ရွက်နေသူတွေက ဘီဘီစီကို ပြောပါတယ်။
အိန္ဒိယလှူတဲ့နှလုံးသားနဲ့အသက်ရှင်သန်ခွင့်ရသူ ပါကစ္စတန်အမျိုးသမီးငယ် ,"Mon, 27 May 2024 07:28:31 GMT",https://www.bbc.com/burmese/articles/cneezpprl1wo#1,https://www.bbc.com/burmese/articles/cneezpprl1wo,ပါကစ္စတန် ဆယ်ကျော်သက် အာယီရှာ ရာရှိဒ်ဟာ  အိန္ဒိယကို နယ်စပ်ဖြတ်ကျော်ပြီး နှလုံးအစားထိုးကုသမှု မခံယူခင်တုန်းကဆိုရင် အသက်ကိုခြိမ်းခြောက်လုနီးဖြစ်ခဲ့တဲ့နှလုံးရောဂါကို ကုသမှုခံယူခဲ့ရသူဖြစ်ပါတယ်။ လက်ရှိမှာ သူမဟာ နှလုံးအစားထိုးကုသမှုခံယူရာကနေ နလန်ပြန်ထူဖို့ မိခင်ဖြစ်သူနဲ့အတူ ချိန်နိုင်းမြို့မှာ ရှိနေဆဲဖြစ်ပါတယ်။ သူမရဲ့ အစားထိုးခွဲစိတ်ကုသမှုခံယူမှုဟာ အိန္ဒိယမှာ အစားထိုးကုသခံယူမှုတွေထဲ ဝေဖန်မှုအခံရဆုံး ကုသမှုတွေထဲက တစ်ခုဖြစ်ခဲ့ပါတယ်။ ပါကစ္စတန် ဆယ်ကျော်သက် အာယီရှာ ရာရှိဒ်ဟာ  အိန္ဒိယကို နယ်စပ်ဖြတ်ကျော်ပြီး နှလုံးအစားထိုးကုသမှု မခံယူခင်တုန်းကဆိုရင် အသက်ကိုခြိမ်းခြောက်လုနီးဖြစ်ခဲ့တဲ့နှလုံးရောဂါကို ကုသမှုခံယူခဲ့ရသူဖြစ်ပါတယ်။ လက်ရှိမှာ သူမဟာ နှလုံးအစားထိုးကုသမှုခံယူရာကနေ နလန်ပြန်ထူဖို့ မိခင်ဖြစ်သူနဲ့အတူ ချိန်နိုင်းမြို့မှာ ရှိနေဆဲဖြစ်ပါတယ်။ သူမရဲ့ အစားထိုးခွဲစိတ်ကုသမှုခံယူမှုဟာ အိန္ဒိယမှာ အစားထိုးကုသခံယူမှုတွေထဲ ဝေဖန်မှုအခံရဆုံး ကုသမှုတွေထဲက တစ်ခုဖြစ်ခဲ့ပါတယ်။
ကမ္ဘာ့အပူစံချိန်တင်မြန်မာ၊ သစ်ပင်စိုက်ပျိုးမှုနဲ့ ရှင်သန်ခွင့် ရုန်းကန်နေရတဲ့သစ်ပင်တွေ,"Mon, 20 May 2024 10:32:47 GMT",https://www.bbc.com/burmese/articles/ce963335ee1o#3,https://www.bbc.com/burmese/articles/ce963335ee1o,မြန်မာဟာ ပြီးခဲ့တဲ့လအတွင်း ကမ္ဘာ့အပူချိန် စံချိန်တင်မြင့်ခဲ့တဲ့မြို့တွေရှိခဲ့ရာနိုင်ငံတစ်နိုင်ငံဖြစ်သလို မေလလယ်ကျိုးသွားတာတောင် အပူဒဏ်ကို ခံစားနေရဆဲဖြစ်ပါတယ်။ တဖက်မှာလည်း စံချိန်တင် အပူကို တိုက်ဖျက်ဖို့ သစ်ပင်စိုက်ရေး ပြောဆိုတိုက်တွန်းသံတွေ ညံလာပါတယ်။ ပြီးခဲ့တဲ့နှစ်တွေအတွင်း သစ်ပင်စိုက်ပျိုးခဲ့တာတွေ အမှန်တကယ် ဖြစ်ထွန်းပါရဲ့လား။ ဖြစ်ထွန်းအောင် ဘယ်လိုစောင့်ရှောက်သင့်လဲ။
ဒီပဲယင်း၊ တည်တောရွာ ငါးလောင်းပြိုင်သေဆုံးမှုနဲ့ တပ်ရင်းပိတ်ဆို့မှု နောက်ကွယ်အကြောင်းရင်းတွေက ဘာတွေလဲ,"Sun, 02 Jun 2024 14:00:17 GMT",https://www.bbc.com/burmese/articles/cgrrzpge317o#0,https://www.bbc.com/burmese/articles/cgrrzpge317o,စစ်ကိုင်းတိုင်း၊ ဒီပဲယင်းမြို့နယ်၊ တည်တောရွာမှာ မေလ ၂၈ ရက် မနက်ပိုင်းတုန်းက ရွာခံတွေကြား ပစ်ခတ်မှုဖြစ်ခဲ့ပြီးတဲ့နောက် နေအိမ်တစ်လုံးမှာ ပေါက်ကွဲမှုဖြစ်ပြီး လူ ၅ ဦးသေဆုံးခဲ့ပါတယ်။ အဲဒီဖြစ်ရပ်ကြောင့်ပဲ ရွှေဘိုခရိုင်တပ်ရင်း ၁၂ က တည်တောကျေးရွာကို ပိတ်ဆို့ရှာဖွေတာတွေ ပြုလုပ်ခဲ့ပါတယ်။ ပစ်ခတ်ပေါက်ကွဲမှုနဲ့ ပိတ်ဆို့မှု နောက်ကွယ်က အကြောင်းရင်းတွေကို ဝင်ရောက်ဖတ်ရှုနိုင်ပါတယ်။
 ယူကရိန်းစစ် ရှည်ကြာအောင် ရုရှားကို တရုတ်ကူနေတယ်ဆိုပြီး စွပ်စွဲ,"Sun, 02 Jun 2024 15:31:41 GMT",https://www.bbc.com/burmese/articles/cv226v2gzgro#0,https://www.bbc.com/burmese/articles/cv226v2gzgro,ရုရှားလက်နက်တွေထဲမှာ တရုတ်ကလာတာတွေ ပါတယ်ဆိုပြီး  စင်္ကာပူမှာ ကျင်းပတဲ့ ရှန်ဂရီလာ လုံခြုံရေး ဆွေးနွေးပွဲမှာ ဇယ်လန်းစကီး ပြောကြားခဲ့
ဇွန် ၂ ရက် နိုင်ငံတဝန်း သတင်းအနှစ်ချုပ် - ဦးတင်ဦးနာရေးမှာ ဒေါ်အောင်ဆန်းစုကြည်ကပေးပို့တယ်ဆိုတဲ့ လွမ်းသူ့ပန်းခြင်းတွေ့ရ,"Sun, 02 Jun 2024 11:38:21 GMT",https://www.bbc.com/burmese/articles/cv229k2pkjgo#0,https://www.bbc.com/burmese/articles/cv229k2pkjgo,စစ်ကောင်စီပညာရေးဝန်ကြီးဌာန၊ အခြေခံပညာဦးစီးဌာနအောက်မှာ ကျောင်းအပ်နှံတဲ့ကျောင်းသားအရေအတွက် ၆၂ သိန်း ၇ သောင်းကျော် ရှိတဲ့အကြောင်းအပါအဝင် နိုင်ငံတဝန်းထူးခြားသတင်းတွေကို တင်ဆက်ပေးနေပါတယ်။
မင်္ဂလာပွဲကိုငြင်းတဲ့သမီးကိုသတ်ပြီး နှစ်နဲ့ချီထွက်ပြေးသူ မိခင်ကို ရဲဖမ်းမိ,"Sun, 02 Jun 2024 06:43:46 GMT",https://www.bbc.com/burmese/articles/cq55200w597o#0,https://www.bbc.com/burmese/articles/cq55200w597o,ရှာဟင်းနဲ့ သူ့ခင်ပွန်း ရှက်ဘာ အက်ဘာစ်တို့က သူတို့သမီးကို သတ်ဖြတ်ခဲ့တာဖြစ်ပါတယ်။  အကြောင်းက သူတို့စီစဉ်ပေးတဲ့ အိမ်ထောင်ဖက်ကို သမီးဖြစ်သူက ငြင်းပယ်ခဲ့လို့ဖြစ်ပါတယ်။
ဒေါ်လာ၊ ရွှေဈေးနှုန်းတွေ ဘာကြောင့်တရှိန်ထိုးတက်လာရတာလဲ,"Wed, 29 May 2024 13:56:27 GMT",https://www.bbc.com/burmese/articles/cy99vj3z1q5o#1,https://www.bbc.com/burmese/articles/cy99vj3z1q5o,ဆယ်ရက်အတွင်း မြန်မာ့ရွှေဈေး ငွေကျပ် ၁၀ သိန်းနီးပါးခုန်တက်လာပြီး နိုင်ငံငွေလဲလှယ်နှုန်းတွေလည်း နာရီနဲ့အမျှ တရိပ်ရိပ်ထိုးတက်လာနေပါတယ်။
သေဆုံးခါနီးလူတွေ နောက်ဆုံးထွက်သက်မတိုင်ခင် ဘာတွေမြင်လေ့ရှိလဲ,"Wed, 29 May 2024 14:17:19 GMT",https://www.bbc.com/burmese/articles/cll454m6v5qo#1,https://www.bbc.com/burmese/articles/cll454m6v5qo,ဒေါက်တာ ခရစ္စတိုဖာ ခါးရ်ဟာ သေဆုံးခါနီးအတွေ့အကြုံတွေကို လေ့လာနေတဲ့ကမ္ဘာ့ဦးဆောင် သုတေသီတွေထဲက တစ်ဦးဖြစ်ပါဝယ်။ သေဆုံးခါနီးလူနာတွေ မြင်လာတတ်တဲ့အမြင်တွေ၊ အဲဒါတွေရဲ့အဓိပ္ပာယ်နဲ့ လူနာအတွက်ရော၊ မိသားစုတွေအတွက်ပါ သက်ရောက်မှုတွေရှိတဲ့အကြောင်း သူက ဘီဘီစီကို ပြောပြထားပါတယ်။
ရိုဟင်ဂျာ လူမျိုးတုံးသတ်ဖြတ်မှု စွပ်စွဲချက်နဲ့ အိုင်စီဂျေ တရားရုံး - ရက်စွဲမှတ်တမ်း,"Thu, 23 May 2024 16:42:28 GMT",https://www.bbc.com/burmese/articles/cv2dg7gpvrgo#3,https://www.bbc.com/burmese/articles/cv2dg7gpvrgo,မြန်မာကို အိုင်စီဂျေမှာ တရားစွဲမှု ဘယ်လို စတင်ဖြစ်ပေါပြီး ဘယ်လိုဆက်လက်ကြားနာစစ်ဆေးခဲ့ကြလဲ။
မြန်မာပြည်က မသိတဲ့ အမေရိကန်က မြန်မာဘိက္ခုနီ,"Wed, 22 May 2024 16:31:43 GMT",https://www.bbc.com/burmese/articles/clezewjw9wjo#3,https://www.bbc.com/burmese/articles/clezewjw9wjo, အမေရိကန်မှာ သာမဏေပြုပြီး သီရိလင်္ကာမှာ ပဉ္စင်းတက်ခဲ့တဲ့  တပါးတည်းသော မြန်မာဘိက္ခုနီ  ဒေါ်ဂုဏစာရီ
မင်းကင်းက မင်္ဂလာဆောင် ဗုံးကြဲခံရမှု သေဆုံးသူ ၂၉ ဦးရှိ,"Mon, 03 Jun 2024 15:10:53 GMT",https://www.bbc.com/burmese/articles/c6pp75z1q4vo#0,https://www.bbc.com/burmese/articles/c6pp75z1q4vo,စစ်ကိုင်းတိုင်း၊ မင်းကင်းမြို့နယ်၊ မတော‌ကျေးရွာမှာ မင်္ဂလာဆောင် ကျင်းပနေချိန် စစ်ကောင်စီတပ်က ဗုံး ၂ လုံး ကြဲချခဲ့တာကြောင့် သေဆုံးသူ ၂၉ ဦးအထိရှိလာတယ်လို့ မြေပြင်မှာ ကူညီကယ်ဆယ်ရေးလုပ်နေသူတွေက ဘီဘီစီကိုပြောပါတယ်။
ဇိမ်ခံရေမွှေးထုတ်လုပ်မှုမှာ ကလေးလုပ်သားတွေပါနေတာ ဘီဘီစီတွေ့ရှိ,"Mon, 03 Jun 2024 05:01:36 GMT",https://www.bbc.com/burmese/articles/cqvvzp98219o#0,https://www.bbc.com/burmese/articles/cqvvzp98219o,ကမ္ဘာမှာ စံပယ်ပန်းအဆီ တင်ပို့မှုအများဆုံးနိုင်ငံတွေထဲက တစ်နိုင်ငံဖြစ်တဲ့ အီဂျစ်မှာ စံပယ်ပန်း ခူးဆွတ်သူတွေထဲ အသက် ၅ နှစ်အရွယ်ကလေးတောင်ပါနေတယ်ဆိုတာကို ဘီဘီစီက မျက်မြင်တွေ့ခဲ့ရပါတယ်။
မြန်မာစစ်တပ်ရဲ့ တပ်ရင်း၊ဌာနချုပ်တွေဆုံးရှုံးမှု နဲ့ စစ်ရေးမျှခြေ အပြောင်းအလဲ,"Wed, 29 May 2024 09:39:28 GMT",https://www.bbc.com/burmese/articles/c2559xg9dlwo#1,https://www.bbc.com/burmese/articles/c2559xg9dlwo,"လွန်ခဲ့တဲ့ ခုနှစ်လ အတွင်း မြန်မာစစ်တပ်ရဲ့ တပ်ရင်း၊ဌာနချုပ် ၈၀ ကျော် အထိ လက်လွှတ်ဆုံးရှုံးခဲ့ရပါတယ်။ တပ်ရင်း၊ဌာနချုပ် ဆိုတာ ရှေ့တန်းစခန်း၊ လုံခြုံရေးစခန်း နဲ့ ခံစစ်စခန်းတွေလို မဟုတ်
ဘဲ ရုံးဌာနချုပ်၊ ဗဟိုကင်း၊ လက်နက်တိုက်၊ ရိပ်သာ၊အရာရှိနေအိမ်၊ မိသားစုအိမ်ထောင်သည်လိုင်း၊ စစ်ရေးပြကွင်း၊ အားကစားကွင်းစတဲ့ အခိုင်အမာအဆောက်အအုံတွေ ပါပါတယ်။"
ပြည်တွင်းစစ်ကြားက ကျောင်းဖွင့်ချိန်,"Sun, 26 May 2024 02:49:49 GMT",https://www.bbc.com/burmese/articles/c888397w6n9o#3,https://www.bbc.com/burmese/articles/c888397w6n9o,၂၀၂၄-၂၀၂၅ ပညာသင်နှစ်အတွက် ကျောင်းအပ်ချိန်မှာတော့ စစ်ကောင်စီရဲ့ စာသင်ကျောင်းတွေမှာ ကျောင်းအပ်သူတွေပိုများလာပါတယ်။ NUG ရဲ့ ကြားကာလပညာသင်ကျောင်းတွေလည်း အခက်ခဲကြားကနေ ဖွင့်နိုင်ဖို့ ကြိုးစားနေကြပါတယ်။
ပြည်ပအလှူရှင်တွေကို အားထားလာရတဲ့ စစ်ရှောင်ကူညီသူတွေ,"Thu, 30 May 2024 12:46:00 GMT",https://www.bbc.com/burmese/articles/cy00xgen83xo#1,https://www.bbc.com/burmese/articles/cy00xgen83xo,ပတ်ဝန်းကျင်မှာရှိတဲ့ စစ်ကောင်စီကို ထောက်ခံသူတွေကလည်း စောင့်ကြည့်လာတာ၊ ဒစ်ဂျစ်တယ်ပိုက်ဆံလွှဲစနစ်တွေဖြစ်တဲ့ Kpay တွေ၊ Wave တွေကိုပါ ပိတ်သိမ်းတဲ့အထိဖြစ်လာတာ၊ စီးပွား‌ရေးခက်ခဲလာတာကြောင့် ပြည်တွင်းကစစ်ရှောင်တွေကို တက်တက်ကြွကြွ မကူညီနိုင်တော့တဲ့ အခြေအနေဖြစ်လာပါတယ်။
သီလရှင်မရှိတဲ့ မြောက်ကိုရီးယားက ဗုဒ္ဓသာသနာ,"Sun, 26 May 2024 04:23:48 GMT",https://www.bbc.com/burmese/articles/cxeenrvnr8mo#3,https://www.bbc.com/burmese/articles/cxeenrvnr8mo,“ဗုဒ္ဓမွေးနေ့ကို ကျင်းပတယ်” လို့ ဆိုပေမယ့် မြောက်ကိုရီးယားရဲ့ ဗုဒ္ဓဘာသာက ပြည်ပကလူတွေအတွက် သရုပ်ပြဖို့အတွက်သာဖြစ်တယ်လို့ ထောက်ပြထားပါတယ်။
VPN ကို စစ်ကောင်စီပိတ်လို့ ရနိုင်လား,"Wed, 05 Jun 2024 13:39:42 GMT",https://www.bbc.com/burmese/articles/c3ggzz48pdyo#0,https://www.bbc.com/burmese/articles/c3ggzz48pdyo,"VPN က လုံးဝအမြစ်ဖြတ်ပိတ်နိုင်တာမျိုးလားဆိုတဲ့ မေးခွန်းတွေကလည်းရှိနေဆဲပါ။
လူသုံးများတဲ့ VPN တွေရဲ့ IP ၊ Port၊ Domain တွေကို Traffic တက်လာတာနဲ့အမျှ( သုံးစွဲမှုတိုးလာတာနဲ့ အမျှ) ပိတ်ခံရဖိုကသေချာသလောက်ရှိပါတယ်။
ဒါအပြင် ချိတ်ဆက်လိုရနေသေးတဲ့တချို VPN တွေရဲ့ အင်တာနက်မြန်နှုန်းကိုလည်း သုံးလိုမရလောက်အောင်နီးပါး  မြန်နှုန်းအရှိန် ( Speed ) လျှော့ချပစ်နိုင်ပါတယ်။ ဒါပေမဲ့ ဘယ်လိုပုံစံဆက်သုံးလို့ရောရနိုင်သေးလဲ။"
မက္ကဆီကိုရဲ့ ပထမဆုံး အမျိုးသမီးသမ္မတ ကလောက်ဒီယာ ရှိန်းဘောင်း,"Wed, 05 Jun 2024 03:16:56 GMT",https://www.bbc.com/burmese/articles/c4nnzlg7pzpo#0,https://www.bbc.com/burmese/articles/c4nnzlg7pzpo,သိပ္ပံပညာရှင်ကနေ မက္ကဆီကိုရဲ့ ပထမဆုံး အမျိုးသမီး သမ္မတ ဖြစ်လာသူ ကလောက်ဒီယာ ရှိန်းဘောင်း
ပြည်ပနိုင်ငံတွေကနေ သြစတြေးလျ စစ်သားစုဆောင်းခွင့်ပြု ,"Tue, 04 Jun 2024 16:40:25 GMT",https://www.bbc.com/burmese/articles/c722l9475eeo#0,https://www.bbc.com/burmese/articles/c722l9475eeo,သြစတြေးလျမှာ စစ်ထဲဝင်သူဦးရေ လျော့ကျနေလို့ ဒေသတွင်း ခြိမ်းခြောက်မှုတွေ ပိုကြီးလာချိန်မှာ စစ်တပ်ကို ဖြည့်တင်းဖို့ ကြံစည်
ဆေးလိပ် - ဘယ်နိုင်ငံတွေမှာဆေးလိပ်သောက်တာကိုတားမြစ်ထားလဲ။ဘယ်လောက်အလုပ်ဖြစ်လဲ,"Fri, 31 May 2024 11:14:24 GMT",https://www.bbc.com/burmese/articles/cljj36081zgo#1,https://www.bbc.com/burmese/articles/cljj36081zgo,မေလ ၃၁ ရက်က ကမ္ဘာ့ဆေးလိပ်မသောက်ရေးနေ့ဖြစ်ပြီး ကမ္ဘာတဝန်းကျန်းမာရေးအဖွဲ့အစည်း‌တွေကတော့ ဆေးလိပ်သောက်တာကို နိုင်ငံအလိုက်တားမြစ်ဖို့ဆက်ပြီးဆော်သြနေပါတယ်။ ဆေးလိပ်သောက်တာကိုတားမြစ်ထားတဲ့နိုင်ငံတွေကရော တကယ်အလုပ်ဖြစ်ခဲ့လား။
အိန္ဒိယလှူတဲ့နှလုံးသားနဲ့အသက်ရှင်သန်ခွင့်ရသူ ပါကစ္စတန်အမျိုးသမီးငယ် ,"Mon, 27 May 2024 07:28:31 GMT",https://www.bbc.com/burmese/articles/cneezpprl1wo#3,https://www.bbc.com/burmese/articles/cneezpprl1wo,ပါကစ္စတန် ဆယ်ကျော်သက် အာယီရှာ ရာရှိဒ်ဟာ  အိန္ဒိယကို နယ်စပ်ဖြတ်ကျော်ပြီး နှလုံးအစားထိုးကုသမှု မခံယူခင်တုန်းကဆိုရင် အသက်ကိုခြိမ်းခြောက်လုနီးဖြစ်ခဲ့တဲ့နှလုံးရောဂါကို ကုသမှုခံယူခဲ့ရသူဖြစ်ပါတယ်။ လက်ရှိမှာ သူမဟာ နှလုံးအစားထိုးကုသမှုခံယူရာကနေ နလန်ပြန်ထူဖို့ မိခင်ဖြစ်သူနဲ့အတူ ချိန်နိုင်းမြို့မှာ ရှိနေဆဲဖြစ်ပါတယ်။ သူမရဲ့ အစားထိုးခွဲစိတ်ကုသမှုခံယူမှုဟာ အိန္ဒိယမှာ အစားထိုးကုသခံယူမှုတွေထဲ ဝေဖန်မှုအခံရဆုံး ကုသမှုတွေထဲက တစ်ခုဖြစ်ခဲ့ပါတယ်။ ပါကစ္စတန် ဆယ်ကျော်သက် အာယီရှာ ရာရှိဒ်ဟာ  အိန္ဒိယကို နယ်စပ်ဖြတ်ကျော်ပြီး နှလုံးအစားထိုးကုသမှု မခံယူခင်တုန်းကဆိုရင် အသက်ကိုခြိမ်းခြောက်လုနီးဖြစ်ခဲ့တဲ့နှလုံးရောဂါကို ကုသမှုခံယူခဲ့ရသူဖြစ်ပါတယ်။ လက်ရှိမှာ သူမဟာ နှလုံးအစားထိုးကုသမှုခံယူရာကနေ နလန်ပြန်ထူဖို့ မိခင်ဖြစ်သူနဲ့အတူ ချိန်နိုင်းမြို့မှာ ရှိနေဆဲဖြစ်ပါတယ်။ သူမရဲ့ အစားထိုးခွဲစိတ်ကုသမှုခံယူမှုဟာ အိန္ဒိယမှာ အစားထိုးကုသခံယူမှုတွေထဲ ဝေဖန်မှုအခံရဆုံး ကုသမှုတွေထဲက တစ်ခုဖြစ်ခဲ့ပါတယ်။
အငြိမ်းစားယူထားတဲ့ တပ်အရာရှိ ၁၄၀၀ ကျော် နေပြည်တော်ကို ပြန်ဆင့်ခေါ်,"Thu, 06 Jun 2024 08:21:29 GMT",https://www.bbc.com/burmese/articles/ck77zdy7823o#0,https://www.bbc.com/burmese/articles/ck77zdy7823o,"လွန်ခဲ့တဲ့ ငါးနှစ်အတွင်း အငြိမ်းစားယူသွားခဲ့တဲ့ ဗိုလ်မှူးကနေ ဗိုလ်မှူးကြီးအဆင့် တပ်အရာရှိတွေ စစ်ဘက်မှာပြန်လည်တာဝန်ထမ်းဆောင်ဖို့ ဆင့်ခေါ်ခံရတာဖြစ်ပြီး ဇွန် ၂ ရက်ကစလို့ နေပြည်တော်က ရွာတော် စစ်ကြောရေးနဲ့ တည်းခိုရိပ်သာမှာ နေရာချထားတယ်လို့ ဆင့်ခေါ်ခံရသူတစ်ဦးက ဘီဘီစီ ကိုပြောပါတယ်။
"
ဒီဒေးကမ်းတက်တိုက်ပွဲ- ဥရောပမြေမှာကွယ်လွန်ခဲ့တဲ့ ဒုတိယကမ္ဘာစစ် အမေရိကန်စစ်ပြန်ကြီး,"Thu, 06 Jun 2024 15:04:15 GMT",https://www.bbc.com/burmese/articles/c3ggp3vwkn7o#0,https://www.bbc.com/burmese/articles/c3ggp3vwkn7o,ဒုတိယကမ္ဘာစစ် အမေရိကန်ရေတပ်အဖွဲ့ဝင်စစ်ပြန်ကြီးဟာ အမေရိကန်ကနေ ပြင်သစ်နော်မန်ဒီ ကမ်းခြေမှာ ဇွန် ၆ ရက်မှာကျင်းပတဲ့  အကြိမ် ၈၀ ‌မြောက် D-Day ကမ်းတက်အောင်ပွဲနေ့ အထိမ်းအမှတ်ကို တက်ရောက်ဖို့ ဥရောပမြေကို သွားချိန်မှာပဲ ခရီးလမ်းမှာ ကွယ်လွန်ခဲ့ပါတယ်။
မဟာမိတ်‌တွေရဲ့ ကျောထောက်နောက်ခံမှုနဲ့ မိုဒီ အိန္ဒိယဝန်ကြီးချုပ်ဆက်ဖြစ်,"Thu, 06 Jun 2024 13:07:36 GMT",https://www.bbc.com/burmese/articles/c8441w19d82o#0,https://www.bbc.com/burmese/articles/c8441w19d82o,"
နရန်ဒြာ မိုဒီဟာ ရွေးကောက်ပွဲမှာ သူ့ရဲ့ပါတီ မဲအများစုနဲ့အနိုင်မရဖို့ မဖြစ်နိုင်ခဲ့တဲ့နောက်မှာတော့ တတိယအကြိမ်ဝန်ကြီးချုပ်သက်တမ်းအတွက် မဟာမိတ်ပါတီတွေကို မီခိုရဖို့ရပါတော့တယ်။ "
ပျောက်ဆုံးနေတဲ့ ခရစ်ပတို‌ဘုရင်မနဲ့ ဘူလ်ဂေးရီးယား မြေအောက်ကမ္ဘာက မှောင်မိုက်တဲ့ကွန်ရက်များ,"Thu, 06 Jun 2024 06:47:18 GMT",https://www.bbc.com/burmese/articles/cjrrw2qq9k1o#0,https://www.bbc.com/burmese/articles/cjrrw2qq9k1o,ခရစ်ပတိုငွေကြေး အတုတွေနဲ့ ရင်းနှီးမြှုပ်နှံသူတွေဆီကနေ ဒေါ်လာ ၄ ဒသမ ၅ ဘီလျံ လိမ်လည်ခဲ့တာကြောင့် အမေရိကန်ရဲ့ အလိုရှိဆုံး စာရင်းမှာ ပါနေသူ - အခုတော့ သူ ထူးဆန်းစွာ ပျောက်ဆုံးနေပါတယ်။
VPN ကို စစ်ကောင်စီပိတ်လို့ ရနိုင်လား,"Thu, 06 Jun 2024 02:14:48 GMT",https://www.bbc.com/burmese/articles/c3ggzz48pdyo#0,https://www.bbc.com/burmese/articles/c3ggzz48pdyo,"VPN က လုံးဝအမြစ်ဖြတ်ပိတ်နိုင်တာမျိုးလားဆိုတဲ့ မေးခွန်းတွေကလည်းရှိနေဆဲပါ။
လူသုံးများတဲ့ VPN တွေရဲ့ IP ၊ Port၊ Domain တွေကို Traffic တက်လာတာနဲ့အမျှ( သုံးစွဲမှုတိုးလာတာနဲ့ အမျှ) ပိတ်ခံရဖိုကသေချာသလောက်ရှိပါတယ်။
ဒါအပြင် ချိတ်ဆက်လိုရနေသေးတဲ့တချို VPN တွေရဲ့ အင်တာနက်မြန်နှုန်းကိုလည်း သုံးလိုမရလောက်အောင်နီးပါး  မြန်နှုန်းအရှိန် ( Speed ) လျှော့ချပစ်နိုင်ပါတယ်။ ဒါပေမဲ့ ဘယ်လိုပုံစံဆက်သုံးလို့ရောရနိုင်သေးလဲ။"
‘‘ရာသီဥတုကို ကယ်တင်ဖို့ ရုပ်ကြွင်းလောင်စာ ကြော်ငြာတွေ ပိတ်ပင်ပါ’’ - ကုလအကြီးအကဲ ,"Wed, 05 Jun 2024 16:50:13 GMT",https://www.bbc.com/burmese/articles/clww1zredp4o#0,https://www.bbc.com/burmese/articles/clww1zredp4o,ကျောက်မီးသွေး၊ ရေနံနဲ့ ဓာတ်ငွေ့လုပ်ငန်းကြီးတွေကို ရာသီဥတု ပျက်စီးမှုရဲ့ ခေါင်းကိုင်ဖခင်တွေ ဆိုပြီး ကုလသမဂ္ဂ  အတွင်းရေးမှူးချုပ်က နာမည်ပေးခဲ့
ဒီပဲယင်း၊ တည်တောရွာ ငါးလောင်းပြိုင်သေဆုံးမှုနဲ့ တပ်ရင်းပိတ်ဆို့မှု နောက်ကွယ်အကြောင်းရင်းတွေက ဘာတွေလဲ,"Sun, 02 Jun 2024 14:00:17 GMT",https://www.bbc.com/burmese/articles/cgrrzpge317o#1,https://www.bbc.com/burmese/articles/cgrrzpge317o,စစ်ကိုင်းတိုင်း၊ ဒီပဲယင်းမြို့နယ်၊ တည်တောရွာမှာ မေလ ၂၈ ရက် မနက်ပိုင်းတုန်းက ရွာခံတွေကြား ပစ်ခတ်မှုဖြစ်ခဲ့ပြီးတဲ့နောက် နေအိမ်တစ်လုံးမှာ ပေါက်ကွဲမှုဖြစ်ပြီး လူ ၅ ဦးသေဆုံးခဲ့ပါတယ်။ အဲဒီဖြစ်ရပ်ကြောင့်ပဲ ရွှေဘိုခရိုင်တပ်ရင်း ၁၂ က တည်တောကျေးရွာကို ပိတ်ဆို့ရှာဖွေတာတွေ ပြုလုပ်ခဲ့ပါတယ်။ ပစ်ခတ်ပေါက်ကွဲမှုနဲ့ ပိတ်ဆို့မှု နောက်ကွယ်က အကြောင်းရင်းတွေကို ဝင်ရောက်ဖတ်ရှုနိုင်ပါတယ်။
သူရဦးတင်ဦး၊ NLD နာယကနဲ့ တပ်ချုပ်ဟောင်း,"Sat, 01 Jun 2024 08:42:26 GMT",https://www.bbc.com/burmese/articles/c72gnd72rv2o#1,https://www.bbc.com/burmese/articles/c72gnd72rv2o,ဗိုလ်ချုပ်ကြီးတင်ဦး သက်တော်ရာကျော်ရှည်ပါစေလို့ ကြွေးကြော်ခံရတာ ဘာကြောင့်လဲနဲ့ သူ့ရဲ့ ဘဝမျက်နှာစာများ
အနာကြီးရောဂါ ပြန်ခေါင်းထောင်လာနိုင်မလား,"Fri, 31 May 2024 10:46:50 GMT",https://www.bbc.com/burmese/articles/crggkey402xo#1,https://www.bbc.com/burmese/articles/crggkey402xo,စစ်အာဏာသိမ်းသုံးနှစ်ကျော်ကာလအတွင်း အနာကြီးရောဂါသည်တွေ စစ်ပြေး ရှောင်ရတာ၊ ရောဂါကန်လာလို့ သောက်သုံးရတဲ့ဆေးဝါးတွေမလုံလောက်တဲ့အခါ ကိုယ်ခန္ဓာချို့ယွင်း သူဦးရေ တိုးလာတာနဲ့ အနာကြီးရောဂါကုသပေးနိုင်တဲ့ ဆေးရုံဆေးခန်းနည်းပါးလာတာဟာ အဓိက စိုးရိမ်ချက် (၃) ချက်ဖြစ်လာပါတယ်။
ရခိုင်စစ်ရေး ဘယ်ကိုဦးတည်နေလဲ - ဘူးသီးတောင်အပါအဝင် ရခိုင်မြောက်ပိုင်း အခြေအနေတွေအပေါ် ဆန်းစစ်ခြင်း,"Mon, 27 May 2024 15:37:07 GMT",https://www.bbc.com/burmese/articles/c044zde7xm4o#3,https://www.bbc.com/burmese/articles/c044zde7xm4o,ရခိုင်စစ်ရေး ပြင်းထန်မှုကို အနီးကပ် ဆန်းစစ်နေတယ်လို့ ကုလ ယန္တရားအဖွဲ့ IIMM ထုတ်ပြန်
မြန်မာအကျဉ်းထောင်တွေထဲက ဆန္ဒပြပွဲတွေ  ပစ်ခတ်ဖြိုခွဲမှုတွေဆီ ဦးတည်လာသလား  ,"Mon, 27 May 2024 11:22:02 GMT",https://www.bbc.com/burmese/articles/clke4231vyjo#3,https://www.bbc.com/burmese/articles/clke4231vyjo,မြန်မာအကျဥ်းထောင်တွေထဲက နိုင်ငံရေးအကျဥ်းသားတွေအပါအဝင် အခြားအကျဥ်းသားတွေရဲ့ ထောင်တွင်းအခွင့်အရေးဆန္ဒပြတောင်းဆိုမှုတွေကို ထောင်အာဏာပိုင်တွေဘက်က အကြမ်းဖက်ဖြိုခွင်းတာတွေဘက်ကို ဦးတည်လာနေတယ်လို့ အဲဒီအကျဥ်းသားတွေအရေးလှုပ်ရှားဆောင်ရွက်နေသူတွေက ဘီဘီစီကို ပြောပါတယ်။
ထောင်ထဲကနေ အမေရိကန်သမ္မတ ရွေးကောက်ပွဲ ဝင်ပြိုင်လို့ရလား၊ ဘယ်သူတွေ ပြိုင်ဖူးလဲ,"Fri, 07 Jun 2024 08:47:31 GMT",https://www.bbc.com/burmese/articles/c4nnjd9g560o#0,https://www.bbc.com/burmese/articles/c4nnjd9g560o,ဒေါ်နယ် ထရမ့်ဟာ ပြစ်မှုထင်ရှားကြောင်းဆုံးဖြတ်ခံရတဲ့ ပထမဆုံး အမေရိကန်သမ္မတဟောင်းတစ်ဦး၊ ဒါမှမဟုတ် ရွေးကောက်ပွဲဝင်ပြိုင်ဖို့ ရည်မှန်းထားတဲ့ ပထမဆုံး သမ္မတလောင်းလည်းဖြစ်ပါတယ်။ ဒါပေမဲ့ သူဟာ ထောင်ထဲရောက်မယ်ဆိုရင်တောင် ဒီအခြေအနေက သူ့ကို နိုဝင်ဘာလ သမ္မတရွေးကောက်ပွဲမှာ ဝင်ပြိုင်ဖို့ မဟန့်တားနိုင်ပါဘူး။ ပြစ်မှုကြီးကျူးလွန်ထားသူတွေကို ရွေးကောက်ပွဲဝင်ဖို့ အမေရိကန်ဖွဲ့စည်း ပုံက ဘယ်လိုခွင့်ပြုထားလဲ၊ ပြိုင်ခဲ့သူတွေအကြောင်းကို လန်ဒန်တက္ကသိုလ်ကောလိပ်မှာ အမေရိကန်သမိုင်းဆိုင်ရာဂုဏ်ထူးဆောင် ပါမောက္ခ အီဝမ်မော်ဂန်ကို ဘီဘီစီက မေးမြန်းထားပါတယ်။
ဒုတိယကမ္ဘာစစ်နဲ့ ယူကရိန်းစစ်ကို ဒီဒေးမိန့်ခွန်းမှာ  ဘိုင်ဒန် ဆက်စပ်ပြ,"Thu, 06 Jun 2024 16:46:53 GMT",https://www.bbc.com/burmese/articles/clmm9x7kny2o#0,https://www.bbc.com/burmese/articles/clmm9x7kny2o,ဒုတိယကမ္ဘာစစ်နဲ့ ယူကရိန်းစစ်ကို ဒီဒေးမိန့်ခွန်းမှာ ဘိုင်ဒန် ဆက်စပ်ပြ
ဟိမဝန္တာပေါ်က စွန့်ပစ်မှိုက် ၁၁ တန်၊ အလောင်း ၄ လောင်းနဲ့ အရိုးစု ၁ စုံ,"Sat, 08 Jun 2024 14:55:56 GMT",https://www.bbc.com/burmese/articles/c199pj4g7k7o#0,https://www.bbc.com/burmese/articles/c199pj4g7k7o,အမှိုက်မပစ်ရ အမိန့်ထုတ်ထားတဲ့ ဧဝရက်တောင်ထိပ်ဖျားက စွန့်ပစ်မှိုက်တန်ချိန် ဆယ်ချီ ကောက်ယူရရှိ
အေအေ ဘာကြောင့် စစ်ရေးအောင်မြင်လဲ,"Sat, 08 Jun 2024 08:54:47 GMT",https://www.bbc.com/burmese/articles/c6pp03de0e6o#0,https://www.bbc.com/burmese/articles/c6pp03de0e6o,အေအေရဲ့ စစ်ရေးအောင်မြင်မှုဟာ မထင်မှတ်ဘဲပေါ်လာတဲ့ အခွင့်အရေးတွေကိုမလွတ်တမ်းဆုတ်ကိုင်နိုင်မှု၊ မဟာမိတ်စုဖွဲ့နိုင်မှု နဲ့ ရခိုင်လူထုရဲ့ အားပေးထောက်ခံမှု ရရအောင်စွမ်းဆောင်နိုင်ခဲ့မှုတွေက အဓိကကျခဲ့တယ်လို့ အကဲခတ်တွေက ရှုမြင်ကြပါတယ်။
ဒိန်းမတ်ဝန်ကြီးချုပ် မြို့တော်လမ်းမပေါ်မှာ တိုက်ခိုက်ခံရ,"Sat, 08 Jun 2024 12:31:05 GMT",https://www.bbc.com/burmese/articles/c511jrne1geo#0,https://www.bbc.com/burmese/articles/c511jrne1geo,ဒိန်းမတ်ဝန်ကြီးချုပ် ဖရေဒရစ်ဆင်ဟာ မြို့တော်ကိုပင်ဟေဂင်မြို့လယ်မှာ လမ်းလျှောက်နေချိန် အမျိုးသားတစ်ဦး တိုက်ခိုက်တာကိုခံခဲ့ရလို့ တုန်လှုပ်သွားခဲ့ပါတယ်။
ဇွန် ၈ ရက် နိုင်ငံတဝန်း သတင်းအနှစ်ချုပ် - ရန်ကုန် - သန်လျင် တံတားအသစ် ဖွင့်,"Sat, 08 Jun 2024 11:31:12 GMT",https://www.bbc.com/burmese/articles/c4nn95xv2n9o#0,https://www.bbc.com/burmese/articles/c4nn95xv2n9o,ရခိုင်ပြည်နယ်၊ မောင်တောမြို့က စစ်ကောင်စီတပ်စခန်း ၆ ခုကို အာရက္ခတပ်တော် (ရက္ခိုင့်တပ်တော်) က ဇွန်လ ပထမအပတ်ထဲမှာပဲ တစ်ပြိုင်တည်းထိုးစစ်ဆင်တိုက်ခိုက်ပြီး သိမ်းပိုက်နိုင်ခဲ့တယ်လို့ သတင်းထုတ်ပြန်လာပါတယ်။
တရားမဝင်ရောက်နေသူတွေကို ထိုင်းအစိုးရဘယ်လိုအထောက်အထားထုတ်ပေးမလဲ,"Sat, 08 Jun 2024 03:08:25 GMT",https://www.bbc.com/burmese/articles/cy9902w47kvo#0,https://www.bbc.com/burmese/articles/cy9902w47kvo,ထိုင်းနိုင်ငံထဲကို တရားမဝင်ရောက်နေတဲ့ အထောက်အထားမဲ့မြန်မာနိုင်ငံသားတွေကို ပန်းရောင်ကတ်လို့ ခေါ်တဲ့ အလုပ်လုပ်ခွင့်လက်မှတ်ထုတ်ပေးဖို့ ထိုင်းအာဏာပိုင်တွေက ပြင်ဆင်နေပါတယ်။ ဘယ်သူတွေအကျုံးဝင်လဲ။ ဘယ်လိုပုံစံထုတ်ပေးမှာလဲ။
အာတိတ်ကို ဖြတ်ပြီး မြောက်ပင်လယ်ရေလမ်းဖွင့်ဖို့ ရုရှား-တရုတ် ကြေညာ,"Fri, 07 Jun 2024 16:59:53 GMT",https://www.bbc.com/burmese/articles/c255e2r51xjo#0,https://www.bbc.com/burmese/articles/c255e2r51xjo,ရုရှားဟာ ကမ္ဘာ့ကုန်သွယ်ရေးမှာ အရေးကြီးတဲ့နေရာက ဆက်ရှိနေဆဲ လို့ဆို
လူစုခွဲချိန်မရလိုက်တဲ့ စစ်ကိုင်း၊ သပြေသာရွာက ဗုံးကြဲတိုက်ခိုက်ခံရမှု,"Sun, 09 Jun 2024 11:50:16 GMT",https://www.bbc.com/burmese/articles/cn442negjz8o#0,https://www.bbc.com/burmese/articles/cn442negjz8o,“ဗုံးပစ်တဲ့အချိန်၊ ပြေးနေတဲ့သူတွေကို ပွိုင့်ဖိုက်နဲ့ ပစ်တဲ့အချိန် ပေါင်းလိုက်ရင် နာရီဝက်လောက်ကြာမယ်ဗျ။ ဂျက်ဖိုက်တာကနေ ပစ်တဲ့စက်လက်နက်ကလည်း အုတ်တွေကိုတောင် ဖောက်ထွက်တယ်” လို့ လေကြောင်းတိုက်ခိုက်ခံရမှုအခြေအနေကို စစ်ကိုင်းမြို့နယ်ပြည်သူ့ကာကွယ်ရေးတာဝန်ရှိသူက ပြောပါတယ်။
ကျောင်းပြန်တက်ချင်နေတဲ့ ကလေးသရုပ်ဆောင်ပြည့်ပြည့်,"Sun, 09 Jun 2024 07:17:02 GMT",https://www.bbc.com/burmese/articles/cneele88z9mo#0,https://www.bbc.com/burmese/articles/cneele88z9mo,တချိန်က အလားအလာကောင်းတဲ့တက်သစ်စ ကလေးသရုပ်ဆောင်ဘဝကနေ ကျောင်းလခမတက်နိုင်လို့ စာသင်ခန်းနဲ့ အဝေးမှာ ရှင်သန်နေရပါတယ်။
ဇွန် ၉ ရက် နိုင်ငံတဝန်းအနှစ်ချုပ် - ပူတာအိုမှာ ကုန်ဈေးနှုန်း‌မြင့်တက်ပြီး ကျောင်းအပ်နှံဖို့ပါ အခက်အခဲရှိလာ,"Sun, 09 Jun 2024 10:00:49 GMT",https://www.bbc.com/burmese/articles/cx77ejdnvq3o#0,https://www.bbc.com/burmese/articles/cx77ejdnvq3o,မြဝတီမှာ မိုးများပြီးရေကြီးနေတဲ့အကြောင်းအပါအဝင် ဇွန် ၉ ရက်နေ့ နိုင်ငံတဝန်း ထူးခြားသတင်းတွေကို စုစည်းဖော်ပြထားပါတယ်။
အမတ်နေရာအများစုကို မိုဒီ ဆုံးရှုံးလိုက်ရတာက အိန္ဒိယအတွက် ဘာဖြစ်လာနိုင်သလဲ,"Sun, 09 Jun 2024 06:50:04 GMT",https://www.bbc.com/burmese/articles/cd11ry2664do#0,https://www.bbc.com/burmese/articles/cd11ry2664do,နရန်ဒရာ မိုဒီဟာ ပထမဆုံအကြိမ်အဖြစ် ညွန့်ပေါင်းအစိုးရကို ဦးဆောင်ရဖို့ ရှိနေပြီး ဒီ့အတွက် သူ့ရဲ့ အချေအတင်အငြင်းပွားစရာ မူဝါဒတွေ ပြဌာန်းနိုင်ရေးမှာ အခက်တွေ့လာရဖွယ် ရှိနေပါတယ်။
“ဘာမဆိုဖြစ်နိုင်တယ်” - ဧဝရတ်တောင်ကို အမြန်ဆုံးတက်ခဲ့သူ တစ်ကိုယ်ရည်မိခင် ,"Mon, 10 Jun 2024 09:50:17 GMT",https://www.bbc.com/burmese/articles/c511881d14zo#0,https://www.bbc.com/burmese/articles/c511881d14zo,နီပေါနိုင်ငံက တစ်ကိုယ်ရည်မိခင် ဖွန်ဂျို ဂျမူလာမာဟာ ဧဝရတ်တောင်ကို ၁၅ နာရီတောင်မကြာဘဲ မကြာသေးခင်တုန်းကပဲ တက်ထားသူဖြစ်ပါတယ်။ ဒီလိုစံချိန်ချိုးနိုင်ဖို့ ဘယ်လိုအားထုတ်ခဲ့ရတဲ့အကြောင်း ဘီဘီစီကို ပြောပြထားပါတယ်။
ဇမ်ဘီယာမှာ အွန်လိုင်းပေါ်ကနေ ငွေလိမ်တဲ့ တရုတ်ဂိုဏ်းကို ထောင်ဒဏ်နှစ်ရှည်ချ,"Sun, 09 Jun 2024 15:49:54 GMT",https://www.bbc.com/burmese/articles/c800d0118wro#0,https://www.bbc.com/burmese/articles/c800d0118wro,အွန်လိုင်းပေါ်ကနေ လူတွေကို ငွေလိမ်နေတဲ့ တရုတ်ဂိုဏ်းတစ်ဂိုဏ်းကို ဇမ်ဘီယာ တရားရုံးက ထောင်ဒဏ် နှစ်ရှည် ချမှတ်လိုက်ပါတယ်။
ဥရောပမှာ နေရာပိုရလာတဲ့ လက်ယာစွန်းတွေ စည်းလုံးကြသလား,"Tue, 11 Jun 2024 12:46:47 GMT",https://www.bbc.com/burmese/articles/cyjjgx21pj9o#0,https://www.bbc.com/burmese/articles/cyjjgx21pj9o,ဥရောပရဲ့ ဥပဒေတွေ ဆွေးနွေးငြင်းခုန်တာ၊ ပြုပြင်တာ၊ အတည်ပြုတာ၊ ပယ်ချတာတွေ လုပ်တဲ့ ကိုယ်စားလှယ် နေရာတွေကို အလယ်အလတ်ဝါဒီပါတီတွေက အများစုရထားပါတယ်။
ရခိုင်မြောက်ပိုင်း တိုက်ပွဲတွေ ရပ်ရေး ICJ ထပ်တိုးကြားဖြတ် အမိန့် ချပေးဖို့ရာ တောင်းဆိုမလား ဂမ်ဘီယာ ရှေ့နေအဖွဲ့ သုံးသပ်နေ,"Mon, 10 Jun 2024 16:17:21 GMT",https://www.bbc.com/burmese/articles/c5112q9gj0ro#0,https://www.bbc.com/burmese/articles/c5112q9gj0ro,လာမယ့် ဒီဇင်ဘာလထဲမှာ မြန်မာဘက်က ဒုတိယ ချေပလွှာ ရီဂျွိုင်းဒါ တင်ပြီးပြီ ဆိုရင် နောက်နှစ်ထဲ သဟေ့ဂ်မြို့ ICJ မှာ ကြားနာပွဲ စတင်လာဖွယ်ရှိ
တစ်တော့သုံးသူတွေ မျက်ရည်ဖြိုင်စေခဲ့တဲ့ထိုင်းရုပ်ရှင်,"Wed, 12 Jun 2024 10:13:03 GMT",https://www.bbc.com/burmese/articles/cv225v6q55po#0,https://www.bbc.com/burmese/articles/cv225v6q55po, How to Make Millions Before Grandma Dies နာမည်ရတဲ့ထိုင်းရုပ်ရှင်ကိုကြည့်ပြီးသူတွေရဲ့ မျက်ရဖြိုင်ရတဲ့အကြောင်းပြောထားတဲ့ရုပ်သံတွေ အင်တာနက်မှာ လွှမ်းမိုးနေပါတယ်။
သေတွင်းကလွတ်သူသတို့သမီး ပြန်ပြောပြတဲ့မင်္ဂလာဆောင်ဗုံးကြဲခံရမှု,"Wed, 12 Jun 2024 04:21:11 GMT",https://www.bbc.com/burmese/articles/cv2234pqdjdo#0,https://www.bbc.com/burmese/articles/cv2234pqdjdo,မင်းကင်းမြို့ကနေဆိုရင် ချင်းတွင်းမြစ် သောင်ခုံတစ်ခုသာခြားတဲ့ မတောကျေးရွာက မင်္ဂလာဆောင်ကို စစ်တပ်က ဇွန်လ ၃ ရက်မှာ တိုက်လေယာဥ်နဲ့ ဗုံးကြဲခဲ့တာကြောင့် မင်္ဂလာပွဲတက်သူ အယောက် ၃၀ နီးပါး သေဆုံး ခဲ့ပါတယ်။ တိုက်ခိုက်မှုမှာ သေတွင်းကနေ လွတ်မြောက်ခဲ့တဲ့ သတို့သမီး မနှင်းဆီကို ဘီဘီစီက ဆက်သွယ်မေးမြန်းထားပါတယ်။
တရားမဝင်ရောက်နေသူတွေကို ထိုင်းအစိုးရဘယ်လိုအထောက်အထားထုတ်ပေးမလဲ,"Sat, 08 Jun 2024 03:08:25 GMT",https://www.bbc.com/burmese/articles/cy9902w47kvo#1,https://www.bbc.com/burmese/articles/cy9902w47kvo,ထိုင်းနိုင်ငံထဲကို တရားမဝင်ရောက်နေတဲ့ အထောက်အထားမဲ့မြန်မာနိုင်ငံသားတွေကို ပန်းရောင်ကတ်လို့ ခေါ်တဲ့ အလုပ်လုပ်ခွင့်လက်မှတ်ထုတ်ပေးဖို့ ထိုင်းအာဏာပိုင်တွေက ပြင်ဆင်နေပါတယ်။ ဘယ်သူတွေအကျုံးဝင်လဲ။ ဘယ်လိုပုံစံထုတ်ပေးမှာလဲ။
အေအေ ဘာကြောင့် စစ်ရေးအောင်မြင်လဲ,"Sat, 08 Jun 2024 08:54:47 GMT",https://www.bbc.com/burmese/articles/c6pp03de0e6o#1,https://www.bbc.com/burmese/articles/c6pp03de0e6o,ရက္ခိုင့်တပ်တော်(အေအေ)က ပလက်ဝ အပါအဝင် မြို့ ဆယ် မြို့ကို ထိန်းချုပ်ထားနိုင်ပေမယ့် ခရီးရှည်တစ်ခုရဲ့ အစပဲ ရှိသေးတယ်လို့ ရခိုင်အရေးအကဲခတ်တွေက သုံးသပ်နေကြပါတယ်။
ပျောက်ဆုံးနေတဲ့ ခရစ်ပတို‌ဘုရင်မနဲ့ ဘူလ်ဂေးရီးယား မြေအောက်ကမ္ဘာက မှောင်မိုက်တဲ့ကွန်ရက်များ,"Thu, 06 Jun 2024 06:47:18 GMT",https://www.bbc.com/burmese/articles/cjrrw2qq9k1o#1,https://www.bbc.com/burmese/articles/cjrrw2qq9k1o,ခရစ်ပတိုငွေကြေး အတုတွေနဲ့ ရင်းနှီးမြှုပ်နှံသူတွေဆီကနေ ဒေါ်လာ ၄ ဒသမ ၅ ဘီလျံ လိမ်လည်ခဲ့တာကြောင့် အမေရိကန်ရဲ့ အလိုရှိဆုံး စာရင်းမှာ ပါနေသူ - အခုတော့ သူ ထူးဆန်းစွာ ပျောက်ဆုံးနေပါတယ်။
မြန်မာစစ်တပ်ရဲ့ တပ်ရင်း၊ဌာနချုပ်တွေဆုံးရှုံးမှု နဲ့ စစ်ရေးမျှခြေ အပြောင်းအလဲ,"Wed, 29 May 2024 09:39:28 GMT",https://www.bbc.com/burmese/articles/c2559xg9dlwo#3,https://www.bbc.com/burmese/articles/c2559xg9dlwo,"လွန်ခဲ့တဲ့ ခုနှစ်လ အတွင်း မြန်မာစစ်တပ်ရဲ့ တပ်ရင်း၊ဌာနချုပ် ၈၀ ကျော် အထိ လက်လွှတ်ဆုံးရှုံးခဲ့ရပါတယ်။ တပ်ရင်း၊ဌာနချုပ် ဆိုတာ ရှေ့တန်းစခန်း၊ လုံခြုံရေးစခန်း နဲ့ ခံစစ်စခန်းတွေလို မဟုတ်
ဘဲ ရုံးဌာနချုပ်၊ ဗဟိုကင်း၊ လက်နက်တိုက်၊ ရိပ်သာ၊အရာရှိနေအိမ်၊ မိသားစုအိမ်ထောင်သည်လိုင်း၊ စစ်ရေးပြကွင်း၊ အားကစားကွင်းစတဲ့ အခိုင်အမာအဆောက်အအုံတွေ ပါပါတယ်။"
သေဆုံးခါနီးလူတွေ နောက်ဆုံးထွက်သက်မတိုင်ခင် ဘာတွေမြင်လေ့ရှိလဲ,"Wed, 29 May 2024 14:17:19 GMT",https://www.bbc.com/burmese/articles/cll454m6v5qo#3,https://www.bbc.com/burmese/articles/cll454m6v5qo,ဒေါက်တာ ခရစ္စတိုဖာ ခါးရ်ဟာ သေဆုံးခါနီးအတွေ့အကြုံတွေကို လေ့လာနေတဲ့ကမ္ဘာ့ဦးဆောင် သုတေသီတွေထဲက တစ်ဦးဖြစ်ပါဝယ်။ သေဆုံးခါနီးလူနာတွေ မြင်လာတတ်တဲ့အမြင်တွေ၊ အဲဒါတွေရဲ့အဓိပ္ပာယ်နဲ့ လူနာအတွက်ရော၊ မိသားစုတွေအတွက်ပါ သက်ရောက်မှုတွေရှိတဲ့အကြောင်း သူက ဘီဘီစီကို ပြောပြထားပါတယ်။
ဒူဘိုင်းရဲ့ The World စီမံကိန်းကြီး ဘာဖြစ်သွားပြီလဲ,"Thu, 13 Jun 2024 11:35:24 GMT",https://www.bbc.com/burmese/articles/c133re8yxypo#0,https://www.bbc.com/burmese/articles/c133re8yxypo,ဒူဘိုင်းဟာ ‘’The World’’ ဆိုတဲ့ ကမ္ဘာကြီးပေါ်ကတိုက်ကြီးတွေပုံစံကိုတုပတဲ့ ကျွန်းတုပေါင်း ၂၆၀ ပါဝင်မယ့်စီမံကိန်းကြီးကို လွန်ခဲ့တဲ့နှစ်ပေါင်း ၂၀ ကျော်ကတည်းက စတင်ခဲ့ပါတယ်။ အဲဒီကျွန်းအများစုဟာ အခုတော့ သဲသောင်ပြင်တွေချည်းအဖြစ်ဆက်ရှိနေပါတယ်။
ကံပိုင်တည် - KIA ထိန်းချုပ်လာတဲ့ ကချင်ထဲကတရုတ်နယ်စပ်ကုန်သွယ်ရေးစခန်းလမ်းပိုင်း,"Fri, 14 Jun 2024 12:09:50 GMT",https://www.bbc.com/burmese/articles/cx9940e9vzyo#0,https://www.bbc.com/burmese/articles/cx9940e9vzyo,‘’ ကံပိုင်တည် ကိုရောက်ဖို့အတွက် ကြားထဲမှာ တော့ စစ်တပ်စခန်း ၃ ခုထက်မနည်းကျန်ပါသေးတယ်။ ဒါပေမဲ့ လဖိုင်ကလည်း ပြည်သူ့စစ်ဂိတ်တွေချထားတော့ အရေးကြီးတဲ့နေရာဖြစ်ပါတယ်။ လဖိုင်ကနေဆက်ဖြတ်သွားမယ်ဆိုရင်တော့ တိုက်ပွဲတွေပြန်ဖြစ်မှာပါ ’’ လို့ ဗိုလ်မှူးကြီးနော်ဘူကပြောပါတယ်။
ယူရို ၂၀၂၄ အကြောင်း ဘယ်လောက်သိလဲ,"Fri, 14 Jun 2024 15:09:37 GMT",https://www.bbc.com/burmese/articles/ce77jk5l7kdo#0,https://www.bbc.com/burmese/articles/ce77jk5l7kdo,ယူရို ၂၀၂၄ ဘောလုံးပြိုင်ပွဲကို ဂျာမနီနိုင်ငံမှာ ဇွန်လ ၁၄ ရက်မှာ စတင် ဥ်ပြိုင်ဖို့ရှိပါတယ်။ နှစ်ပေါင်း ၆၄ နှစ်ကြာလာပြီဖြစ်တဲ့ဒီပြိုင်ပွဲအကြောင်း သင်ဘယ်လောက်သိပါသလဲ။ ဉာဏ်စမ်းမေးခွန်းတွေကို ဖြေကြည့်ရအောင်ပါ။
ယူရို ၂၀၂၄ - ဗိုလ်စွဲဖို့ ဘယ်အသင်းတွေ ရေပန်းစားလဲ,"Fri, 14 Jun 2024 09:38:03 GMT",https://www.bbc.com/burmese/articles/cw448l7179wo#0,https://www.bbc.com/burmese/articles/cw448l7179wo,ယူရို ၂၀၂၄ ဘောလုံးပြိုင်ပွဲကြီး မကြာခင် စတော့မှာပါ။ ဘယ်အသင်းတွေ ဘယ်အုပ်စုမှာ ကျလဲ။ ဘယ်သူတွေ ဂိုးသွင်းကြမလဲ။
လားရှိုး ဗဟိုပြု စစ်ရေးတင်းမာမှု ဘယ်အထိရောက်မလဲ,"Sat, 15 Jun 2024 10:12:00 GMT",https://www.bbc.com/burmese/articles/cevv7q2d705o#0,https://www.bbc.com/burmese/articles/cevv7q2d705o,“ဒရုန်းတွေပါ သေချာပြန်ပြီးတော့ အင်အားဖြည့် ထားတယ်။ နှစ်ဘက်လုံးက အချိန်တခုကိုစောင့်နေကြတဲ့ ပုံစံမျိုးပဲ။ စစ်ပြန်ဖြစ်လာနိုင်တယ်” လို့ စစ်ရေးလေ့လာစောင့်ကြည့်သူ တစ်ဦးက ဘီဘီစီ ကိုပြောပါတယ်။
ဇွန် ၁၅ ရက် နိုင်ငံတဝန်း သတင်းအနှစ်ချုပ် - သံတွဲမှာ တိုက်ပွဲ ဆက်လက်ပြင်းထန်နေ,"Sat, 15 Jun 2024 11:45:51 GMT",https://www.bbc.com/burmese/articles/cd11pkye6w9o#0,https://www.bbc.com/burmese/articles/cd11pkye6w9o,ရခိုင်ပြည်နယ်၊ မောင်တော က နယ်ခြားစောင့်တပ် (၄) တပ်ရင်းဌာနချုပ် အပါအဝင် တပ်စခန်း ၄ ခုကို အာရက္ခတပ်တော် (ရက္ခိုင့်တပ်တော်) က သိမ်းပိုက်နိုင်ခဲ့တယ်လို့ ဇွန် ၁၄ ရက်မှာ ထုတ်ပြန်ထားပါတယ်။
ကန်ပိုက်တီ(ကံပိုင်တည်) - KIA ထိန်းချုပ်လာတဲ့တရုတ်နယ်စပ်ကုန်သွယ်ရေးစခန်းလမ်းပိုင်း,"Sat, 15 Jun 2024 03:53:33 GMT",https://www.bbc.com/burmese/articles/cx9940e9vzyo#0,https://www.bbc.com/burmese/articles/cx9940e9vzyo,"ဆဒုံးစစ်ဗျူဟာစခန်းကြီးက ဆဒုံးမြို့တစ်ခုလုံးကို ထိန်းချုပ်ထားတဲ့ စစ်တပ်ဗျူဟာကုန်းဖြစ်တာကြောင့် ဆဒုံးမြို့တစ်ခုလုံးကို ကချင်လွတ်လပ်ရေးတပ် KIA က ထိန်းချုပ်လိုက်ပြီဖြစ်ပါတယ်။
ကံပိုင်တည် နယ်စပ်ကုန်သွယ်ရေးလမ်းပိုင်းအတွက်လည်း ဆဒုံးဗျူဟာစခန်းက အရေးကြီးတာကြောင့် ကေအိုင်အေအတွက် စခန်းကြီးကိုရခဲ့တာလို့ ဗိုလ်မှူးကြီးနော်ဘူ ကပြောပါတယ်။
"
ယူကရိန်းစစ်ပွဲ အပစ်ရပ်ရေး ကန့်သတ်ချက်တွေ သမ္မတပူတင် ချပြ,"Fri, 14 Jun 2024 16:55:24 GMT",https://www.bbc.com/burmese/articles/c3gg3jz80x8o#0,https://www.bbc.com/burmese/articles/c3gg3jz80x8o,သမ္မတပူတင်က ယူကရိန်းစစ်ပွဲ အပစ်ရပ်ဖို့နဲ့ ငြိမ်းချမ်းရေး ဆွေးနွေးဖို့အတွက် သူ့ဘက်က အဆိုပြုတဲ့ ကန့်သတ်ချက်စည်းမျဉ်းတွေကို ထုတ်ပြန်လိုက်ပါတယ်။
အိမ်တွင်းအလုပ်သမား - ထိုင်းနိုင်ငံက ကိုယ်ပျောက်လုပ်သား,"Sun, 16 Jun 2024 12:32:20 GMT",https://www.bbc.com/burmese/articles/clmmrpyevxvo#0,https://www.bbc.com/burmese/articles/clmmrpyevxvo,အိမ်တွင်းမှာပဲ အလုပ်လုပ်နေရပြီး ပြင်ပနဲ့ အထိအတွေ့နည်းတဲ့ ထိုင်းရောက်မြန်မာအိမ်တွင်းအလုပ်သမား အများစုအတွက်တော့ သူတို့ရဲ့ ရပိုင်ခွင့် ကိုထုတ်ပြောဖို့မှာ အတားအဆီးအခက်အခဲတွေရှိနေသေးတယ်လို့ ပြောကြပါတယ်။
ဓာတ်ခွဲခန်းထဲမှာ တိရစ္ဆာန်တွေ စမ်းသပ်ခံဖြစ်နေရတဲ့ဘဝက လွတ်ကင်းအောင် AI ကူညီနိုင်မလား,"Sun, 16 Jun 2024 13:34:35 GMT",https://www.bbc.com/burmese/articles/c722v1r5x95o#0,https://www.bbc.com/burmese/articles/c722v1r5x95o,ဆေးဝါးအသစ်၊ ဓာတုပစ္စည်းအသစ်တွေထုတ်လုပ်ရာမှာ AI ကို ပိုမိုအသုံးချလာကြပါတယ်။
ဇွန် ၁၆ ရက် နိုင်ငံတဝန်းသတင်းအနှစ်ချုပ် - ထီးချိုင့် ပသုံးလုံး ဖောက်လုပ်တဲ့လမ်းသစ်ကို ဆန္ဒပြပွဲ ဖြိုခွဲခံရ,"Sun, 16 Jun 2024 11:26:57 GMT",https://www.bbc.com/burmese/articles/c72277yjg01o#0,https://www.bbc.com/burmese/articles/c72277yjg01o,လာမယ့် ၂၀၂၅ ခုနှစ်မှာ ရွေးကောက်ပွဲကျင်းပမယ်လို့ စစ်ခေါင်းဆောင်ပြောတဲ့အကြောင်းအပါအဝင် နိုင်ငံတဝန်းထူးခြားသတင်းတွေကို စုစည်းတင်ဆက်ပေးနေပါတယ်။
ရုရှားပိုင်ဆိုင်မှုထဲကနေ ဒေါ်လာသန်းပေါင်း ငါးသောင်း ယူကရိန်းကို ချေးငှားဖို့ G7 သဘောတူ ,"Sun, 16 Jun 2024 13:31:35 GMT",https://www.bbc.com/burmese/articles/cljje5l7787o#0,https://www.bbc.com/burmese/articles/cljje5l7787o,ရှရှားတပ်တွေရဲ့ ကျူးကျော်မှုခံနေရတဲ့ ယူကရိန်းကို ကူညီဖို့ လွှဲပြောင်းရွှေ့ပြောင်းခွင့်ပိတ်ပင်ခံထားရတဲ့ ရုရှားပိုင်ဆိုင်မှုထဲကနေ အမေရိကန်ဒေါ်လာ ၅၀ ဘီလျံကို ယူကရိန်းအတွက်အသုံးပြုဖို့ G7 ကမ္ဘာ့စက်မှုထိပ်သီး ၇ နိုင်ငံက သဘောတူလိုက်ပါတယ်။
အိုင်အက်စ်ခေါင်းဆောင်ရဲ့ ကျန်ရစ်သူဇနီး ထုတ်ပြောလာတဲ့ အတူဖြတ်သန်းမှုဘဝအကြောင်း,"Sun, 16 Jun 2024 03:03:27 GMT",https://www.bbc.com/burmese/articles/c2881n1z0ydo#0,https://www.bbc.com/burmese/articles/c2881n1z0ydo, အိုင်အက်စ် ခေါင်းဆောင်  အဘူဘက်ခ် အယ်လ် ဘက်ဂ်ဒါဒီရဲ့  ပထမဇနီး အွမ် ဟိုဒေးဖားက သူမဟာ ရုပ်မြင်သံကြားကို ခိုးကြည့်ခဲ့ရသလို ခင်ပွန်းဖြစ်သူလက်ကနေ ရုန်းထွက်ဖို့ ကြိုးပမ်းခဲ့ပေမဲ့ အခွင့်မသာခဲ့ဘူးလို့ ပြောပါတယ်။
နှစ်‌ပေါင်း ၂၀၀၀ ကျော်ပျောက်ဆုံးနေတဲ့ ပန်ထွာဘုရင်မရဲ့ ဗိဿနိုးအနောက်ဘက်မြို့ရိုးပြန်တွေ့ ,"Mon, 17 Jun 2024 11:44:09 GMT",https://www.bbc.com/burmese/articles/c066ekkrmp7o#0,https://www.bbc.com/burmese/articles/c066ekkrmp7o,ဗိဿနိုးမြို့ဟောင်းထဲမှာ နှစ်ပေါင်း တစ်ရာကျော်ပညာရှင်အဆက်ဆက်ရဲ့ ဗိဿနိုးတူးဖော်မှုတွေကနေ မြန်မာနိုင်ငံ ရှေးဟောင်းသုတေသနအတွက် အရေးပါတဲ့ တွေ့ရှိချက်များစွာကို ဖော်ထုတ်ခဲ့ပါတယ်။ ဒါပေမဲ့လည်း အနောက်ဘက်မြို့ရိုးကိုတော့ မတွေ့ခဲ့ကြပါဘူး။ ၂၀၂၄ ခုနှစ်မှာတော့ အနောက်ဘက်မြို့ရိုးကိုတွေ့ရှိခဲ့ပါပြီ။ ဘာကြောင့် နှစ်ပေါင်းထောင်ချီတိမ်မြုပ်နေခဲ့တာလဲ။
ရုရှားသမ္မတပူတင်ရဲ့ မြောက်ကိုရီးယားခရီးစဥ် ဘာသဘောဆောင်လဲ,"Mon, 17 Jun 2024 12:34:23 GMT",https://www.bbc.com/burmese/articles/c511z2vmrvyo#0,https://www.bbc.com/burmese/articles/c511z2vmrvyo,ရုရှားသမ္မတ ပူတင်ဟာ မြောက်ကိုရီးယားခေါင်းဆောင်နဲ့တွေ့ဆုံဖို့ ပြုံရမ်းကို သွားဖို့ရှိနေပါတယ်။ ဒါဟာ နှစ်ပေါင်း ၂၀ ကျော်အတွင်း မြောက်ကိုရီးယားကို ဒုတိယအကြိမ်သွားတဲ့ခရီးစဥ်ဖြစ်လာပါတယ်။
ရခိုင်တောင်ပိုင်းက သံတွဲနဲ့ တောင်ကုတ်မှာ ဘာတွေဖြစ်နေလဲ,"Mon, 17 Jun 2024 06:06:55 GMT",https://www.bbc.com/burmese/articles/cqvvpn9vv9eo#0,https://www.bbc.com/burmese/articles/cqvvpn9vv9eo,ရခိုင်တောင်ပိုင်းက တောင်ကုတ်နဲ့သံတွဲမြို့နယ်တို့မှာ စစ်ကောင်စီတပ်နဲ့ အာရက္ခတပ်တော်(အေအေ)တို့ တိုက်ပွဲပြင်းထန်နေပြီး စစ်တပ်ခြေကုတ်ယူထားတဲ့နေရာတွေမှာ ဒေသခံတွေ တိုက်ပွဲရှောင်ဖို့ ခက်ခဲပြီး ပိတ်မိတာတွေရှိနေပါတယ်။
တစ်တော့သုံးသူတွေ မျက်ရည်ဖြိုင်စေခဲ့တဲ့ထိုင်းရုပ်ရှင်,"Wed, 12 Jun 2024 10:13:03 GMT",https://www.bbc.com/burmese/articles/cv225v6q55po#1,https://www.bbc.com/burmese/articles/cv225v6q55po, How to Make Millions Before Grandma Dies နာမည်ရတဲ့ထိုင်းရုပ်ရှင်ကိုကြည့်ပြီးသူတွေရဲ့ မျက်ရဖြိုင်ရတဲ့အကြောင်းပြောထားတဲ့ရုပ်သံတွေ အင်တာနက်မှာ လွှမ်းမိုးနေပါတယ်။
“ဘာမဆိုဖြစ်နိုင်တယ်” - ဧဝရတ်တောင်ကို အမြန်ဆုံးတက်ခဲ့သူ တစ်ကိုယ်ရည်မိခင် ,"Mon, 10 Jun 2024 09:50:17 GMT",https://www.bbc.com/burmese/articles/c511881d14zo#1,https://www.bbc.com/burmese/articles/c511881d14zo,နီပေါနိုင်ငံက တစ်ကိုယ်ရည်မိခင် ဖွန်ဂျို ဂျမူလာမာဟာ ဧဝရတ်တောင်ကို ၁၅ နာရီတောင်မကြာဘဲ မကြာသေးခင်တုန်းကပဲ တက်ထားသူဖြစ်ပါတယ်။ ဒီလိုစံချိန်ချိုးနိုင်ဖို့ ဘယ်လိုအားထုတ်ခဲ့ရတဲ့အကြောင်း ဘီဘီစီကို ပြောပြထားပါတယ်။
VPN ကို စစ်ကောင်စီပိတ်လို့ ရနိုင်လား,"Thu, 06 Jun 2024 02:14:48 GMT",https://www.bbc.com/burmese/articles/c3ggzz48pdyo#1,https://www.bbc.com/burmese/articles/c3ggzz48pdyo,"VPN က လုံးဝအမြစ်ဖြတ်ပိတ်နိုင်တာမျိုးလားဆိုတဲ့ မေးခွန်းတွေကလည်းရှိနေဆဲပါ။
လူသုံးများတဲ့ VPN တွေရဲ့ IP ၊ Port၊ Domain တွေကို Traffic တက်လာတာနဲ့အမျှ( သုံးစွဲမှုတိုးလာတာနဲ့ အမျှ) ပိတ်ခံရဖိုကသေချာသလောက်ရှိပါတယ်။
ဒါအပြင် ချိတ်ဆက်လိုရနေသေးတဲ့တချို VPN တွေရဲ့ အင်တာနက်မြန်နှုန်းကိုလည်း သုံးလိုမရလောက်အောင်နီးပါး  မြန်နှုန်းအရှိန် ( Speed ) လျှော့ချပစ်နိုင်ပါတယ်။ ဒါပေမဲ့ ဘယ်လိုပုံစံဆက်သုံးလို့ရောရနိုင်သေးလဲ။"
အနာကြီးရောဂါ ပြန်ခေါင်းထောင်လာနိုင်မလား,"Fri, 31 May 2024 10:46:50 GMT",https://www.bbc.com/burmese/articles/crggkey402xo#3,https://www.bbc.com/burmese/articles/crggkey402xo,စစ်အာဏာသိမ်းသုံးနှစ်ကျော်ကာလအတွင်း အနာကြီးရောဂါသည်တွေ စစ်ပြေး ရှောင်ရတာ၊ ရောဂါကန်လာလို့ သောက်သုံးရတဲ့ဆေးဝါးတွေမလုံလောက်တဲ့အခါ ကိုယ်ခန္ဓာချို့ယွင်း သူဦးရေ တိုးလာတာနဲ့ အနာကြီးရောဂါကုသပေးနိုင်တဲ့ ဆေးရုံဆေးခန်းနည်းပါးလာတာဟာ အဓိက စိုးရိမ်ချက် (၃) ချက်ဖြစ်လာပါတယ်။
ဆေးလိပ် - ဘယ်နိုင်ငံတွေမှာဆေးလိပ်သောက်တာကိုတားမြစ်ထားလဲ။ဘယ်လောက်အလုပ်ဖြစ်လဲ,"Fri, 31 May 2024 11:14:24 GMT",https://www.bbc.com/burmese/articles/cljj36081zgo#3,https://www.bbc.com/burmese/articles/cljj36081zgo,မေလ ၃၁ ရက်က ကမ္ဘာ့ဆေးလိပ်မသောက်ရေးနေ့ဖြစ်ပြီး ကမ္ဘာတဝန်းကျန်းမာရေးအဖွဲ့အစည်း‌တွေကတော့ ဆေးလိပ်သောက်တာကို နိုင်ငံအလိုက်တားမြစ်ဖို့ဆက်ပြီးဆော်သြနေပါတယ်။ ဆေးလိပ်သောက်တာကိုတားမြစ်ထားတဲ့နိုင်ငံတွေကရော တကယ်အလုပ်ဖြစ်ခဲ့လား။
ယာယီသမ္မတဦးမြင့်ဆွေကျန်းမာရေး နဲ့ သမ္မတအကျပ်အတည်း,"Tue, 18 Jun 2024 12:41:56 GMT",https://www.bbc.com/burmese/articles/c9004qqkx0yo#0,https://www.bbc.com/burmese/articles/c9004qqkx0yo,ဦးမြင့်ဆွေ ကျန်းမာရေးကြောင့်ဖြစ်ဖြစ် တာဝန်ဆက်မယူနိုင်တော့ဘူးဆိုရင် သူ့နေရာမှာ အစားထိုးဖို့ စစ်ကောင်စီက စဥ်းစားနေပြီလား၊ လွှတ်တော်မရှိတဲ့ အခြေအနေမှာ စစ်ကောင်စီက သမ္မတ တင်မြှောက်ခွင့်ရှိသလားဆိုတဲ့ မေးခွန်းတွေ ပေါ်ထွက်လာပါတယ်။
ပြုံယမ်းမှာ ရုရှားသမ္မတပူတင် တည်းခိုမယ့်ဧည့်ဂေဟာ ဘယ်လောက်ခမ်းနားလဲ,"Tue, 18 Jun 2024 13:35:28 GMT",https://www.bbc.com/burmese/articles/c5114w2k7w4o#0,https://www.bbc.com/burmese/articles/c5114w2k7w4o,ရုရှားသမ္မတ ဗလာဒီမီယာ ပူတင်ဟာ နှစ်ပေါင်း ၂၀ ကျော်အတွင်း ပထမဆုံးအကြိမ်အနေနဲ့ မြောက်ကိုရီးယားနိုင်ငံကို သွားရောက်ဖို့ရှိနေချိန်မှာပဲ မြောက်ကိုရီးယားက သမ္မတပူတင်ကို ဘယ်လိုဧည့်ခံကြိုဆိုမလဲဆိုတာကိုလည်း အများက စိတ်ဝင်စားနေကြပါတယ်။ သမ္မတပူတင်ဟာ ကင်ဆူဆန်း ဧည့်ဂေဟာကနေ တည်းမယ်လို့ မျှော်လင့်ရပါတယ်။ တရုတ်သမ္မတ ရှီကျင့်ပင် ၂၀၁၉ ခုနှစ်မှာ လည်ပတ်ချိန်တုန်းကလည်း အဆင့်မြင့်‌ဂေဟာမှာ တည်းခိုခဲ့ပါတယ်။
နှစ်‌ပေါင်း ၂၀၀၀ ကျော်ကပျောက်ဆုံးနေတဲ့  ဗိဿနိုးအနောက်ဘက်မြို့ရိုးပြန်တွေ့ ,"Tue, 18 Jun 2024 06:29:37 GMT",https://www.bbc.com/burmese/articles/c066ekkrmp7o#0,https://www.bbc.com/burmese/articles/c066ekkrmp7o,ဗိဿနိုးမြို့ဟောင်းထဲမှာ နှစ်ပေါင်း တစ်ရာကျော်ပညာရှင်အဆက်ဆက်ရဲ့ ဗိဿနိုးတူးဖော်မှုတွေကနေ မြန်မာနိုင်ငံ ရှေးဟောင်းသုတေသနအတွက် အရေးပါတဲ့ တွေ့ရှိချက်များစွာကို ဖော်ထုတ်ခဲ့ပါတယ်။ ဒါပေမဲ့လည်း အနောက်ဘက်မြို့ရိုးကိုတော့ မတွေ့ခဲ့ကြပါဘူး။ ၂၀၂၄ ခုနှစ်မှာတော့ အနောက်ဘက်မြို့ရိုးကိုတွေ့ရှိခဲ့ပါပြီ။ ဘာကြောင့် နှစ်ပေါင်းထောင်ချီတိမ်မြုပ်နေခဲ့တာလဲ။
ဒူဘိုင်းရဲ့ The World စီမံကိန်းကြီး ဘာဖြစ်သွားပြီလဲ,"Thu, 13 Jun 2024 11:35:24 GMT",https://www.bbc.com/burmese/articles/c133re8yxypo#1,https://www.bbc.com/burmese/articles/c133re8yxypo,ဒူဘိုင်းဟာ ‘’The World’’ ဆိုတဲ့ ကမ္ဘာကြီးပေါ်ကတိုက်ကြီးတွေပုံစံကိုတုပတဲ့ ကျွန်းတုပေါင်း ၂၆၀ ပါဝင်မယ့်စီမံကိန်းကြီးကို လွန်ခဲ့တဲ့နှစ်ပေါင်း ၂၀ ကျော်ကတည်းက စတင်ခဲ့ပါတယ်။ အဲဒီကျွန်းအများစုဟာ အခုတော့ သဲသောင်ပြင်တွေချည်းအဖြစ်ဆက်ရှိနေပါတယ်။
သူရဦးတင်ဦး၊ NLD နာယကနဲ့ တပ်ချုပ်ဟောင်း,"Sat, 01 Jun 2024 08:42:26 GMT",https://www.bbc.com/burmese/articles/c72gnd72rv2o#3,https://www.bbc.com/burmese/articles/c72gnd72rv2o,ဗိုလ်ချုပ်ကြီးတင်ဦး သက်တော်ရာကျော်ရှည်ပါစေလို့ ကြွေးကြော်ခံရတာ ဘာကြောင့်လဲနဲ့ သူ့ရဲ့ ဘဝမျက်နှာစာများ
ဒေါ်အောင်ဆန်းစုကြည် ချစ်တဲ့ စစ်သားအိုကြီးတွေ,"Wed, 19 Jun 2024 11:21:25 GMT",https://www.bbc.com/burmese/articles/crggvxkq9vpo#0,https://www.bbc.com/burmese/articles/crggvxkq9vpo,မြန်မာ့တပ်မတော် ထူထောင်သူ ဗိုလ်ချုပ်အောင်ဆန်း သမီးရဲ့  နိုင်ငံရေးမှာ  သူ့ကိုမလိုလားသူ ရန်သူတော်စစ်ဗိုလ်ချုပ်တွေရှိသလို မိတ်ဆွေစစ်ဗိုလ်ချုပ်တွေ လည်း ရှိခဲ့တာ ဖြစ်ပါတယ်။
ယာယီသမ္မတဦးမြင့်ဆွေကျန်းမာရေး နဲ့ သမ္မတအကျပ်အတည်း,"Tue, 18 Jun 2024 16:02:38 GMT",https://www.bbc.com/burmese/articles/c9004qqkx0yo#0,https://www.bbc.com/burmese/articles/c9004qqkx0yo,ဦးမြင့်ဆွေ ကျန်းမာရေးကြောင့်ဖြစ်ဖြစ် တာဝန်ဆက်မယူနိုင်တော့ဘူးဆိုရင် သူ့နေရာမှာ အစားထိုးဖို့ စစ်ကောင်စီက စဥ်းစားနေပြီလား၊ လွှတ်တော်မရှိတဲ့ အခြေအနေမှာ စစ်ကောင်စီက သမ္မတ တင်မြှောက်ခွင့်ရှိသလားဆိုတဲ့ မေးခွန်းတွေ ပေါ်ထွက်လာပါတယ်။
ကိုယ်ဝန်ဖျက်ချမှုကို ထောင်ဒဏ်အနှစ် ၂၀ ချမယ့် ဥပဒေကြမ်းကြောင့် ဘရာဇီးနိုင်ငံတဝန်း ဆန္ဒပြ,"Thu, 20 Jun 2024 11:14:13 GMT",https://www.bbc.com/burmese/articles/c2eey0m513jo#0,https://www.bbc.com/burmese/articles/c2eey0m513jo,အခုဥပဒေကြမ်းကိုသာ အတည်ပြုဖြစ်မယ်ဆိုရင် ကိုယ်တိုင်ဖျက်ချတာဖြစ်စေ၊ ဖျက်ချလိုကြောင်း ခွင့်ပြုတာဖြစ်စေ သာမန်လူသတ်မှုတွေအတွက် ချမှတ်လေ့ရှိတဲ့ ပြစ်ဒဏ်နဲ့ ညီမျှတဲ့ ထောင်ဒဏ် ခြောက်နှစ်ကနေ နှစ် ၂၀ အထိ ချမှတ်ခံရမှာဖြစ်ပါတယ်။
ဘီဘီစီ မြန်မာ နေ့စဉ် ရုပ်သံအစီအစဉ်ကို မဇ္စျိမတီဗီ တွင် ကြည့်ရှုနိုင်ပြီ,"Mon, 26 Mar 2018 16:15:48 GMT",https://www.bbc.com/burmese/institutional-43548528#6,https://www.bbc.com/burmese/institutional-43548528,နိုင်ငံတကာ နှင့် ဒေသတွင်းဖြစ်ပျက်နေသည့် နေ့စဉ် အရေးကြီးသတင်းများကို ပရိသတ်ထံသို့ အရောက် သယ်ဆောင်လာပါပြီ။
လိင်ပိုင်းဆိုင်ရာ နှောင့်ယှက်မှုနဲ့ တိုင်ကြားခံရတဲ့ NUG ကိုယ်စားလှယ်ကိစ္စ ဘယ်လို ဖြေရှင်းနေလဲ,"Fri, 21 Jun 2024 14:52:48 GMT",https://www.bbc.com/burmese/articles/cxwwzzl9erjo#0,https://www.bbc.com/burmese/articles/cxwwzzl9erjo, တိုင်ကြားသူအမျိုးသမီးက သူ့ အနေနဲ့ ထိပါးနှောင့်ယှက်မှုလည်းခံရပြီး  တရားမျှတမှုမရတဲ့အပြင် အလုပ်ပါထုတ်ခံရလို့ တရားမျှတမှုလိုချင်တယ်လို့ ပြောထားပါတယ်။
အပူဒဏ်သင့်လူနာတွေကိုကုသပေးနေတဲ့ အိန္ဒိယက ပထမဆုံးအရေးပေါ်ဆေးခန်း,"Fri, 21 Jun 2024 09:23:23 GMT",https://www.bbc.com/burmese/articles/clmm7r2vx2ko#0,https://www.bbc.com/burmese/articles/clmm7r2vx2ko,မြို့တော်ဒေလီမှာတော့ အိန္ဒိယမှာ ပထမဆုံးလို့ဆိုနိုင်တဲ့ဆေး‌ပေးခန်းတစ်ခုမှာ ဆရာဝန်တွေဟာ အပူရှပ်လူနာတွေရဲ့အသက်ကို ကယ်တင်ဖို့ ကြိုးစားနေကြပါတယ်။
စစ်တပ်ပစ်ခတ်မှုကြောင့် ဝင်းနိမ္မိတာရုံဆရာတော်ကြီးပျံလွန်တော်မူခဲ့တဲ့ဖြစ်စဥ်အသေးစိတ်,"Fri, 21 Jun 2024 01:05:26 GMT",https://www.bbc.com/burmese/articles/cx99zey9jx4o#0,https://www.bbc.com/burmese/articles/cx99zey9jx4o,''ကားထဲကိုကြည့်လိုက်တဲ့အခါမှာ အရှင်ဘုရားတို့ရဲ့ ညီတော် နောင်တော်၊ ဒါယိကာ၊ ဒါယိကာမတို့ရဲ့ ဝင်းနိမ္မိတာရုံဆရာ‌တော်ဟာ ခေါင်းငိုက်စိုက်ကျပြီး အသက်မရှိတော့ပါဘူးဘုရား'' လို့ ကြုံခဲ့ရတဲ့အခြေအနေကို ကန်သုံးဆင့်ဆရာတော်က ပြန်ပြောပြပါတယ်။
လိင်ပိုင်းဆိုင်ရာ နှောင့်ယှက်မှုနဲ့ တိုင်ကြားခံရတဲ့ NUG ကိုယ်စားလှယ်ကိစ္စ ဘယ်လို ဖြေရှင်းနေလဲ,"Sat, 22 Jun 2024 07:51:47 GMT",https://www.bbc.com/burmese/articles/cxwwzzl9erjo#0,https://www.bbc.com/burmese/articles/cxwwzzl9erjo, တိုင်ကြားသူအမျိုးသမီးက သူ့ အနေနဲ့ ထိပါးနှောင့်ယှက်မှုလည်းခံရပြီး  တရားမျှတမှုမရတဲ့အပြင် အလုပ်ပါထုတ်ခံရလို့ တရားမျှတမှုလိုချင်တယ်လို့ ပြောထားပါတယ်။
သတင်း မကြည့်ချင်သူတွေ ပိုများလာနေ,"Sat, 22 Jun 2024 11:52:16 GMT",https://www.bbc.com/burmese/articles/cxxx3ldz4e7o#0,https://www.bbc.com/burmese/articles/cxxx3ldz4e7o,သတင်းဆိုရင် မကြည့်တဲ့သူတွေ အခုအခါ စံချိန်တင် တိုးလာနေတယ်လို့ Reuters Institute ရဲ့ ၂၀၂၄ ခုနှစ် Digital News Report အစီရင်ခံစာသစ်မှာ ဖော်ပြထားပါတယ်။
ဂါဇာစစ်ပွဲ - ICRC ရဲ့ ဂါဇာရုံးခန်းအနီး လက်နက်ကြီးကျည်တွေကျပြီး လူ ၂၂ ယောက် သေဆုံး,"Sat, 22 Jun 2024 14:30:16 GMT",https://www.bbc.com/burmese/articles/clkke4lzvreo#0,https://www.bbc.com/burmese/articles/clkke4lzvreo,ဂါဇာကမ်းရိုးတန်းမြို့က ICRC နေရာတွေ လက်နက်ကြီးကျည်တွေကြောင့် ထိခိုက်ပြီး၊ အနီးဝန်းကျင်မှာ လူ ၂၂ ယောက် သေဆုံး
ဇွန် ၂၂ ရက် နိုင်ငံတဝန်း သတင်းအနှစ်ချုပ် - ဆရာတော်တွေကားကို ပစ်ခတ်ခဲ့တယ် လို့ စစ်ကောင်စီဝန်ခံ,"Sat, 22 Jun 2024 10:54:05 GMT",https://www.bbc.com/burmese/articles/cx88q0x3q9yo#0,https://www.bbc.com/burmese/articles/cx88q0x3q9yo,ဝင်းနိမ္မိတာရုံ ဆရာတော် ပျံလွန်တော်မူခဲ့တဲ့ ပစ်ခတ်ခံရမှုကို စစ်ကောင်စီက စိစစ်ခဲ့ပြီးနောက် ဆရာတော်တွေပါဝင်တဲ့ ကားကို နောက်ကနေ ပစ်ခတ်တားဆီးခဲ့တယ်လို့ စစ်ကောင်စီ သတင်းထုတ်ပြန်ရေးအဖွဲ့ခေါင်းဆောင် ဗိုလ်ချုပ်ဇော်မင်းထွန်းက ပြောပါတယ်။
စစ်ဆေးဖမ်းဆီးမှုတွေကြောင့် ဆန်စျေးနှုန်းကျလာနိုင်လား,"Sun, 23 Jun 2024 12:05:14 GMT",https://www.bbc.com/burmese/articles/c144kw9ww90o#0,https://www.bbc.com/burmese/articles/c144kw9ww90o,"""မိတ္ထီလာရောက်တော့ ဆန်စျေးဘယ်လိုရှိလဲမေးလိုက်တာ  ပေါ်ဆန်းက ၂ သိန်းနားရောက်နေပြီ စျေးအရမ်းတက်နေတယ်လို့ တစ်ယောက်က ဖြေလိုက်တယ်။  သူက (ဗိုလ်ချုပ်မှူးကြီးမင်းအောင်လှိုင်) အဲဒီမှာစျေးမှန်ကို သိသွားတယ်ပြောတယ်။ အဲဒီကနေလိုက်ပြီးတော့ စစ်ခိုင်းတော့တာပဲ” လို့ အဲဒီခရီးစဥ်အကြောင်းသိတဲ့ လုပ်ငန်းရှင်တစ်ဦးက ဘီဘီစီ ကို ပြောပါတယ်။"
ဒဏ်ရာရ ပါလက်စတိုင်းကို အစ္စရေးစစ်တပ်က ဂျစ်ကားရှေ့ဖုံးပေါ် ကြိုးနဲ့တုပ် တင်ခေါ်,"Sun, 23 Jun 2024 12:15:55 GMT",https://www.bbc.com/burmese/articles/cn000l1elpgo#0,https://www.bbc.com/burmese/articles/cn000l1elpgo,ဒဏ်ရာရသူကို လူသားဒိုင်းအဖြစ် အစ္စရေးစစ်တပ် အသုံးချတယ်ဆိုပြီး ကုလ အထူးကိုယ်စားလှယ် ပြစ်တင်ရှုတ်ချ
အရှေ့အာရှသားတွေ ဘာကြောင့် ဘာသာပြောင်းလာကြလဲ ,"Sun, 23 Jun 2024 10:09:51 GMT",https://www.bbc.com/burmese/articles/cz99z7l44r7o#0,https://www.bbc.com/burmese/articles/cz99z7l44r7o,ကမ္ဘာမှာ ဘာသာပြောင်းသူ ဒါမှမဟုတ် ဘာသာမဲ့ဖြစ်သူအရေအတွက်က အရှေ့အာရှမှာ အမြင့်ဆုံးနှုန်းရှိနေတာ တွေ့ရပါတယ်။
ဇွန် ၂၃ ရက် နိုင်ငံတဝန်းသတင်းအနှစ်ချုပ် - အမ်းမြို့ အခြေစိုက်တောဟိန်းတောင်ဗျူဟာကုန်းကို အေအေ နဲ့ မဟာမိတ်တပ်တွေသိမ်းပိုက်,"Sun, 23 Jun 2024 10:08:59 GMT",https://www.bbc.com/burmese/articles/c877zn2g48go#0,https://www.bbc.com/burmese/articles/c877zn2g48go,မြန်မာနိုင်ငံဆန်စပါးအသင်းချုပ် ဥက္ကဋ္ဌနဲ့ ဘုရင့်နောင်ဆန်ကုန်စည်ဒိုင် ဥက္ကဋ္ဌ တို့အပါအဝင် ဆန်စပါးလုပ်ငန်းရှင် ၁၀ ဦးထက်မနည်းကို စစ်ကောင်စီက ဒီကနေ့ ဇွန် ၂၃ ရက်အထိ ခေါ်ယူထားပြီး စစ်ဆေးနေဆဲလို့ ဆန်ကုန်သည်အသိုင်းအဝိုင်းကသိရပါတယ်။
တစ်လအတွင်း အကျဉ်းသားရာချီ ထောင်ပြောင်းရွှေ့ခံရတာဘာကြောင့်လဲ,"Mon, 24 Jun 2024 11:50:08 GMT",https://www.bbc.com/burmese/articles/cgxxwqppj4wo#0,https://www.bbc.com/burmese/articles/cgxxwqppj4wo,ဇွန်လအပြင် လာမယ့် ဇူလိုင်နဲ့သြဂုတ်လတွေဟာ နိုင်ငံရေးလှုပ်ရှားမှုများတဲ့လတွေဖြစ်လို့ ထောင်တွင်းလှုပ်ရှားမှု ဦးဆောင်သူတွေကို ခွဲထုတ်တဲ့အနေနဲ့  စစ်ဆင်ရေးသဘောဆောင်ပြီး လုပ်ကိုင်နေတာလို့လည်း နိုင်ငံရေးအကျဉ်းသားကူညီရေးအဖွဲ့တွေက သုံးသပ်ကြပါတယ်။
ယူကရိန်းစစ်ကြောင့် ပြောင်းလဲလာတဲ့ကမ္ဘာ့အငှားကိုယ်ဝန်ဆောင်စျေးကွက်,"Mon, 24 Jun 2024 09:30:10 GMT",https://www.bbc.com/burmese/articles/c6ppk82j221o#0,https://www.bbc.com/burmese/articles/c6ppk82j221o,“ရှင်းရှင်းပြောရရင်တော့ ဒီလို အငှားကိုယ်ဝန်ဆောင်တာ စိတ်ပိုင်းဆိုင်ရာထောက်ခံအားပေးမှု မရှိဘူး” လို့ သူမက ပြောပါတယ်။ “ကျွန်မကို ဝေဖန်ကဲ့ရဲ့ကြမယ်၊ ပြီးတော့ ကလေး ရောင်းစားတဲ့လူဆိုပြီး ကျွန်မကို စွပ်စွဲကြလိမ့်မယ်။ အဲဒါကြောင့် ဘယ်သူ့ကိုမှမပြောပြဖို့ ဆုံးဖြတ်ထားတယ်။ ဒါမှပဲအိမ်ပြန်တဲ့အခါ ဖယ်ကျဥ်ခံရတာမျိုး မဖြစ်မှာ”
မြောက်ကိုရီးယားကနယ်စပ် ’တံတိုင်း’ ဆောက်နေတာကို ဂြိုဟ်တုဓာတ်ပုံတွေက ဖော်ပြနေ,"Tue, 25 Jun 2024 11:36:52 GMT",https://www.bbc.com/burmese/articles/ckdd8qyg12qo#0,https://www.bbc.com/burmese/articles/ckdd8qyg12qo,တံတိုင်းလို့ ယူဆရတဲ့ တည်ဆောက်မှုတွေကို တောင်ကိုရီးယားနဲ့ ထိစပ်နေတဲ့ နယ်စပ်နေရာအများအပြားမှာ မြောက်ကိုရီးယားက လုပ်နေကြောင်း ဂြိုဟ်တု ဓာတ်ပုံ အသစ် တွေက ဖော်ပြနေပါတယ်။
တကျော့ပြန် ၁၀၂၇ စစ်ဆင်ရေး,"Wed, 26 Jun 2024 12:33:38 GMT",https://www.bbc.com/burmese/articles/c3gg9yk7e7zo#0,https://www.bbc.com/burmese/articles/c3gg9yk7e7zo,၁၀၂၇ စစ်ဆင်ရေးတုန်းက လားရှိုးမြို့ နဲ့ တရုတ်နယ်စပ် ကြားက မြို့တွေကို ပစ်မှတ်ထားခဲ့ပေမယ့် ဒီတခေါက် စစ်ဆင်ရေးမှာတော့ လားရှိုးမြို့ နဲ့ မန္တလေးတိုင်းကြားက မြို့တွေ ကို ပစ်မှတ်ထားတာ တွေ့ရပါတယ်။
ထရမ့်မဲဆွယ်စည်းရုံးရေးအတွက် ဒေါ်လာ သန်း ၅၀ လှူခဲ့တဲ့ ဘီလျံနာ ဘယ်သူလဲ,"Wed, 26 Jun 2024 08:36:01 GMT",https://www.bbc.com/burmese/articles/c4nngxl8832o#0,https://www.bbc.com/burmese/articles/c4nngxl8832o,လေယာဉ်ကိုယ်တိုင်မောင်းတဲ့ လေကြောင်းလိုင်းပိုင်ရှင်၊ လူမြင်ကွင်းမှာမတွေ့ရတတ်ဘဲ ဓာတ်ပုံတောင်အရိုက်ခံလေ့မရှိတဲ့ ဘီလျံနာ၊ မက္ကဆီကို နယ်စပ်မှာ တံတိုင်းခတ်ဖို့ လှူဒါန်းသူ၊ သမ္မတဟောင်း ထရန့်ကို ကန်ဒေါ်လာ သန်း ၅ဝ အထိ လှူခဲ့သူက တင်မိုသီမယ်လန်ဆိုသူ ဖြစ်ပါတယ်။
လူမျိုးစုတို့ရဲ့ ကိုယ်ပိုင်အုပ်ချုပ်မှု Ethnic Autonomy အပေါ် ဆန်းစစ်ခြင်း,"Thu, 27 Jun 2024 13:34:33 GMT",https://www.bbc.com/burmese/articles/c6p237gxq0qo#0,https://www.bbc.com/burmese/articles/c6p237gxq0qo,ပြည်ထောင်စုပုံစံအသစ်ဆီ ဦးတည်နေတာလား၊ ဒါမှမဟုတ် တိုင်းပြည် အစိတ်စိတ် အပိုင်းပိုင်း ဖြစ်လာတော့မယ့် ကနဦး အခြေအနေလား
ဟိမဝန္တာ- မရဏဇုန်က အလောင်းတွေကို ဘယ်လိုပြန်သယ်သလဲ,"Thu, 27 Jun 2024 12:41:16 GMT",https://www.bbc.com/burmese/articles/cprrr4l8ee4o#0,https://www.bbc.com/burmese/articles/cprrr4l8ee4o,ပြီးခဲ့တဲ့ ရာစုနှစ်ကတောင်တက်မှတ်တမ်း စယူချိန်က စရင် ဧဝရက်တောင် ဒေသမှာ သေဆုံးမှု ၃၀၀ ကျော် ရှိပြီး အဲဒီအလောင်းတွေ အများကြီး ကျန်နေတာ ဖြစ်ပါတယ်။ ဒါပေမဲ့ သေဆုံးမှုတွေက ထပ်တိုးလာနေပြီး ဒီနှစ်ထဲမှာ လူ ရှစ်ယောက်ထိသေဆုံးခဲ့ပြီးဖြစ်ပါတယ်။
သမ္မတဟောင်းရဲ့ တရုတ်ခရီးစဉ် ဘယ်လိုထူးခြားလဲ,"Fri, 28 Jun 2024 12:57:56 GMT",https://www.bbc.com/burmese/articles/cv2ge20jrz9o#0,https://www.bbc.com/burmese/articles/cv2ge20jrz9o,တရုတ်သမ္မတ ရှီကျင့်ဖျင်ကိုယ်တိုင် တက်ရောက်တဲ့ ဒီအခမ်းအနားမှာ ဗိုလ်ချုပ်မှူးကြီးမင်းအောင်လှိုင် နဲ့ စစ်ကောင်စီ ကို ကျော်လွန်ပြီး အငြိမ်းစားသမ္မတကို ဖိတ်ခဲ့တာကိုလည်း အကဲခတ်တွေက သတိပြုမိကြပါတယ်။
စစ်ကောင်စီလက်နက်ဝယ်ယူရေး ထိုင်းဘဏ်တွေကိုအားကိုးနေတယ်လို့ ကုလပြော ,"Thu, 27 Jun 2024 18:13:51 GMT",https://www.bbc.com/burmese/articles/c2x0l6ekjk6o#0,https://www.bbc.com/burmese/articles/c2x0l6ekjk6o,"""သတင်းဆိုးကတော့ စစ်တပ်ဟာ သူ့ အပေါ်  ပိတ်ဆို့အရေးယူမှုတွေကို တခြားအစီအမံတွေနဲ့  ရှောင်တိမ်းနေပြီး ဘဏ္ဍာရေးလမ်းကြောင်းတွေပြောင်းပြီးသုံးနေပါတယ်။ အဖွဲ့ဝင်နိုင်ငံတချို့ရဲ့ ပူးပေါင်းဆောင်ရွက်ဖို့ ပျက်ကွက်တာကို အခွင့်ကောင်းယူနေပါတယ်"" လို့ ကုလရဲ့ လူ့အခွင့်အရေးအထူးကိုယ်စားလှယ် တွမ်အင်ဒရူးကပြောပါတယ်။ "
သံတွဲငပလီကို အေအေ ထိန်းချုပ်နိုင်ပြီလား,"Sat, 29 Jun 2024 11:38:08 GMT",https://www.bbc.com/burmese/articles/cj7dk2kg478o#0,https://www.bbc.com/burmese/articles/cj7dk2kg478o,စစ်ကောင်စီတပ်ရင်းတွေဝန်းရံထားတဲ့ လေဆိပ်သာမက ကမ္ဘာကျော်ကမ်းခြေငပလီရှိတဲ့ သံတွဲကို အာရက္ခတပ်တော် ( အေအေ) က တိုက်ခိုက်သိမ်းပိုက်ဖို့ ကြိုးစားနေတာပါ။ သံတွဲ တိုက်ပွဲ ၂ လအကြာမှာတော့ သံတွဲကို အေအေ က အလုံးစုံ သိမ်းနိုင်ခြေရှိနေပြီလို့ ဒေသခံအချို့ကပြောပါတယ်။
ဇွန် ၂၉ ရက် နိုင်ငံတဝန်းသတင်းအနှစ်ချုပ် - ဗိုလ်ချုပ်မှုးကြီးမင်းအောင်လှိုင် နဲ့ စစ်ဗိုလ်ချုပ်တချို့ကို ဖမ်းဝရမ်းထုတ်ဖို့ အာဂျင်တီးနားဥပဒေအရာရှိ လျှောက်ထား,"Sat, 29 Jun 2024 10:06:25 GMT",https://www.bbc.com/burmese/articles/ck5g2rwyg7yo#0,https://www.bbc.com/burmese/articles/ck5g2rwyg7yo,မန္တလေးအခြေစိုက် အလယ်ပိုင်းတိုင်းစစ်ဌာနချုပ် နယ်မြေတွေဖြစ်တဲ့ မတ္တရာနဲ့ ပြင်ဦးလွင်အစပ်နားအထိ စစ်ရေးခြိမ်းခြောက်ခံနေရချိန်မှာ တိုင်းမှူး ဗိုလ်ချုပ်ကြည်ခိုင် နဲ့ တပ်အရာရှိတချို့ စစ်ဆေးခံနေရပါတယ်။
အားသွင်းဖို့ အချိန် ၅ မိနစ်သာလိုတဲ့ လျှပ်စစ်ကားဘက်ထရီ,"Sat, 29 Jun 2024 02:10:18 GMT",https://www.bbc.com/burmese/articles/cg64y70d99no#0,https://www.bbc.com/burmese/articles/cg64y70d99no,စျေးကွက်ထဲမှာရှိနေတဲ့ အမြန်ဆုံးအားပြန်ဖြည့်နိုင်တဲ့ ဘက်ထရီတွေထက် ပိုမြန်အောင် ဖြည့်နိုင်
အရှေ့အာရှသားတွေ ဘာကြောင့် ဘာသာပြောင်းလာကြလဲ ,"Sun, 23 Jun 2024 10:09:51 GMT",https://www.bbc.com/burmese/articles/cz99z7l44r7o#1,https://www.bbc.com/burmese/articles/cz99z7l44r7o,ကမ္ဘာမှာ ဘာသာပြောင်းသူ ဒါမှမဟုတ် ဘာသာမဲ့ဖြစ်သူအရေအတွက်က အရှေ့အာရှမှာ အမြင့်ဆုံးနှုန်းရှိနေတာ တွေ့ရပါတယ်။
အပူဒဏ်သင့်လူနာတွေကိုကုသပေးနေတဲ့ အိန္ဒိယက ပထမဆုံးအရေးပေါ်ဆေးခန်း,"Fri, 21 Jun 2024 09:23:23 GMT",https://www.bbc.com/burmese/articles/clmm7r2vx2ko#1,https://www.bbc.com/burmese/articles/clmm7r2vx2ko,မြို့တော်ဒေလီမှာတော့ အိန္ဒိယမှာ ပထမဆုံးလို့ဆိုနိုင်တဲ့ဆေး‌ပေးခန်းတစ်ခုမှာ ဆရာဝန်တွေဟာ အပူရှပ်လူနာတွေရဲ့အသက်ကို ကယ်တင်ဖို့ ကြိုးစားနေကြပါတယ်။
စစ်တပ်ရဲ့ ပစ်ခတ်မှုကြောင့်ပျံလွန်တော်မူခဲ့တဲ့ ဝင်းနိမ္မိတာရုံဆရာတော်ကြီး,"Fri, 21 Jun 2024 01:05:26 GMT",https://www.bbc.com/burmese/articles/cx99zey9jx4o#1,https://www.bbc.com/burmese/articles/cx99zey9jx4o,''ကားထဲကိုကြည့်လိုက်တဲ့အခါမှာ အရှင်ဘုရားတို့ရဲ့ ညီတော် နောင်တော်၊ ဒါယိကာ၊ ဒါယိကာမတို့ရဲ့ ဝင်းနိမ္မိတာရုံဆရာ‌တော်ဟာ ခေါင်းငိုက်စိုက်ကျပြီး အသက်မရှိတော့ပါဘူးဘုရား'' လို့ ကြုံခဲ့ရတဲ့အခြေအနေကို ကန်သုံးဆင့်ဆရာတော်က ပြန်ပြောပြပါတယ်။
ဒေါ်အောင်ဆန်းစုကြည် ချစ်တဲ့ စစ်သားအိုကြီးတွေ,"Wed, 19 Jun 2024 11:21:25 GMT",https://www.bbc.com/burmese/articles/crggvxkq9vpo#1,https://www.bbc.com/burmese/articles/crggvxkq9vpo,မြန်မာ့တပ်မတော် ထူထောင်သူ ဗိုလ်ချုပ်အောင်ဆန်း သမီးရဲ့  နိုင်ငံရေးမှာ  သူ့ကိုမလိုလားသူ ရန်သူတော်စစ်ဗိုလ်ချုပ်တွေရှိသလို မိတ်ဆွေစစ်ဗိုလ်ချုပ်တွေ လည်း ရှိခဲ့တာ ဖြစ်ပါတယ်။
နှစ်‌ပေါင်း ၂၀၀၀ ကျော်ကပျောက်ဆုံးနေတဲ့  ဗိဿနိုးအနောက်ဘက်မြို့ရိုးပြန်တွေ့ ,"Tue, 18 Jun 2024 06:29:37 GMT",https://www.bbc.com/burmese/articles/c066ekkrmp7o#1,https://www.bbc.com/burmese/articles/c066ekkrmp7o,ဗိဿနိုးမြို့ဟောင်းထဲမှာ နှစ်ပေါင်း တစ်ရာကျော်ပညာရှင်အဆက်ဆက်ရဲ့ ဗိဿနိုးတူးဖော်မှုတွေကနေ မြန်မာနိုင်ငံ ရှေးဟောင်းသုတေသနအတွက် အရေးပါတဲ့ တွေ့ရှိချက်များစွာကို ဖော်ထုတ်ခဲ့ပါတယ်။ ဒါပေမဲ့လည်း အနောက်ဘက်မြို့ရိုးကိုတော့ မတွေ့ခဲ့ကြပါဘူး။ ၂၀၂၄ ခုနှစ်မှာတော့ အနောက်ဘက်မြို့ရိုးကိုတွေ့ရှိခဲ့ပါပြီ။ ဘာကြောင့် နှစ်ပေါင်းထောင်ချီတိမ်မြုပ်နေခဲ့တာလဲ။
အိမ်တွင်းအလုပ်သမား - ထိုင်းနိုင်ငံက ကိုယ်ပျောက်လုပ်သား,"Sun, 16 Jun 2024 12:32:20 GMT",https://www.bbc.com/burmese/articles/clmmrpyevxvo#1,https://www.bbc.com/burmese/articles/clmmrpyevxvo,အိမ်တွင်းမှာပဲ အလုပ်လုပ်နေရပြီး ပြင်ပနဲ့ အထိအတွေ့နည်းတဲ့ ထိုင်းရောက်မြန်မာအိမ်တွင်းအလုပ်သမား အများစုအတွက်တော့ သူတို့ရဲ့ ရပိုင်ခွင့် ကိုထုတ်ပြောဖို့မှာ အတားအဆီးအခက်အခဲတွေရှိနေသေးတယ်လို့ ပြောကြပါတယ်။
အိုင်အက်စ်ခေါင်းဆောင်ရဲ့ ကျန်ရစ်သူဇနီး ထုတ်ပြောလာတဲ့ အတူဖြတ်သန်းမှုဘဝအကြောင်း,"Sun, 16 Jun 2024 03:03:27 GMT",https://www.bbc.com/burmese/articles/c2881n1z0ydo#1,https://www.bbc.com/burmese/articles/c2881n1z0ydo, အိုင်အက်စ် ခေါင်းဆောင်  အဘူဘက်ခ် အယ်လ် ဘက်ဂ်ဒါဒီရဲ့  ပထမဇနီး အွမ် ဟိုဒေးဖားက သူမဟာ ရုပ်မြင်သံကြားကို ခိုးကြည့်ခဲ့ရသလို ခင်ပွန်းဖြစ်သူလက်ကနေ ရုန်းထွက်ဖို့ ကြိုးပမ်းခဲ့ပေမဲ့ အခွင့်မသာခဲ့ဘူးလို့ ပြောပါတယ်။
တစ်တော့သုံးသူတွေ မျက်ရည်ဖြိုင်စေခဲ့တဲ့ထိုင်းရုပ်ရှင်,"Wed, 12 Jun 2024 10:13:03 GMT",https://www.bbc.com/burmese/articles/cv225v6q55po#3,https://www.bbc.com/burmese/articles/cv225v6q55po, How to Make Millions Before Grandma Dies နာမည်ရတဲ့ထိုင်းရုပ်ရှင်ကိုကြည့်ပြီးသူတွေရဲ့ မျက်ရဖြိုင်ရတဲ့အကြောင်းပြောထားတဲ့ရုပ်သံတွေ အင်တာနက်မှာ လွှမ်းမိုးနေပါတယ်။
“ဘာမဆိုဖြစ်နိုင်တယ်” - ဧဝရတ်တောင်ကို အမြန်ဆုံးတက်ခဲ့သူ တစ်ကိုယ်ရည်မိခင် ,"Mon, 10 Jun 2024 09:50:17 GMT",https://www.bbc.com/burmese/articles/c511881d14zo#3,https://www.bbc.com/burmese/articles/c511881d14zo,နီပေါနိုင်ငံက တစ်ကိုယ်ရည်မိခင် ဖွန်ဂျို ဂျမူလာမာဟာ ဧဝရတ်တောင်ကို ၁၅ နာရီတောင်မကြာဘဲ မကြာသေးခင်တုန်းကပဲ တက်ထားသူဖြစ်ပါတယ်။ ဒီလိုစံချိန်ချိုးနိုင်ဖို့ ဘယ်လိုအားထုတ်ခဲ့ရတဲ့အကြောင်း ဘီဘီစီကို ပြောပြထားပါတယ်။
တရားမဝင်ရောက်နေသူတွေကို ထိုင်းအစိုးရဘယ်လိုအထောက်အထားထုတ်ပေးမလဲ,"Sat, 08 Jun 2024 03:08:25 GMT",https://www.bbc.com/burmese/articles/cy9902w47kvo#3,https://www.bbc.com/burmese/articles/cy9902w47kvo,ထိုင်းနိုင်ငံထဲကို တရားမဝင်ရောက်နေတဲ့ အထောက်အထားမဲ့မြန်မာနိုင်ငံသားတွေကို ပန်းရောင်ကတ်လို့ ခေါ်တဲ့ အလုပ်လုပ်ခွင့်လက်မှတ်ထုတ်ပေးဖို့ ထိုင်းအာဏာပိုင်တွေက ပြင်ဆင်နေပါတယ်။ ဘယ်သူတွေအကျုံးဝင်လဲ။ ဘယ်လိုပုံစံထုတ်ပေးမှာလဲ။
အေအေ ဘာကြောင့် စစ်ရေးအောင်မြင်လဲ,"Sat, 08 Jun 2024 08:54:47 GMT",https://www.bbc.com/burmese/articles/c6pp03de0e6o#3,https://www.bbc.com/burmese/articles/c6pp03de0e6o,ရက္ခိုင့်တပ်တော်(အေအေ)က ပလက်ဝ အပါအဝင် မြို့ ဆယ် မြို့ကို ထိန်းချုပ်ထားနိုင်ပေမယ့် ခရီးရှည်တစ်ခုရဲ့ အစပဲ ရှိသေးတယ်လို့ ရခိုင်အရေးအကဲခတ်တွေက သုံးသပ်နေကြပါတယ်။
ပျောက်ဆုံးနေတဲ့ ခရစ်ပတို‌ဘုရင်မနဲ့ ဘူလ်ဂေးရီးယား မြေအောက်ကမ္ဘာက မှောင်မိုက်တဲ့ကွန်ရက်များ,"Thu, 06 Jun 2024 06:47:18 GMT",https://www.bbc.com/burmese/articles/cjrrw2qq9k1o#3,https://www.bbc.com/burmese/articles/cjrrw2qq9k1o,ခရစ်ပတိုငွေကြေး အတုတွေနဲ့ ရင်းနှီးမြှုပ်နှံသူတွေဆီကနေ ဒေါ်လာ ၄ ဒသမ ၅ ဘီလျံ လိမ်လည်ခဲ့တာကြောင့် အမေရိကန်ရဲ့ အလိုရှိဆုံး စာရင်းမှာ ပါနေသူ - အခုတော့ သူ ထူးဆန်းစွာ ပျောက်ဆုံးနေပါတယ်။
ဘန်ကောက်က အလုပ် ၇ သိန်းနီးပါးကို ထိုင်းရောက်မြန်မာလူငယ်တွေ လက်လှမ်းမီနိုင်မလား,"Sun, 30 Jun 2024 12:30:33 GMT",https://www.bbc.com/burmese/articles/cek9gz871emo#0,https://www.bbc.com/burmese/articles/cek9gz871emo,ပြည်တွင်းက စစ်မှုထမ်းဥပဒေကို တိမ်းရှောင်ဖို့ အိမ်နီးချင်း ထိုင်းနိုင်ငံကို ထွက်လာကြတဲ့ မြန်မာလူငယ်အများစုဟာ ဘန်ကောက်မြို့မှာ ပြုလုပ်နေတဲ့ သိန်းနဲ့ချီတဲ့အလုပ်အကိုင် အခွင့်အလမ်းပြပွဲကို ရောက်လာခဲ့ကြပေမဲ့ ဒီအခွင့်အလမ်းတွေ လက်လှမ်းမီနိုင်မလား။ လူငယ်အချို့နဲ့ ဘီဘီစီက စကားပြောခဲ့ပါတယ်။
ဇွန် ၃၀ ရက် နိုင်ငံတဝန်းသတင်းအနှစ်ချုပ် - စစ်တပ်လက်နက်ဝယ်ယူမှုဆိုင်ရာကုလအစီရင်ခံစာကို စစ်ကောင်စီ ဗဟိုဘဏ်ကန့်ကွက်,"Sun, 30 Jun 2024 11:23:36 GMT",https://www.bbc.com/burmese/articles/cxr243k579go#0,https://www.bbc.com/burmese/articles/cxr243k579go,ရှမ်းမြောက်က ၁၀၂၇ စစ်ဆင်ရေး နောက်ဆက်တွဲ နောက်ဆုံးရသတင်းတွေအပြင် ရခိုင်က စစ်ရေးအခြေအနေတွေကိုလည်း စုစည်းတင်ဆက်ပေးသွားမှာဖြစ်ပါတယ်။
အတက်ရောဂါကု ပစ္စည်းတခုကို ကလေးရဲ့  ဦးခေါင်းမှာ ပထမဆုံးအကြိမ် ထည့်သွင်းကုသ,"Sun, 30 Jun 2024 13:26:54 GMT",https://www.bbc.com/burmese/articles/c511y4y3xryo#0,https://www.bbc.com/burmese/articles/c511y4y3xryo,အသက် ၁၃ နှစ်အရွယ် အော်ရန်ဟာ အတက်ရောဂါပြင်းလို့ တစ်ခါတလေမှာဆိုရင် တစ်နေ့တည်းမှာတင် အကြိမ်ပေါင်းရာချီအောင် တက်တတ်လေ့ရှိပါတယ်။
တစ်လအတွင်း အကျဉ်းသားရာချီ ထောင်ပြောင်းရွှေ့ခံရတာဘာကြောင့်လဲ,"Mon, 24 Jun 2024 11:50:08 GMT",https://www.bbc.com/burmese/articles/cgxxwqppj4wo#1,https://www.bbc.com/burmese/articles/cgxxwqppj4wo,ဇွန်လအပြင် လာမယ့် ဇူလိုင်နဲ့သြဂုတ်လတွေဟာ နိုင်ငံရေးလှုပ်ရှားမှုများတဲ့လတွေဖြစ်လို့ ထောင်တွင်းလှုပ်ရှားမှု ဦးဆောင်သူတွေကို ခွဲထုတ်တဲ့အနေနဲ့  စစ်ဆင်ရေးသဘောဆောင်ပြီး လုပ်ကိုင်နေတာလို့လည်း နိုင်ငံရေးအကျဉ်းသားကူညီရေးအဖွဲ့တွေက သုံးသပ်ကြပါတယ်။
စစ်ဆေးဖမ်းဆီးမှုတွေကြောင့် ဆန်စျေးနှုန်းကျလာနိုင်လား,"Sun, 23 Jun 2024 12:05:14 GMT",https://www.bbc.com/burmese/articles/c144kw9ww90o#1,https://www.bbc.com/burmese/articles/c144kw9ww90o,"""မိတ္ထီလာရောက်တော့ ဆန်စျေးဘယ်လိုရှိလဲမေးလိုက်တာ ပေါ်ဆန်းက ၂ သိန်းနားရောက်နေပြီ စျေးအရမ်းတက်နေတယ်လို့ တစ်ယောက်က ဖြေလိုက်တယ်။ သူက (ဗိုလ်ချုပ်မှူးကြီးမင်းအောင်လှိုင်) အဲဒီမှာစျေးမှန်ကို သိသွားတယ်ပြောတယ်။ အဲဒီကနေလိုက်ပြီးတော့ စစ်ခိုင်းတော့တာပဲ” လို့ အဲဒီခရီးစဥ်အကြောင်းသိတဲ့ လုပ်ငန်းရှင်တစ်ဦးက ဘီဘီစီ ကို ပြောပါတယ်။"
ရေဘေး - ရေကြီးမှု ဘာကြောင့်ဖြစ်တာလဲ၊ ရေကြီးလာရင် ဘာတွေလုပ်ရမလဲ,"Mon, 01 Jul 2024 09:19:44 GMT",https://www.bbc.com/burmese/articles/c3gg4rl9z0wo#0,https://www.bbc.com/burmese/articles/c3gg4rl9z0wo,ကုလသမဂ္ဂရဲ့ အဆိုအရ ၁၉၉၈ နဲ့ ၂၀၁၇ ကြားမှာ ရေဘေးကြောင့် ကမ္ဘာတလွှားမှာ ဒုက္ခတွေ့ရတဲ့ သူပေါင်း ၂ ဘီလျံကျော်ရှိခဲ့ပါတယ်။
 ပြင်သစ် ရွေးကောက်ပွဲနဲ့ လက်ယာစွန်းရဲ့ သမိုင်းဝင်ဖို့ မျှော်လင့်ချက်,"Sun, 30 Jun 2024 16:14:54 GMT",https://www.bbc.com/burmese/articles/ckmg0r1km4yo#0,https://www.bbc.com/burmese/articles/ckmg0r1km4yo,ဥရောပသမဂ္ဂရဲ့ ထိပ်တန်း နိုင်ငံတခုမှာ လက်ယာ အများကြိုက် အစိုးရတရပ် ခေါင်းဆောင်တော့မယ့် အရိပ်တွေ ထင်ဟပ်နေ
ယူကရိန်းစစ်ကြောင့် ပြောင်းလဲလာတဲ့ကမ္ဘာ့အငှားကိုယ်ဝန်ဆောင်စျေးကွက်,"Mon, 24 Jun 2024 09:30:10 GMT",https://www.bbc.com/burmese/articles/c6ppk82j221o#1,https://www.bbc.com/burmese/articles/c6ppk82j221o,ယူကရိန်းမှာ စစ်ပွဲစတင်ကတည်းက ဂျော်ဂျီယာမှာ အငှားကိုယ်ဝန်ဆောင်မှု လိုအပ်ချက်မြင့်တက်လာပါတယ်။ ဒါပေမဲ့ တဖက်မှာလည်း ဒါနဲ့ပတ်သက်ပြီး အမျိုးသမီးတွေအပေါ် သက်ရောက်လာတဲ့ ဖိအားကို စိုးရိမ်မှုတွေ ရှိလာနေပါတယ်။
အိမ်တွင်းအလုပ်သမား - ထိုင်းနိုင်ငံက ကိုယ်ပျောက်လုပ်သား,"Sun, 16 Jun 2024 12:32:20 GMT",https://www.bbc.com/burmese/articles/clmmrpyevxvo#3,https://www.bbc.com/burmese/articles/clmmrpyevxvo,အိမ်တွင်းမှာပဲ အလုပ်လုပ်နေရပြီး ပြင်ပနဲ့ အထိအတွေ့နည်းတဲ့ ထိုင်းရောက်မြန်မာအိမ်တွင်းအလုပ်သမား အများစုအတွက်တော့ သူတို့ရဲ့ ရပိုင်ခွင့် ကိုထုတ်ပြောဖို့မှာ အတားအဆီးအခက်အခဲတွေရှိနေသေးတယ်လို့ ပြောကြပါတယ်။
ရှန်ဟိုင်းပူးပေါင်းဆောင်ရွက်ရေးအဖွဲ့ (SCO) ဆိုတာ ဘာလဲ,"Tue, 02 Jul 2024 13:30:51 GMT",https://www.bbc.com/burmese/articles/cn09g31vywpo#0,https://www.bbc.com/burmese/articles/cn09g31vywpo,မြန်မာက ဆွေးနွေးဖက်နိုင်ငံအနေနဲ့ပါဝင်နေပြီး ရုရှား၊ တရုတ်၊ အိန္ဒိယတို့ မဟာမိတ်အဖြစ်ပါဝင်တဲ့ ရှန်ဟိုင်းပူးပေါင်းဆောင်ရွက်ရေးအဖွဲ့ (SCO) ဟာ ထိပ်သီးဆွေးနွေးပွဲတစ်ခုကို ကျင်းပဖို့ရှိနေပါတယ်။ ဆိုတော့ ဒီအဖွဲ့က ဘာတွေလုပ်လဲ၊ ဘယ်လောက်အရေးပါပါသလဲ။
လက်ျာစွန်းတွေ ခေါင်းထောင်ထလာတဲ့ ဥရောပ  - နယ်သာလန်မှာလည်း လက်ျာညွန့်ပေါင်း အစိုးရဖွဲ့ပြီ,"Tue, 02 Jul 2024 14:48:07 GMT",https://www.bbc.com/burmese/articles/c849xpj5044o#0,https://www.bbc.com/burmese/articles/c849xpj5044o,နယ်သာလန်မှာ လက်ျာအင်အားစု စုပေါင်းပြီး အစိုးရဖွဲ့ချိန် ပြင်သစ်မှာ လက်ျာစွန်းတွေ လက်ထဲ အာဏာရောက်မသွားအောင် ကျန်ပါတီတွေ ရွေးကောက်ပွဲ ဗျူဟာ ချမှတ်နေ
ဂျိုးဘိုင်ဒင် သမ္မတလောင်းနေရာက ဖယ်မပေးဖို့ ဘိုင်ဒင်မိသားစု အခိုင်အမာ အားပေး ဝန်းရံ,"Mon, 01 Jul 2024 15:18:35 GMT",https://www.bbc.com/burmese/articles/c725lyyn2r0o#0,https://www.bbc.com/burmese/articles/c725lyyn2r0o,ထရမ့်နဲ့ စကားစစ်ထိုးပွဲမှာ သမ္မတ ဘိုင်ဒင် စွမ်းဆောင်ရည် မကောင်းခဲ့ဘူး ဆိုတဲ့ အမြင်နဲ့ ဒီမိုကရက်ပါတီတွင်းမှာ စိုးရိမ် ပူပန်မှု တချို့ ရှိနေ
အိမ်တွင်းအလုပ်သမား - ထိုင်းနိုင်ငံက ကိုယ်ပျောက်လုပ်သား,"Sun, 16 Jun 2024 12:32:20 GMT",https://www.bbc.com/burmese/articles/clmmrpyevxvo#4,https://www.bbc.com/burmese/articles/clmmrpyevxvo,အိမ်တွင်းမှာပဲ အလုပ်လုပ်နေရပြီး ပြင်ပနဲ့ အထိအတွေ့နည်းတဲ့ ထိုင်းရောက်မြန်မာအိမ်တွင်းအလုပ်သမား အများစုအတွက်တော့ သူတို့ရဲ့ ရပိုင်ခွင့် ကိုထုတ်ပြောဖို့မှာ အတားအဆီးအခက်အခဲတွေရှိနေသေးတယ်လို့ ပြောကြပါတယ်။
တစ်တော့သုံးသူတွေ မျက်ရည်ဖြိုင်စေခဲ့တဲ့ထိုင်းရုပ်ရှင်,"Wed, 12 Jun 2024 10:13:03 GMT",https://www.bbc.com/burmese/articles/cv225v6q55po#4,https://www.bbc.com/burmese/articles/cv225v6q55po, How to Make Millions Before Grandma Dies နာမည်ရတဲ့ထိုင်းရုပ်ရှင်ကိုကြည့်ပြီးသူတွေရဲ့ မျက်ရဖြိုင်ရတဲ့အကြောင်းပြောထားတဲ့ရုပ်သံတွေ အင်တာနက်မှာ လွှမ်းမိုးနေပါတယ်။
“ဘာမဆိုဖြစ်နိုင်တယ်” - ဧဝရတ်တောင်ကို အမြန်ဆုံးတက်ခဲ့သူ တစ်ကိုယ်ရည်မိခင် ,"Mon, 10 Jun 2024 09:50:17 GMT",https://www.bbc.com/burmese/articles/c511881d14zo#4,https://www.bbc.com/burmese/articles/c511881d14zo,နီပေါနိုင်ငံက တစ်ကိုယ်ရည်မိခင် ဖွန်ဂျို ဂျမူလာမာဟာ ဧဝရတ်တောင်ကို ၁၅ နာရီတောင်မကြာဘဲ မကြာသေးခင်တုန်းကပဲ တက်ထားသူဖြစ်ပါတယ်။ ဒီလိုစံချိန်ချိုးနိုင်ဖို့ ဘယ်လိုအားထုတ်ခဲ့ရတဲ့အကြောင်း ဘီဘီစီကို ပြောပြထားပါတယ်။
တရားမဝင်ရောက်နေသူတွေကို ထိုင်းအစိုးရဘယ်လိုအထောက်အထားထုတ်ပေးမလဲ,"Sat, 08 Jun 2024 03:08:25 GMT",https://www.bbc.com/burmese/articles/cy9902w47kvo#4,https://www.bbc.com/burmese/articles/cy9902w47kvo,ထိုင်းနိုင်ငံထဲကို တရားမဝင်ရောက်နေတဲ့ အထောက်အထားမဲ့မြန်မာနိုင်ငံသားတွေကို ပန်းရောင်ကတ်လို့ ခေါ်တဲ့ အလုပ်လုပ်ခွင့်လက်မှတ်ထုတ်ပေးဖို့ ထိုင်းအာဏာပိုင်တွေက ပြင်ဆင်နေပါတယ်။ ဘယ်သူတွေအကျုံးဝင်လဲ။ ဘယ်လိုပုံစံထုတ်ပေးမှာလဲ။
အေအေ ဘာကြောင့် စစ်ရေးအောင်မြင်လဲ,"Sat, 08 Jun 2024 08:54:47 GMT",https://www.bbc.com/burmese/articles/c6pp03de0e6o#4,https://www.bbc.com/burmese/articles/c6pp03de0e6o,ရက္ခိုင့်တပ်တော်(အေအေ)က ပလက်ဝ အပါအဝင် မြို့ ဆယ် မြို့ကို ထိန်းချုပ်ထားနိုင်ပေမယ့် ခရီးရှည်တစ်ခုရဲ့ အစပဲ ရှိသေးတယ်လို့ ရခိုင်အရေးအကဲခတ်တွေက သုံးသပ်နေကြပါတယ်။
ဘီဘီစီ မြန်မာ နေ့စဉ် ရုပ်သံအစီအစဉ်ကို မဇ္စျိမတီဗီ တွင် ကြည့်ရှုနိုင်ပြီ,"Mon, 26 Mar 2018 16:15:48 GMT",https://www.bbc.com/burmese/institutional-43548528#7,https://www.bbc.com/burmese/institutional-43548528,နိုင်ငံတကာ နှင့် ဒေသတွင်းဖြစ်ပျက်နေသည့် နေ့စဉ် အရေးကြီးသတင်းများကို ပရိသတ်ထံသို့ အရောက် သယ်ဆောင်လာပါပြီ။
ပုဂ္ဂလိကဘဏ်တွေစိုးရိမ်ရေမှတ်ရောက်နေပြီလား,"Wed, 03 Jul 2024 09:15:26 GMT",https://www.bbc.com/burmese/articles/c9wwdyv7g9wo#0,https://www.bbc.com/burmese/articles/c9wwdyv7g9wo,စစ်ကောင်စီမှာ ဘဏ်လုပ်ငန်းတွေအတွက်အာမခံချက်ရှိတဲ့ အရန်ငွေပမာဏလုံလုံလောက်လောက် မရှိတာကြောင့် ပုဂ္ဂလိကဘဏ်လုပ်ငန်းတွေကိုအတိမ်းအစောင်းမခံလိုတဲ့စိုးရိမ်ချက် စစ်ကောင်စီမှာရှိနေပါတယ်။ ဒါကြောင့်ပဲ ပုဂ္ဂလိက ဘဏ်တွေကို တင်းကျပ်စိစစ်လာတာလို့  စစ်ကောင်စီနဲ့ နီးစပ်တဲ့စီးပွားရေးပညာရှင်တစ်ဦးကသုံးသပ်ပါတယ်။
ဘီဘီစီ မြန်မာပိုင်း သတင်းတွေကို တယ်လီဂရမ်မှာ ကြည့်နိုင်ပါပြီ,"Wed, 03 Jul 2024 11:12:46 GMT",https://www.bbc.com/burmese/articles/czq6l30gw0xo#0,https://www.bbc.com/burmese/articles/czq6l30gw0xo,ဘီဘီစီ မြန်မာ သတင်းတွေ တယ်လီဂရမ် (Telegram) ပေါ်ကို ရောက်ပြီ။ ဘီဘီစီဝိုင်းတော်သူ ဝိုင်းတော်သားတွေက တင်ဆက်ပေးတဲ့ နောက်ဆုံးရ ထိပ်တန်းရောက် သတင်းတွေကို ကိုယ့်ရဲ့ဖုန်းထဲမှာပဲ အချိန်နဲ့တပြေးညီ ဖတ်ရှုနိုင်ဖို့ t.me/bbcnewsburmese ချန်နယ်ကို ဝင်ကြည့်ကြဖို့ ဖိတ်ခေါ်ပါတယ်။
လက်ျာ(လက်ယာ)စွန်းတွေ ခေါင်းထောင်ထလာတဲ့ဥရောပ - နယ်သာလန်မှာလည်း လက်ယာညွန့်ပေါင်း အစိုးရဖွဲ့ပြီ,"Tue, 02 Jul 2024 14:48:07 GMT",https://www.bbc.com/burmese/articles/c849xpj5044o#0,https://www.bbc.com/burmese/articles/c849xpj5044o,နယ်သာလန်မှာ လက်ျာ(လက်ယာ)အင်အားစု စုပေါင်းပြီး အစိုးရဖွဲ့ချိန် ပြင်သစ်မှာ လက်ယာစွန်းတွေ လက်ထဲ အာဏာရောက်မသွားအောင် ကျန်ပါတီတွေ ရွေးကောက်ပွဲ ဗျူဟာ ချမှတ်နေ
 အီရန်ရွေးကောက်ပွဲ မဲပေးသူနည်းလို့ ထပ်ပြိုင်ရမယ် ,"Sat, 29 Jun 2024 15:13:45 GMT",https://www.bbc.com/burmese/articles/cj504n1m0j2o#0,https://www.bbc.com/burmese/articles/cj504n1m0j2o,ပြုပြင်ရေးသမားလို့ မြင်ကြတဲ့ မာဆု ပဇက်ရှကီယန်းနဲ့ သဘောထားတင်းမာတဲ့ ဆာယိ ဂျာလီလီတို့ ၂ ယောက်လုံး အီရန်သမ္မတရွေးကောက်ပွဲမှာ အများစု နေရာ မရကြတဲ့အတွက် လာမယ့်သောကြာနေ့မှာ မဲထပ်ပေးကြရဖို့ ရှိ
သမ္မတဟောင်းရဲ့ တရုတ်ခရီးစဉ် ဘယ်လိုထူးခြားလဲ,"Fri, 28 Jun 2024 12:57:56 GMT",https://www.bbc.com/burmese/articles/cv2ge20jrz9o#1,https://www.bbc.com/burmese/articles/cv2ge20jrz9o,တရုတ်သမ္မတ ရှီကျင့်ဖျင်ကိုယ်တိုင် တက်ရောက်တဲ့ ဒီအခမ်းအနားမှာ ဗိုလ်ချုပ်မှူးကြီးမင်းအောင်လှိုင် နဲ့ စစ်ကောင်စီ ကို ကျော်လွန်ပြီး အငြိမ်းစားသမ္မတကို ဖိတ်ခဲ့တာကိုလည်း အကဲခတ်တွေက သတိပြုမိကြပါတယ်။
လူမျိုးစုတို့ရဲ့ ကိုယ်ပိုင်အုပ်ချုပ်မှု Ethnic Autonomy အပေါ် ဆန်းစစ်ခြင်း,"Thu, 27 Jun 2024 13:34:33 GMT",https://www.bbc.com/burmese/articles/c6p237gxq0qo#1,https://www.bbc.com/burmese/articles/c6p237gxq0qo,ပြည်ထောင်စုပုံစံအသစ်ဆီ ဦးတည်နေတာလား၊ ဒါမှမဟုတ် တိုင်းပြည် အစိတ်စိတ် အပိုင်းပိုင်း ဖြစ်လာတော့မယ့် ကနဦး အခြေအနေလား
ဟိမဝန္တာ- မရဏဇုန်က အလောင်းတွေကို ဘယ်လိုပြန်သယ်သလဲ,"Thu, 27 Jun 2024 12:41:16 GMT",https://www.bbc.com/burmese/articles/cprrr4l8ee4o#1,https://www.bbc.com/burmese/articles/cprrr4l8ee4o,ပြီးခဲ့တဲ့ ရာစုနှစ်က တောင်တက်မှတ်တမ်း စယူချိန်က စရင် ဧဝရက်တောင် ဒေသမှာ  သေဆုံးမှု ၃၀၀ ကျော် ရှိပြီး အဲဒီအလောင်းတွေ အများကြီး ကျန်နေတာ ဖြစ်ပါတယ်။ ဒါပေမဲ့ သေဆုံးမှုတွေက ထပ်တိုးလာနေပြီး ဒီနှစ်ထဲမှာ လူ ရှစ်ယောက်ထိ သေဆုံးခဲ့ပြီး ဖြစ်ပါတယ်။
စစ်တပ်ရဲ့ ပစ်ခတ်မှုကြောင့်ပျံလွန်တော်မူခဲ့တဲ့ ဝင်းနိမ္မိတာရုံဆရာတော်ကြီး,"Fri, 21 Jun 2024 01:05:26 GMT",https://www.bbc.com/burmese/articles/cx99zey9jx4o#4,https://www.bbc.com/burmese/articles/cx99zey9jx4o,''ကားထဲကိုကြည့်လိုက်တဲ့အခါမှာ အရှင်ဘုရားတို့ရဲ့ ညီတော် နောင်တော်၊ ဒါယိကာ၊ ဒါယိကာမတို့ရဲ့ ဝင်းနိမ္မိတာရုံဆရာ‌တော်ဟာ ခေါင်းငိုက်စိုက်ကျပြီး အသက်မရှိတော့ပါဘူးဘုရား'' လို့ ကြုံခဲ့ရတဲ့အခြေအနေကို ကန်သုံးဆင့်ဆရာတော်က ပြန်ပြောပြပါတယ်။
ဒေါ်အောင်ဆန်းစုကြည် ချစ်တဲ့ စစ်သားအိုကြီးတွေ,"Wed, 19 Jun 2024 11:21:25 GMT",https://www.bbc.com/burmese/articles/crggvxkq9vpo#4,https://www.bbc.com/burmese/articles/crggvxkq9vpo,မြန်မာ့တပ်မတော် ထူထောင်သူ ဗိုလ်ချုပ်အောင်ဆန်း သမီးရဲ့  နိုင်ငံရေးမှာ  သူ့ကိုမလိုလားသူ ရန်သူတော်စစ်ဗိုလ်ချုပ်တွေရှိသလို မိတ်ဆွေစစ်ဗိုလ်ချုပ်တွေ လည်း ရှိခဲ့တာ ဖြစ်ပါတယ်။
နှစ်‌ပေါင်း ၂၀၀၀ ကျော်ကပျောက်ဆုံးနေတဲ့  ဗိဿနိုးအနောက်ဘက်မြို့ရိုးပြန်တွေ့ ,"Tue, 18 Jun 2024 06:29:37 GMT",https://www.bbc.com/burmese/articles/c066ekkrmp7o#4,https://www.bbc.com/burmese/articles/c066ekkrmp7o,ဗိဿနိုးမြို့ဟောင်းထဲမှာ နှစ်ပေါင်း တစ်ရာကျော်ပညာရှင်အဆက်ဆက်ရဲ့ ဗိဿနိုးတူးဖော်မှုတွေကနေ မြန်မာနိုင်ငံ ရှေးဟောင်းသုတေသနအတွက် အရေးပါတဲ့ တွေ့ရှိချက်များစွာကို ဖော်ထုတ်ခဲ့ပါတယ်။ ဒါပေမဲ့လည်း အနောက်ဘက်မြို့ရိုးကိုတော့ မတွေ့ခဲ့ကြပါဘူး။ ၂၀၂၄ ခုနှစ်မှာတော့ အနောက်ဘက်မြို့ရိုးကိုတွေ့ရှိခဲ့ပါပြီ။ ဘာကြောင့် နှစ်ပေါင်းထောင်ချီတိမ်မြုပ်နေခဲ့တာလဲ။
အရှေ့မြောက်တိုင်းစစ်ဌာနချုပ်ရှိတဲ့ လားရှိုးမြို့ ကို ဝိုင်းထားတဲ့ မြောက်ပိုင်းသုံးဖွဲ့ရဲ့ ထိုးစစ်,"Thu, 04 Jul 2024 10:44:54 GMT",https://www.bbc.com/burmese/articles/c4ng21p35wdo#0,https://www.bbc.com/burmese/articles/c4ng21p35wdo,ရှမ်းမြောက် နောင်ချို၊ ကျောက်မဲ နဲ့သီပေါ ဘက်မှာ TNLA နဲ့ MDY- PDF ပူးပေါင်းတပ်တွေက မြို့သိမ်း၊ တပ်စခန်းသိမ်းတိုက်ပွဲတွေဖော်နေချိန်မှာပဲ ကိုးကန့် တပ် (MNDAA) ရဲ့  လားရှိုးမြို့ကို ဗဟိုပြုတဲ့ထိုးစစ် က မြို့ရဲ့  မိုင် ၁၀ မိုင်နဲ့ မိုင် ၂၀ ပတ်လည်အထိ နီးနီးကပ်ကပ်ရောက်လာတာဖြစ်ပါတယ်။
ပါလီမန်ဒီမိုကရေစီအိပ်မက်နဲ့ မန္တလေးက ပဒေသရာဇ်ပြုပြင်ရေး,"Wed, 03 Jul 2024 15:41:34 GMT",https://www.bbc.com/burmese/articles/cprqj4jqzd0o#0,https://www.bbc.com/burmese/articles/cprqj4jqzd0o,ပါလီမန်ဒီမိုကရေစီစနစ်၊ လွတ်လပ်တဲ့ သတင်းစာလောက၊ ခေတ်မီအုပ်ချုပ်ရေး စတာတွေ အမြစ်မတွယ်နိုင်ဘဲ စစ်အစိုးရ၊ စစ်ဘုရင်၀ါဒနဲ့ ဖိနှိပ်ချုပ်ချယ်မှုတွေသာ ပဒေသရာဇ်ခေတ်ကအတိုင်း ကျန်နေတာကို တွေ့ရ
ဂါဇာစစ်ပွဲ- ခန်းယူနစ်ကနေ ပါလက်စတိုင်းတွေ စွန့်ခွာ ထွက်ပြေး,"Wed, 03 Jul 2024 15:19:11 GMT",https://www.bbc.com/burmese/articles/c51yg120nyxo#0,https://www.bbc.com/burmese/articles/c51yg120nyxo,အစ္စရေးက ဘေးကင်းဇုံနယ်မြေ အဖြစ် သတ်မှတ်ထားတဲ့ နေရာမှာ လေကြောင်းတိုက်ခိုက်ခံရလို့ ပါလက်စတိုင်း ၁၂ ဦး သေဆုံး
စစ်မှုထမ်း - ထိုင်းမှာ အလုပ်အကိုင်သိန်းချီရှိနေပေမဲ့ မြန်မာလူငယ်တွေ အလုပ်လက်မဲ့ဖြစ်နေတာ ဘာကြောင့်လဲ,"Sun, 30 Jun 2024 12:30:33 GMT",https://www.bbc.com/burmese/articles/cek9gz871emo#0,https://www.bbc.com/burmese/articles/cek9gz871emo,ပြည်တွင်းက စစ်မှုထမ်းဥပဒေကို တိမ်းရှောင်ဖို့ အိမ်နီးချင်း ထိုင်းနိုင်ငံကို ထွက်လာကြတဲ့ မြန်မာလူငယ်အများစုဟာ ဘန်ကောက်မြို့မှာ ပြုလုပ်နေတဲ့ သိန်းနဲ့ချီတဲ့အလုပ်အကိုင် အခွင့်အလမ်းပြပွဲကို ရောက်လာခဲ့ကြပေမဲ့ ဒီအခွင့်အလမ်းတွေ လက်လှမ်းမီနိုင်မလား။ လူငယ်အချို့နဲ့ ဘီဘီစီက စကားပြောခဲ့ပါတယ်။
အားသွင်းဖို့ အချိန် ၅ မိနစ်သာလိုတဲ့ လျှပ်စစ်ကားဘက်ထရီ,"Sat, 29 Jun 2024 02:10:18 GMT",https://www.bbc.com/burmese/articles/cg64y70d99no#1,https://www.bbc.com/burmese/articles/cg64y70d99no,စျေးကွက်ထဲမှာရှိနေတဲ့ အမြန်ဆုံးအားပြန်ဖြည့်နိုင်တဲ့ ဘက်ထရီတွေထက် ပိုမြန်အောင် ဖြည့်နိုင်
လေဘာပါတီ - ဗြိတိန်ဝန်ကြီးချုပ်သစ် ကီယာစတားမာဆိုတာဘယ်သူလဲ,"Fri, 05 Jul 2024 08:08:04 GMT",https://www.bbc.com/burmese/articles/cd10j982rpgo#0,https://www.bbc.com/burmese/articles/cd10j982rpgo,"ရာဇဝတ်မှုတွေကို တရားစွဲဆိုတဲ့နေရာမှာ အင်္ဂလန်နှင့် ဝေလပြည်နယ်တွေရဲ့ အစိုးရဘက်က အဆင့်အမြင့်ဆုံး ဥပဒေအရာရှိရာထူးဖြစ်ပါတယ်။
ရာဇဝတ်မှုခင်းဆိုင်ရာ ဥပဒေရေးရာ ဆောင်ရွက်ချက် တွေကြောင့် ၂၀၁၄ ခုနှစ်မှာ သူ ဆာဘွဲ့ ရခဲ့ပါတယ်။
"
သံတွဲငပလီကို အေအေ ထိန်းချုပ်နိုင်ပြီလား,"Sat, 29 Jun 2024 11:38:08 GMT",https://www.bbc.com/burmese/articles/cj7dk2kg478o#1,https://www.bbc.com/burmese/articles/cj7dk2kg478o,စစ်ကောင်စီတပ်ရင်းတွေဝန်းရံထားတဲ့ လေဆိပ်သာမက ကမ္ဘာကျော်ကမ်းခြေငပလီရှိတဲ့ သံတွဲကို အာရက္ခတပ်တော် ( အေအေ) က တိုက်ခိုက်သိမ်းပိုက်ဖို့ ကြိုးစားနေတာပါ။ သံတွဲ တိုက်ပွဲ ၂ လအကြာမှာတော့ သံတွဲကို အေအေ က အလုံးစုံ သိမ်းနိုင်ခြေရှိနေပြီလို့ ဒေသခံအချို့ကပြောပါတယ်။
အရှေ့အာရှသားတွေ ဘာကြောင့် ဘာသာပြောင်းလာကြလဲ ,"Sun, 23 Jun 2024 10:09:51 GMT",https://www.bbc.com/burmese/articles/cz99z7l44r7o#4,https://www.bbc.com/burmese/articles/cz99z7l44r7o,ကမ္ဘာမှာ ဘာသာပြောင်းသူ ဒါမှမဟုတ် ဘာသာမဲ့ဖြစ်သူအရေအတွက်က အရှေ့အာရှမှာ အမြင့်ဆုံးနှုန်းရှိနေတာ တွေ့ရပါတယ်။
ကာလဝမ်းပျက်ဝမ်းလျှော ရောဂါကြောင့် လူသေဆုံးတာတွေ ရှိလာတဲ့  ရန်ကုန်,"Sat, 06 Jul 2024 12:36:38 GMT",https://www.bbc.com/burmese/articles/cv2g1x84jpxo#0,https://www.bbc.com/burmese/articles/cv2g1x84jpxo,ကူးစက်တတ်တဲ့‌ရောဂါတစ်ခုကြောင့် လူနှစ်ယောက်နဲ့အထက် တစ်နေရာတည်းကနေ ရောဂါပိုး ကူးစက်ခံရပြီဆိုရင် အကြမ်းအားဖြင့် ကပ်ရောဂါလို့ သတ်မှတ်နိုင်တယ်လို့ ကျန်းမာရေးကျွမ်းကျင်သူတွေက ပြောပါတယ်။
အီရန်မှာ ပြုပြင်ပြောင်းလဲရေးသမား မာဆုပဇာရှကီယန်း ရွေးကောက်ခံသမ္မတဖြစ်လာ,"Sat, 06 Jul 2024 11:47:13 GMT",https://www.bbc.com/burmese/articles/cl4y3dml02go#0,https://www.bbc.com/burmese/articles/cl4y3dml02go,ဒေါက်တာ မာဆုပဇာရှကီယန်း က အီရန်ကို စည်းလုံးညီညွတ်မှုရှိအောင်လုပ်မယ်လို့ ပြောထားပြီး ဒီစည်းလုံးညီညွတ်မှုကနေ ကမ္ဘာနဲ့ ကင်းကွာတဲ့ အီရန်ရဲ့ အထီးကျန်မှုကိုအဆုံးသတ်မယ်လို့ ကြွေးကြော်ထားတာပါ။
ဇူလိုင် ၆ ရက် နိုင်ငံတဝန်းသတင်းအနှစ်ချုပ် - ဒုတိယဗိုလ်ချုပ်မှူးကြီးစိုးဝင်း တရုတ်ကို သွားရောက်,"Sat, 06 Jul 2024 10:33:33 GMT",https://www.bbc.com/burmese/articles/cprq2nynx5eo#0,https://www.bbc.com/burmese/articles/cprq2nynx5eo,ဒုတိယစစ်ခေါင်းဆောင် ဒုတိယဗိုလ်ချုပ်မှူးကြီး စိုးဝင်း တရုတ်နိုင်ငံကို လာမယ့် ရက်ပိုင်းအတွင်း သွားရောက်ဖို့ရှိနေတယ်လို့ ဘီဘီစီက စုံစမ်းသိရှိရပါတယ်။
ဘီလျံနာ သူဌေးတွေရဲ့ ငပလီ သောက,"Sun, 07 Jul 2024 12:47:52 GMT",https://www.bbc.com/burmese/articles/c51y89571nqo#0,https://www.bbc.com/burmese/articles/c51y89571nqo,ဘီလျံနဲ့ချီတဲ့ ရင်းနှီးမြှုပ်နှံမှုတွေရှိနေတဲ့ ငပလီက ဟိုတယ်တွေဟာ အနားယူသွားတဲ့ စစ်ခေါင်းဆောင်တွေ၊ လက်ရှိစစ်ခေါင်းဆောင်တွေ နဲ့ အကျိုးစီးပွား ဆက်နွှယ်နေတဲ့ လုပ်ငန်းရှင်အများစု ပိုင်ဆိုင်ကြတာဖြစ်ပါတယ်။
ဇူလိုင် ၇ ရက် နိုင်ငံတဝန်းသတင်းအနှစ်ချုပ် - သံတွဲ(မဇင်လေဆိပ်)ကို သိမ်းလိုက်ပြီလို့ အေအေပြော,"Sun, 07 Jul 2024 11:45:06 GMT",https://www.bbc.com/burmese/articles/cg3e1ex1jv8o#0,https://www.bbc.com/burmese/articles/cg3e1ex1jv8o,မန္တလေးတိုင်း၊ မတ္တရာမြို့နယ်က စစ်ကောင်စီတပ်စခန်းတွေကို ထိုးစစ်ဆင်တိုက်ခိုက်နေတဲ့အကြောင်းအပါအဝင် နိုင်ငံတဝန်းထူးခြားသတင်းတွေကို စုစည်းတင်ဆက်ပေးနေပါတယ်။
လူရာကျော် ပိသေဆုံးမှု သူ့မှာတာဝန်မရှိဘူးလို့ အိန္ဒိယ ဂုရုပြော,"Sun, 07 Jul 2024 08:58:23 GMT",https://www.bbc.com/burmese/articles/cn4vqee29qgo#0,https://www.bbc.com/burmese/articles/cn4vqee29qgo,လူပေါင်း ၁၂၀ ကျော်သေဆုံးမှုဖြစ်တဲ့အထိ ဦးတည်ခဲ့တဲ့အဲဒီပွဲတော်ကို ဦးဆောင်ခဲ့သူ ဘိုလေး ဘာဘာ ကတော့ စုံစမ်းစစ်ဆေးမှုတွေမှာ ပူးပေါင်းပါဝင်သွားမယ်လို့ ပြောပါတယ်။
အသက်အငယ်ဆုံး ရွေးကောက်ခံ လေဘာအမတ်,"Sat, 06 Jul 2024 15:40:04 GMT",https://www.bbc.com/burmese/articles/c3gd8mxnmjdo#0,https://www.bbc.com/burmese/articles/c3gd8mxnmjdo,ပြိုင်ဘက် ကွန်ဆာဗေးတစ် အမတ် ရှိုင်းလက်ရှ် ဗာရာ ကို ၃၉မဲ အသာနဲ့ ကပ်ပြီး ဆမ်ကောလင်း အနိုင်ရခဲ့
လားရှိုးနဲ့မိုးကုတ်က တိုက်ပွဲတွေကြောင့် မြို့ကိုစွန့်ခွာချိန်လမ်းမှာပိတ်မိတဲ့စစ်ရှောင်တွေနဲ့ မြို့မှာကျန်ခဲ့သူတွေရဲ့ မလုံခြုံမှု,"Mon, 08 Jul 2024 12:59:30 GMT",https://www.bbc.com/burmese/articles/cjer7gl3d7ro#0,https://www.bbc.com/burmese/articles/cjer7gl3d7ro,လမ်းပိုင်းတွေမပိတ်ဆို့ခင်မြို့ကထွက်ခွာပြီး မန္တလေးမြို့မှာ စစ်ရှောင်ဖို့ဦးတည်ခဲ့တဲ့ မိုးကုတ်စစ်ရှောင်တွေလည်း မန္တလေး - မြစ်ကြီးနားလမ်းမကြီးပေါ်မှာ ရှေ့တိုးမသာ နောက်ဆုတ်မရအခြေအနေကိုကြုံနေကြရပါတယ်။
ဘိုလီဗီးယား - ကမ္ဘာမှာ စစ်အာဏာသိမ်းမှု အများဆုံးဖြစ်ပွားရတဲ့အကြောင်းရင်း   ၃ ချက်,"Mon, 08 Jul 2024 10:03:27 GMT",https://www.bbc.com/burmese/articles/c729z5d80w3o#0,https://www.bbc.com/burmese/articles/c729z5d80w3o,ဘိုလီဗီးယားရဲတပ်ဖွဲ့ဟာ အာဏာသိမ်းဖို့ ကြိုးပမ်းတယ်လို့ ယူဆရတဲ့ခေါင်းဆောင် ဗိုလ်ချုပ်ကြီး ဟွမ် ဟိုဆေး ဆုညီကာကို ဖမ်းဆီးလိုက်ပါတယ်။ သမ္မတ လူဝီ အာဆေးကလည်း ဒါကို ‘’အာဏာသိမ်းဖို့ ကြိုးပမ်းမှု’’ ပြောပြီး ရှုတ်ချသလို သမ္မတဟောင်း အီဗို မိုရာလက်စ်ကလည်း ဒီမိုကရေစီကို ကာကွယ်ဖို့ လူထုကို တောင်းဆိုထားပါတယ်။ ဗိုလ်ချုပ်ကြီးကတော့ အဖမ်းခံရပြီးနောက်မှာ သတင်းစာရှင်းလင်းပွဲမှာ လူမြင်ကွင်းထဲ ခေါ် ထုတ်ခံခဲ့ရပါတယ်။
ရေဘေး - ရေကြီးမှု ဘာကြောင့်ဖြစ်တာလဲ၊ ရေကြီးလာရင် ဘာတွေလုပ်ရမလဲ,"Mon, 01 Jul 2024 09:19:44 GMT",https://www.bbc.com/burmese/articles/c3gg4rl9z0wo#1,https://www.bbc.com/burmese/articles/c3gg4rl9z0wo,ကုလသမဂ္ဂရဲ့ အဆိုအရ ၁၉၉၈ နဲ့ ၂၀၁၇ ကြားမှာ ရေဘေးကြောင့် ကမ္ဘာတလွှားမှာ ဒုက္ခတွေ့ရတဲ့ သူပေါင်း ၂ ဘီလျံကျော်ရှိခဲ့ပါတယ်။
ရှန်ဟိုင်းပူးပေါင်းဆောင်ရွက်ရေးအဖွဲ့ (SCO) ဆိုတာ ဘာလဲ,"Tue, 02 Jul 2024 13:30:51 GMT",https://www.bbc.com/burmese/articles/cn09g31vywpo#1,https://www.bbc.com/burmese/articles/cn09g31vywpo,မြန်မာက ဆွေးနွေးဖက်နိုင်ငံအနေနဲ့ပါဝင်နေပြီး ရုရှား၊ တရုတ်၊ အိန္ဒိယတို့ မဟာမိတ်အဖြစ်ပါဝင်တဲ့ ရှန်ဟိုင်းပူးပေါင်းဆောင်ရွက်ရေးအဖွဲ့ (SCO) ဟာ ထိပ်သီးဆွေးနွေးပွဲတစ်ခုကို ကျင်းပဖို့ရှိနေပါတယ်။ ဆိုတော့ ဒီအဖွဲ့က ဘာတွေလုပ်လဲ၊ ဘယ်လောက်အရေးပါပါသလဲ။
စစ်မှုထမ်း - ထိုင်းမှာ အလုပ်အကိုင်သိန်းချီရှိနေပေမဲ့ မြန်မာလူငယ်တွေ အလုပ်လက်မဲ့ဖြစ်နေတာ ဘာကြောင့်လဲ,"Sun, 30 Jun 2024 12:30:33 GMT",https://www.bbc.com/burmese/articles/cek9gz871emo#1,https://www.bbc.com/burmese/articles/cek9gz871emo,ပြည်တွင်းက စစ်မှုထမ်းဥပဒေကို တိမ်းရှောင်ဖို့ အိမ်နီးချင်း ထိုင်းနိုင်ငံကို ထွက်လာကြတဲ့ မြန်မာလူငယ်အများစုဟာ ဘန်ကောက်မြို့မှာ ပြုလုပ်နေတဲ့ သိန်းနဲ့ချီတဲ့အလုပ်အကိုင် အခွင့်အလမ်းပြပွဲကို ရောက်လာခဲ့ကြပေမဲ့ ဒီအခွင့်အလမ်းတွေ လက်လှမ်းမီနိုင်မလား။ ဒီအကြောင်း လူငယ်အချို့နဲ့ ဘီဘီစီက စကားပြောခဲ့ပါတယ်။
ယူကရိန်းစစ်ကြောင့် ပြောင်းလဲလာတဲ့ကမ္ဘာ့အငှားကိုယ်ဝန်ဆောင်စျေးကွက်,"Mon, 24 Jun 2024 09:30:10 GMT",https://www.bbc.com/burmese/articles/c6ppk82j221o#4,https://www.bbc.com/burmese/articles/c6ppk82j221o,ယူကရိန်းမှာ စစ်ပွဲစတင်ကတည်းက ဂျော်ဂျီယာမှာ အငှားကိုယ်ဝန်ဆောင်မှု လိုအပ်ချက်မြင့်တက်လာပါတယ်။ ဒါပေမဲ့ တဖက်မှာလည်း ဒါနဲ့ပတ်သက်ပြီး အမျိုးသမီးတွေအပေါ် သက်ရောက်လာတဲ့ ဖိအားကို စိုးရိမ်မှုတွေ ရှိလာနေပါတယ်။
Nato အဖွဲ့ဆိုတာ ဘာလဲ၊ ကာကွယ်ရေးကို ဘယ်လိုတိုးမြှင့်နေလဲ,"Tue, 09 Jul 2024 14:26:43 GMT",https://www.bbc.com/burmese/articles/c28e3z79n41o#0,https://www.bbc.com/burmese/articles/c28e3z79n41o,နေတိုး(Nato)အဖွဲ့ဝင်နိုင်ငံတွေဟာ ၇၅ နှစ်မြောက်နှစ်ပတ်လည်ကို ဆင်နွှဲနေချိန်မှာလည်း  ကာကွယ်ရေးပိုင်းကိုလည်း မြှင့်နေပါတယ်။
ဝေဖန်သံတွေကြားက  အဆုံးထိ ပြိုင်မယ်လို့ ဘိုင်ဒန် ကတိပြု ,"Mon, 08 Jul 2024 16:33:35 GMT",https://www.bbc.com/burmese/articles/c87rg6j01neo#0,https://www.bbc.com/burmese/articles/c87rg6j01neo,ဒေါ်နယ်ထရမ့်ကို သူမနိုင်ဘူး ထင်ရင် ထပ်ပြိုင်မှာ မဟုတ်ဘူးဆိုပြီး အမေရိကန် ကွန်ဂရက်လွှတ်တော်က ဒီမိုကရက်အမတ်တွေကို ပေးတဲ့စာမှာ မစ္စတာဘိုင်ဒန်က ရေး
ပုဂ္ဂလိကဘဏ်တွေစိုးရိမ်ရေမှတ်ရောက်နေပြီလား,"Wed, 03 Jul 2024 09:15:26 GMT",https://www.bbc.com/burmese/articles/c9wwdyv7g9wo#1,https://www.bbc.com/burmese/articles/c9wwdyv7g9wo,စစ်ကောင်စီမှာ ဘဏ်လုပ်ငန်းတွေအတွက်အာမခံချက်ရှိတဲ့ အရန်ငွေပမာဏလုံလုံလောက်လောက်    မရှိတာကြောင့် ပုဂ္ဂလိကဘဏ်လုပ်ငန်းတွေကိုအတိမ်းအစောင်းမခံလိုတဲ့စိုးရိမ်ချက် စစ်ကောင်စီမှာရှိနေတဲ့အတွက် ဘဏ်တွေကို တင်းကျပ်လာတာလို့  စစ်ကောင်စီနဲ့ နီးစပ်တဲ့ စီးပွားရေးပညာရှင်တစ်ဦးက သုံးသပ်ပါတယ်။
 မော်စကိုမှာ ပူတင်နဲ့တွေ့ တဲ့ မိုဒီ၊ ရုရှားနဲ့ အမေရိကန်ကြား ဗျာများတဲ့ အိန္ဒိယ,"Tue, 09 Jul 2024 17:52:04 GMT",https://www.bbc.com/burmese/articles/cml2kvjm2deo#0,https://www.bbc.com/burmese/articles/cml2kvjm2deo,ယူကရိန်း ဆေးရုံကို ဒုံးကျည် မှန်ပြီး နောက်တရက်မှာပဲ အပြစ်မရှိတဲ့ ကလေးတွေ သေရတဲ့အတွက် နာကျင် ခံစားရကြောင်း အိန္ဒိယ ဝန်ကြီးချုပ် နရိန္ဒရာ မိုဒီက ရုရှားသမ္မတ ပူတင်ကို ပြောကြားခဲ့
ပါလီမန်ဒီမိုကရေစီအိပ်မက်နဲ့ မန္တလေးက ပဒေသရာဇ်ပြုပြင်ရေး,"Wed, 03 Jul 2024 15:41:34 GMT",https://www.bbc.com/burmese/articles/cprqj4jqzd0o#1,https://www.bbc.com/burmese/articles/cprqj4jqzd0o,ပါလီမန်ဒီမိုကရေစီစနစ်၊ လွတ်လပ်တဲ့ သတင်းစာလောက၊ ခေတ်မီအုပ်ချုပ်ရေး စတာတွေ အမြစ်မတွယ်နိုင်ဘဲ စစ်အစိုးရ၊ စစ်ဘုရင်၀ါဒနဲ့ ဖိနှိပ်ချုပ်ချယ်မှုတွေသာ ပဒေသရာဇ်ခေတ်ကအတိုင်း ကျန်နေတာကို တွေ့ရ
လူမျိုးစုတို့ရဲ့ ကိုယ်ပိုင်အုပ်ချုပ်မှု Ethnic Autonomy အပေါ် ဆန်းစစ်ခြင်း,"Thu, 27 Jun 2024 13:34:33 GMT",https://www.bbc.com/burmese/articles/c6p237gxq0qo#4,https://www.bbc.com/burmese/articles/c6p237gxq0qo,ပြည်ထောင်စုပုံစံအသစ်ဆီ ဦးတည်နေတာလား၊ ဒါမှမဟုတ် တိုင်းပြည် အစိတ်စိတ် အပိုင်းပိုင်း ဖြစ်လာတော့မယ့် ကနဦး အခြေအနေလား
လေထုညစ်ညမ်းမှုနဲ့ မိန်းကလေးငယ်တွေ ရာသီပန်းစောစောပွင့်လန်းမှု ဆက်နွှယ်သလား,"Thu, 11 Jul 2024 12:42:27 GMT",https://www.bbc.com/burmese/articles/cv2g7jp9832o#0,https://www.bbc.com/burmese/articles/cv2g7jp9832o,မကြာသေးခင်တုန်းက လေ့လာချက်တွေမှာတော့ လေထုညစ်ညမ်းမှုဟာ အမျိုးသမီးငယ်တွေ အပျိုဖော်စတင်ဝင်ရောက်တာကို ဖြစ်တန်ရာခြေရှိတယ်လို့ နားလည်လာရပါတယ်။ သုတေသီကတော့ ရာသီသွေး စောစောပေါ်တဲ့ကိစ္စဟာ မျိုးပွားစနစ်ကင်ဆာဖြစ်နိုင်တာနဲ့ တခြားမျိုးပွားစနစ် ကျန်းမာရေးပြဿနာတွေ ဖြစ်လာနိုင်ခြေရှိတာကို စိုးရိမ်နေကြပါတယ်။
ရိုးမရဲ့ ဘီလျံနာသူဌေးကြီး ဆာ့ချ်ပန်းကို စစ်ကောင်စီက စစ်ဆေးနေ,"Thu, 11 Jul 2024 04:39:35 GMT",https://www.bbc.com/burmese/articles/c8vdgm579jyo#0,https://www.bbc.com/burmese/articles/c8vdgm579jyo,ဦးသိမ်းဝေကို  ရိုးမဘဏ်၊  ပန်းလှိုင်အိမ်ရာစီမံကိန်းနဲ့ ဆေးရုံ၊ FMI စီးတီးအိမ်ရာစီမံကိန်းတွေနဲ့ မြန်မာမှာ လူသိများပါတယ်။ရိုးမဘက်ကတော့ လုပ်ငန်းတည်ထောင်သူ ဦးသိမ်းဝေဟာ နေပြည်တော်မှာရှိနေပြီး ဘဏ်လုပ်ငန်းနဲ့ ဆက်စပ်တဲ့ကိစ္စရပ်တွေအတွက် ဗဟိုဘဏ်အပါအဝင်သက်ဆိုင်ရာအာဏာပိုင်တွေနဲ့ ပူးပေါင်းဆောင်ရွက်နေတယ်လို့ပြောပါတယ်။
  အမျိုးသား သတ်သေမှု များတာ အမျိုးသမီးတွေကြောင့်လို့ တောင်ကိုရီးယား နိုင်ငံရေးသမား အပြစ်တင်,"Wed, 10 Jul 2024 17:02:16 GMT",https://www.bbc.com/burmese/articles/c0w4d9pee75o#0,https://www.bbc.com/burmese/articles/c0w4d9pee75o,တောင်ကိုရီးယားမှာ အမျိုးသမီး လွှမ်းမိုးမှု များလို့ အမျိုးသားတွေ သေကြောင်းကြံတာ တိုးလာတယ်လို့  ပြောတဲ့ နိုင်ငံရေးသမားကို ဝေဖန်နေ
လားရှိုးနဲ့ မိုးကုတ်က တိုက်ပွဲတွေကြောင့် မြို့ကိုစွန့်ခွာချိန် လမ်းမှာပိတ်မိတဲ့စစ်ရှောင်တွေ နဲ့ မြို့မှာကျန်ခဲ့သူတွေရဲ့ မလုံခြုံမှု,"Mon, 08 Jul 2024 12:59:30 GMT",https://www.bbc.com/burmese/articles/cjer7gl3d7ro#0,https://www.bbc.com/burmese/articles/cjer7gl3d7ro,လမ်းပိုင်းတွေ မပိတ်ဆို့ခင် မြို့ကထွက်ခွာပြီး မန္တလေးမြို့မှာ စစ်ရှောင်ဖို့ဦးတည်ခဲ့တဲ့ မိုးကုတ်စစ်ရှောင်တွေလည်း မန္တလေး - မြစ်ကြီးနားလမ်းမကြီးပေါ်မှာ ရှေ့တိုးမသာ နောက်ဆုတ်မရ အခြေအနေကိုကြုံနေကြရပါတယ်။
လားရှိုးမကျဖို့ စစ်ကောင်စီ အတွက်ဘယ်လောက်အရေးကြီးလဲ,"Fri, 12 Jul 2024 09:53:21 GMT",https://www.bbc.com/burmese/articles/c725r1nzy31o#0,https://www.bbc.com/burmese/articles/c725r1nzy31o,လားရှိုးကို လက်လွှတ်ရရင် တရုတ်နယ်စပ်ကနေ မန္တလေးတိုင်းအစပ် ပြင်ဦးလွင်၊မိုးကုတ် အထိ တိုင်းရင်းသားလက်နက်ကိုင်တွေရဲ့ ထိန်းချုပ်နယ်မြေ ဖြစ်သွားမှာဖြစ်ပြီး ပြည်မက ပြည်သူ့ကာကွယ်ရေးတပ်ဖွဲ့တွေ နဲ့ ချိတ်ဆက်သွားမှာကို စစ်ကောင်စီက စိုးရိမ်နေတယ်လို့ စစ်ရေးအကဲခတ်တစ်ဦးကပြောပါတယ်။
ကမ္ဘာ့အချမ်းသာဆုံးစာရင်းဝင် အိန္ဒိယသူဌေးကြီးရဲ့ သား မင်္ဂလာဆောင် ဘာတွေထူးခြားလဲ,"Fri, 12 Jul 2024 12:19:17 GMT",https://www.bbc.com/burmese/articles/cyr7nl48njro#0,https://www.bbc.com/burmese/articles/cyr7nl48njro,"ကမ္ဘာတဝန်းသာမက မြန်မာက ဆိုရှယ်မီဒီယာတွေအထိ အမ်ဘာနီသားရဲ့ မင်္ဂလာဆောင်ပုံရိပ်တွေနဲ့  ဂျပ်စတင်ဘီဘာရဲ့ ဖျော်ဖြေပွဲ ပုံရိပ်တွေက လွှမ်းမိုးနေရာယူထားပါတယ်။
သတို့သမီးရာဒီကား ရိုးရာနနွင်းလိမ်းပွဲမှာ ဝတ်ဆင်ခဲ့တဲ့ စံပယ်ပန်းအစစ်တွေကို  ရွှေချည်မျှင်နဲ့ ချုပ်ထားတဲ့ မင်္ဂလာဝတ်စုံကလည်း မြန်မာက ဆိုရှယ်မီဒီယာသုံးစွဲသူကြားမှာကြိုက်နှစ်သက်ကြောင်း မှတ်ချက်ပြု မျှဝေမှုတွေ အများအပြားရှိခဲ့ပါတယ်။
"
ကမ္ဘာ့လူဦးရေနေ့ - လူ သန်းရှစ်ထောင်ဆိုတဲ့အရေအတွက် မှန်ကန်လား ,"Fri, 12 Jul 2024 01:44:22 GMT",https://www.bbc.com/burmese/articles/cg64v6knxwwo#0,https://www.bbc.com/burmese/articles/cg64v6knxwwo,ကမ္ဘာ့လူဦးရေဟာ ၈.၂ ဘီလျံကနေ ၂၀၈၀ အရောက်မှာ ၁၀.၃ ဘီလျံအထိမြင့်တက်မယ်လို့ ကမ္ဘာ့ လူဦးရေနေ့မှာ ထွက်လာတဲ့ကုလအစီရင်ခံစာမှာဖော်ပြပါတယ်။ လူတွေရွှေ့ပြောင်းနေထိုင်ကြတာ က နိုင်ငံပေါင်း ၅၀ ကျော်မှာ လာမယ့်နှစ်ပေါင်း ၃၀ အတွင်း လူဦးရေမြင့်တက်လာစေတဲ့ အကြောင်းရင်းလို့လည်း ဆိုပါတယ်။ ဆိုတော့ ဒီကိန်းဂဏန်းတွေကို ယုံကြည်လို့ရလား။
နေတိုး စွပ်စွဲချက် တရုတ်တုံ့ပြန်၊ အမေရိကန် ခရုဇ် ဒုံးကျည်တွေ ဂျာမနီဆီ ပြန်ပို့လို့ ရုရှား စိတ်ဆိုး ,"Thu, 11 Jul 2024 16:16:04 GMT",https://www.bbc.com/burmese/articles/c9x8wj2n498o#0,https://www.bbc.com/burmese/articles/c9x8wj2n498o,စစ်အေးခေတ်နောက်ပိုင်း ပထမဆုံးအကြိမ် ဂျာမနီမှာ အမေရိကန် တာဝေးပစ် ဒုံးကျည်တွေကို ၂၀၂၆ က စပြီး အချိန်အကန့်အသတ်နဲ့ ချထားတော့မှာ ဖြစ်ကြောင်းလည်း နေတိုး အစည်းအဝေးမှာ ကြေညာ
ဘီလျံနာ သူဌေးတွေရဲ့ ငပလီ သောက,"Sun, 07 Jul 2024 12:47:52 GMT",https://www.bbc.com/burmese/articles/c51y89571nqo#1,https://www.bbc.com/burmese/articles/c51y89571nqo,ဘီလျံနဲ့ချီတဲ့ ရင်းနှီးမြှုပ်နှံမှုတွေရှိနေတဲ့ ငပလီက ဟိုတယ်တွေဟာ အနားယူသွားတဲ့ စစ်ခေါင်းဆောင်တွေ၊ လက်ရှိစစ်ခေါင်းဆောင်တွေ နဲ့ အကျိုးစီးပွား ဆက်နွှယ်နေတဲ့ လုပ်ငန်းရှင်အများစု ပိုင်ဆိုင်ကြတာဖြစ်ပါတယ်။
ဗြိတိန်ဝန်ကြီးချုပ်သစ် ကီယာစတားမာ ဆိုတာဘယ်သူလဲ,"Fri, 05 Jul 2024 08:08:04 GMT",https://www.bbc.com/burmese/articles/cd10j982rpgo#1,https://www.bbc.com/burmese/articles/cd10j982rpgo,"ရာဇဝတ်မှုတွေကို တရားစွဲဆိုတဲ့နေရာမှာ အင်္ဂလန်နှင့် ဝေလပြည်နယ်တွေရဲ့ အစိုးရဘက်က အဆင့်အမြင့်ဆုံး ဥပဒေအရာရှိရာထူးဖြစ်ပါတယ်။
ရာဇဝတ်မှုခင်းဆိုင်ရာ ဥပဒေရေးရာ ဆောင်ရွက်ချက် တွေကြောင့် ၂၀၁၄ ခုနှစ်မှာ သူ ဆာဘွဲ့ ရခဲ့ပါတယ်။
"
သမ္မတဟောင်းရဲ့ တရုတ်ခရီးစဉ် ဘယ်လိုထူးခြားလဲ,"Fri, 28 Jun 2024 12:57:56 GMT",https://www.bbc.com/burmese/articles/cv2ge20jrz9o#4,https://www.bbc.com/burmese/articles/cv2ge20jrz9o,တရုတ်သမ္မတ ရှီကျင့်ဖျင်ကိုယ်တိုင် တက်ရောက်တဲ့ ဒီအခမ်းအနားမှာ ဗိုလ်ချုပ်မှူးကြီးမင်းအောင်လှိုင် နဲ့ စစ်ကောင်စီ ကို ကျော်လွန်ပြီး အငြိမ်းစားသမ္မတကို ဖိတ်ခဲ့တာကိုလည်း အကဲခတ်တွေက သတိပြုမိကြပါတယ်။
စစ်အတွင်းက အလုပ်အကိုင်သစ်,"Sat, 13 Jul 2024 12:41:07 GMT",https://www.bbc.com/burmese/articles/clkyr3wry8lo#0,https://www.bbc.com/burmese/articles/clkyr3wry8lo,လားရှိုးမြို့အပေါ် လက်နက်ကြီးတွေကျလို့ အရပ်သားသေဆုံးမှုတွေ ဆက်တိုက်ရှိလာချိန်မှာ ဗုံးခိုကျင်းတူးတဲ့သူတွေဆီ ရာနဲ့ချီတဲ့ ဖုန်းခေါ်ဆိုမှုတွေ မကြုံစဖူး ဝင်လာပါတယ်။
စစ်ရေး လျှို့ဝှက်ချက် ကိုင်တွယ်ပုံမှားလို့ ဂျပန် ရေတပ်ဦးစီးချုပ် နုတ်ထွက်,"Fri, 12 Jul 2024 15:31:59 GMT",https://www.bbc.com/burmese/articles/c4ngzlnjglgo#0,https://www.bbc.com/burmese/articles/c4ngzlnjglgo,လုံခြုံရေး စည်းမျဉ်း ချိုးဖောက်မှု၊ လိမ်လည်မှုတွေနဲ့ ရေတပ်သား နှစ်ရာကျော် အပြစ်ပေးခံရပြီးနောက် ဂျပန် ရေတပ်ဦးစီးချုပ် ရာထူးက ဆင်းပေး
ဘိုလီဗီးယား - ကမ္ဘာမှာ စစ်အာဏာသိမ်းမှု အများဆုံးဖြစ်ပွားရတဲ့အကြောင်းရင်း   ၃ ချက်,"Mon, 08 Jul 2024 10:03:27 GMT",https://www.bbc.com/burmese/articles/c729z5d80w3o#1,https://www.bbc.com/burmese/articles/c729z5d80w3o,ဘိုလီဗီးယားရဲတပ်ဖွဲ့ဟာ အာဏာသိမ်းဖို့ ကြိုးပမ်းတယ်လို့ ယူဆရတဲ့ခေါင်းဆောင် ဗိုလ်ချုပ်ကြီး ဟွမ် ဟိုဆေး ဆုညီကာကို ဖမ်းဆီးလိုက်ပါတယ်။ သမ္မတ လူဝီ အာဆေးကလည်း ဒါကို ‘’အာဏာသိမ်းဖို့ ကြိုးပမ်းမှု’’ ပြောပြီး ရှုတ်ချသလို သမ္မတဟောင်း အီဗို မိုရာလက်စ်ကလည်း ဒီမိုကရေစီကို ကာကွယ်ဖို့ လူထုကို တောင်းဆိုထားပါတယ်။ ဗိုလ်ချုပ်ကြီးကတော့ အဖမ်းခံရပြီးနောက်မှာ သတင်းစာရှင်းလင်းပွဲမှာ လူမြင်ကွင်းထဲ ခေါ် ထုတ်ခံခဲ့ရပါတယ်။
လားရှိုးနဲ့ မိုးကုတ်က တိုက်ပွဲတွေကြောင့် မြို့ကိုစွန့်ခွာချိန် လမ်းမှာပိတ်မိတဲ့စစ်ရှောင်တွေ နဲ့ မြို့မှာကျန်ခဲ့သူတွေရဲ့ မလုံခြုံမှု,"Mon, 08 Jul 2024 12:59:30 GMT",https://www.bbc.com/burmese/articles/cjer7gl3d7ro#1,https://www.bbc.com/burmese/articles/cjer7gl3d7ro,လမ်းပိုင်းတွေ မပိတ်ဆို့ခင် မြို့ကထွက်ခွာပြီး မန္တလေးမြို့မှာ စစ်ရှောင်ဖို့ဦးတည်ခဲ့တဲ့ မိုးကုတ်စစ်ရှောင်တွေလည်း မန္တလေး - မြစ်ကြီးနားလမ်းမကြီးပေါ်မှာ ရှေ့တိုးမသာ နောက်ဆုတ်မရ အခြေအနေကိုကြုံနေကြရပါတယ်။
ဒေါ်နယ်ထရမ့် သေနတ်ပစ်ခံရမှု - လုပ်ကြံသတ်ဖြတ်ရန် ကြိုးပမ်းမှုလို့ FBI ပြော,"Sun, 14 Jul 2024 11:45:18 GMT",https://www.bbc.com/burmese/articles/c1dmpm7p72no#0,https://www.bbc.com/burmese/articles/c1dmpm7p72no,"‘‘ဝီကနဲ’’ဆိုတဲ့အသံနဲ့အတူ ‘‘ကျည်က အရေပြားကို ဖောက်သွားတယ်’’ လို့ ဒေါ်နယ်ထရမ့်က ပြောပါတယ်။
ပန်ဆယ်ဗေးနီးယားပြည်နယ်မှာပြုလုပ်တဲ့ သူ့ရဲ့လူထုတွေ့ဆုံပွဲမှာ သေနတ်ပစ်ခတ်မှုဖြစ်ပြီး နားကို ကျည်ထိမှန်ခဲ့တာနဲ့ပတ်သက်လို့ မစ္စတာ ထရမ့်က အခုလို ပြောလာတာဖြစ်ပါတယ်။ "
ဇူလိုင် ၁၄ ရက် နိုင်ငံတဝန်းသတင်းအနှစ်ချုပ် - တရုတ်စိုးရိမ်ချက်ကြောင့် ကိုးကန့်တပ် လေးရက်ကြာ အပစ်ရပ်မယ်,"Sun, 14 Jul 2024 10:24:38 GMT",https://www.bbc.com/burmese/articles/cxe2p03mkdzo#0,https://www.bbc.com/burmese/articles/cxe2p03mkdzo,အိန္ဒိယနိုင်ငံ၊ နယူးဒေလီမြို့မှာကျင်းပခဲ့တဲ့ ဘင်းမ်စတက်နိုင်ငံခြားရေးဝန်ကြီးတွေအစည်းအဝေးကို စစ်ကောင်စီနိုင်ငံခြားရေးဝန်ကြီးတက်ရောက်ခဲ့တဲ့အကြောင်းအပါအဝင် နိုင်ငံတဝန်း နောက်ဆုံးရသတင်းတွေကို စုစည်းတင်ဆက်နေပါတယ်။
ထိုင်းဗီဇာမလိုဘဲ ပြည်တွင်းဝင်ခွင့် နိုင်ငံ ၃၀ ကျော်ကို တိုးပေး,"Sat, 13 Jul 2024 14:56:23 GMT",https://www.bbc.com/burmese/articles/cxw2x1me8jeo#0,https://www.bbc.com/burmese/articles/cxw2x1me8jeo,၂၀၂၅ မှာ ထိုင်း မဟာ ခရီးသွားနှစ်အဖြစ် သတ်မှတ်ထားပြီး အဲဒီအတွက် မဟာဗျူဟာတွေကိုလည်း ဒီလဆန်းက ကြေညာခဲ့
ငပလီနဲ့ လားရှိုး - မွေးရေးနဲ့ ဝမ်းရေးခက်နေတဲ့  စစ်အတွင်းကကိုယ်ဝန်ဆောင်သည်တွေ,"Mon, 15 Jul 2024 12:55:20 GMT",https://www.bbc.com/burmese/articles/cv2g7yd2g03o#0,https://www.bbc.com/burmese/articles/cv2g7yd2g03o,"စစ်ပွဲတွေဖြစ်ပွားနေတဲ့ ရခိုင်ပြည်နယ်ထဲက သံတွဲ၊ ငပလီနဲ့ ရှမ်းပြည်နယ်မြောက်ပိုင်းက လားရှိုးမြို့တွေမှာ ကိုယ်ဝန်အရင့်အမာနဲ့ မိခင်လောင်းတွေ ဟာ စစ်ရေးနဲ့ မီးဖွားရေးကြားမှာ သာမန်စစ်ရှောင်တွေကြုံရတာထက်ပိုတဲ့ အခြေအနေတွေနဲံရင်ဆိုင်နေရပါတယ်။ စစ်ပွဲဒေသမှာ စစ်ရှောင်ဖို့လည်းခက်၊ ဆက်နေဖို့လည်းမလုံခြုံတဲ့ ကိုယ်ဝန်ဆောင်မိခင်လောင်းတွေမှာ အသက်ဘေးစိန်ခေါ်ချက်လည်းရှိနေပါတယ်။
"
ဒေါ်နယ် ထရမ့်ကို ပစ်ခတ်ခဲ့တဲ့သေနတ်သမား ဘယ်သူလဲ,"Mon, 15 Jul 2024 14:18:51 GMT",https://www.bbc.com/burmese/articles/cy94jzpkd02o#0,https://www.bbc.com/burmese/articles/cy94jzpkd02o,ဒေါ်နယ် ထရမ့်ကို လုပ်ကြံသတ်ဖြတ်ဖို့ ကြံစည်ခဲ့တယ်ဆိုတဲ့အမျိုးသားဟာ သောမတ်စ် မက်သူ ခရွတ်စ် ဖြစ်တယ်လို့ FBI က ထုတ်ပြောလာပါတယ်။
စစ်ဘေးရှောင်ရင်း ရေဘေးဒုက္ခဆင့်ကဲကြုံရသူတွေ ,"Tue, 16 Jul 2024 11:51:21 GMT",https://www.bbc.com/burmese/articles/cjqedpvegjno#0,https://www.bbc.com/burmese/articles/cjqedpvegjno,“ဒီနှစ်ထဲမှာတင် စစ်ကြောင်းထိုးလို့ ပြေးရတာ ခြောက်ခါ။ နောက်ဆုံးစစ်ကြောင်းထိုးတာက ပြီးခဲ့တဲ့ ၁၀ ရက်လောက်ကပေါ့။ စစ်ကြောင်းတွေ ရွာထဲရောက်တော့ အိမ်တွေထဲကို ‌မွှေနှောက်သွားကြတယ်။ သူတို့ထွက်သွားပြီး ကျွန်မတို့ ရွာထဲပြန်ရောက်ပြီး သိပ်မကြာဘူး နောက်ရက်မှာ ရေကြီးတော့တာပဲ။ ဒီတော့ ကျွန်မတို့မှာ ဘာမှ ပြင်ဆင်ချိန် မရကြဘူး”လို့ ပြောပါတယ်။
အူကျန်းမာရေးက ဘာ့ကြောင့် အရေးကြီးလဲ။ အူကျန်းမာရေး ပိုကောင်းအောင် ဘယ်လိုလုပ်မလဲ,"Tue, 16 Jul 2024 06:44:02 GMT",https://www.bbc.com/burmese/articles/c3gd4j3y8z7o#0,https://www.bbc.com/burmese/articles/c3gd4j3y8z7o,အူလမ်းကြောင်းက စိတ်ပိုင်း၊ ခန္ဓာကိုယ်ပိုင်း ကျန်းမာရေးနဲ့ ဘယ်လို ဆက်နွှယ်နေသလဲ
ထရမ့်ကို လုပ်ကြံဖို့ကြိုးစားမှုဖြစ်ခဲ့အပြီး အရေးကြီးပုဂ္ဂိုလ်လုံခြုံရေးအဖွဲ့အပေါ်ရှိလာတဲ့ မေးခွန်း ငါးခု,"Mon, 15 Jul 2024 17:03:34 GMT",https://www.bbc.com/burmese/articles/c250v5ywq2zo#0,https://www.bbc.com/burmese/articles/c250v5ywq2zo,သမ္မတဟောင်း ဒေါ်နယ်ထရမ့် လူထုစုဝေးပွဲတစ်ခုမှာ ပစ်ခတ်ခံရလို့ နားရွက်ကို ကျည်ထိသွားပါတယ်။ သေနတ်သမားက ထရမ့်ရှိရာ စင်မြင့်အနားအထိ ဘယ်လိုရောက်လာနိုင်သလဲ၊ လုံခြုံရေးအစီအမံတွေမှာ အားနည်းချက်တွေ ရှိခဲ့လား၊ မေးခွန်းတွေ ပေါ်ထွက်နေပါတယ်။
ပြည်တွင်းစစ်ထဲက လက်နက်စျေးကွက်,"Wed, 17 Jul 2024 12:34:52 GMT",https://www.bbc.com/burmese/articles/cn07d22xr5ro#0,https://www.bbc.com/burmese/articles/cn07d22xr5ro,ရိုင်ဖယ်တစ်လက်ကို မြန်မာငွေသိန်းနှစ်ရာနီးပါးကစပြီး ကျည်တစ်တောင့်က တစ်သောင်းအထက် ပျှမ်းမျှရှိပါတယ်။လက်နက်ဈေးတက်လာစေတဲ့ အကြောင်းရင်းတွေထဲမှာ ကျပ်ငွေတန်ဖိုးကျဆင်းလာတာကလည်း တစ်ချက်အပါအဝင်ပါ။လက်နက်ရဖို့အတွက် အာဏာသိမ်းပြီးနောက် ပေါ်ပေါက်လာတဲ့ တော်လှန်ရေးလက်နက်ကိုင်တပ်ဖွဲ့တွေနဲ့ EAO တိုင်းရင်းသားလက်နက်ကိုင်တပ်တွေအကြားမှာ မဟာမိတ်ဆက်ဆံရေးလည်းရှိပါတယ်။
ဘန်ကောက် ဟိုတယ်ထဲ သေဆုံးသူ ၆ ဦးရဲ့သွေးထဲမှာ ဆိုင်ယာနိုက် တွေ့,"Wed, 17 Jul 2024 11:11:45 GMT",https://www.bbc.com/burmese/articles/crgl26y9w32o#0,https://www.bbc.com/burmese/articles/crgl26y9w32o,ဘန်ကောက်မြို့က ဇိမ်ခံဟိုတယ်ကြီးထဲမှာ ဗီယက်နမ်နွယ်ဖွားတွေရဲ့ အလောင်း ၆ လောင်းတွေကို တွေ့ခဲ့တာနဲ့ပတ်သက်တဲ့ ကနဦး တွေ့ရှိချက်ကို ရဲတပ်ဖွဲ့က သတင်းစာရှင်းလင်းပွဲလုပ်ခဲ့တာဖြစ်ပါတယ်။
ထရမ့်ကို “ပစ်မှတ်”လုပ်ဖို့ ပြောမိတဲ့သူ့မှတ်ချက်တွေ မသင့်လျော်ဘူးလို့ ဘိုင်ဒန် ဝန်ခံ,"Tue, 16 Jul 2024 15:41:28 GMT",https://www.bbc.com/burmese/articles/cprq1n4l7dlo#0,https://www.bbc.com/burmese/articles/cprq1n4l7dlo,မစ္စတာထရမ့် သေနတ်နဲ့ ပစ်ခတ်ခံခဲ့ရတဲ့ လုပ်ကြံသတ်ဖြတ်ရန် ကြိုးပမ်းမှုဖြစ်ရပ် မကြုံရခင် ရက်ပိုင်းအလိုတုန်းက သူပြောခဲ့တဲ့မှတ်ချက်အတွက် မစ္စတာဘိုင်ဒန်က အခုလိုပြောလာပါတယ်။
‘ကျွန်တော်လက်ထဲ ဘာလက်နက်မှမရှိဘူး’- ပစ်သတ်ခံခဲ့ရတဲ့ ဘင်္ဂလားဒေ့ရှ်ဆန္ဒပြကျောင်းသား,"Thu, 18 Jul 2024 13:35:02 GMT",https://www.bbc.com/burmese/articles/c51y9451245o#0,https://www.bbc.com/burmese/articles/c51y9451245o,အသက် ၂၂ နှစ်အရွယ် အဘူ ဆာယိဒ် ဘင်္ဂလားဒေ့ရှ်နိုင်ငံထဲက ဆန္ဒပြပွဲတစ်ခုမှာ အသေပစ်ခတ်ခံခဲ့ရပြီးတဲ့နောက် နိုင်ငံထဲက ကျောင်းသားဆန္ဒပြပွဲရဲ့ပြယုဂ်ဖြစ်လာပါတယ်။
၁၀၂၇ စစ်ဆင်ရေးမှာ ဝ တပ်ဖွဲ့ ဘယ်လိုရပ်တည်လဲ,"Fri, 19 Jul 2024 05:18:00 GMT",https://www.bbc.com/burmese/articles/cqv5qy2xz00o#0,https://www.bbc.com/burmese/articles/cqv5qy2xz00o,၁၀၂၇ စစ်ဆင်ရေးမှာ သေနတ်တစ်ချက်မဖောက်ဘဲ နယ်မြေတွေတိုးရလာနေတာကြောင့် ဝ တပ်ဖွဲ့ကို ရှုပ်ထွေးနေတဲ့ စစ်ရေးနိုင်ငံရေးမှာ အပါးနပ်ဆုံး အဖွဲ့အစည်းတစ်ခုအဖြစ် ရှုမြင်ခံနေရပါတယ်။
ကမ္ဘာ့လူဦးရေနေ့ - လူ သန်းရှစ်ထောင်ဆိုတဲ့အရေအတွက် မှန်ကန်လား ,"Fri, 12 Jul 2024 01:44:22 GMT",https://www.bbc.com/burmese/articles/cg64v6knxwwo#1,https://www.bbc.com/burmese/articles/cg64v6knxwwo,ကမ္ဘာ့လူဦးရေဟာ ၈.၂ ဘီလျံကနေ ၂၀၈၀ အရောက်မှာ ၁၀.၃ ဘီလျံအထိမြင့်တက်မယ်လို့ ကမ္ဘာ့ လူဦးရေနေ့မှာ ထွက်လာတဲ့ကုလအစီရင်ခံစာမှာဖော်ပြပါတယ်။ လူတွေရွှေ့ပြောင်းနေထိုင်ကြတာ က နိုင်ငံပေါင်း ၅၀ ကျော်မှာ လာမယ့်နှစ်ပေါင်း ၃၀ အတွင်း လူဦးရေမြင့်တက်လာစေတဲ့ အကြောင်းရင်းလို့လည်း ဆိုပါတယ်။ ဆိုတော့ ဒီကိန်းဂဏန်းတွေကို ယုံကြည်လို့ရလား။
လားရှိုးမကျဖို့ စစ်ကောင်စီ အတွက်ဘယ်လောက်အရေးကြီးလဲ,"Fri, 12 Jul 2024 09:53:21 GMT",https://www.bbc.com/burmese/articles/c725r1nzy31o#1,https://www.bbc.com/burmese/articles/c725r1nzy31o,လားရှိုးကို လက်လွှတ်ရရင် တရုတ်နယ်စပ်ကနေ မန္တလေးတိုင်းအစပ် ပြင်ဦးလွင်၊မိုးကုတ် အထိ တိုင်းရင်းသားလက်နက်ကိုင်တွေရဲ့ ထိန်းချုပ်နယ်မြေ ဖြစ်သွားမှာဖြစ်ပြီး ပြည်မက ပြည်သူ့ကာကွယ်ရေးတပ်ဖွဲ့တွေ နဲ့ ချိတ်ဆက်သွားမှာကို စစ်ကောင်စီက စိုးရိမ်နေတယ်လို့ စစ်ရေးအကဲခတ်တစ်ဦးကပြောပါတယ်။
ကမ္ဘာ့အချမ်းသာဆုံးစာရင်းဝင် အိန္ဒိယသူဌေးကြီးရဲ့ သား မင်္ဂလာဆောင် ဘာတွေထူးခြားလဲ,"Fri, 12 Jul 2024 12:19:17 GMT",https://www.bbc.com/burmese/articles/cyr7nl48njro#1,https://www.bbc.com/burmese/articles/cyr7nl48njro,"ကမ္ဘာတဝန်းသာမက မြန်မာက ဆိုရှယ်မီဒီယာတွေအထိ အမ်ဘာနီသားရဲ့ မင်္ဂလာဆောင်ပုံရိပ်တွေနဲ့  ဂျပ်စတင်ဘီဘာရဲ့ ဖျော်ဖြေပွဲ ပုံရိပ်တွေက လွှမ်းမိုးနေရာယူထားပါတယ်။
သတို့သမီးရာဒီကား ရိုးရာနနွင်းလိမ်းပွဲမှာ ဝတ်ဆင်ခဲ့တဲ့ စံပယ်ပန်းအစစ်တွေကို  ရွှေချည်မျှင်နဲ့ ချုပ်ထားတဲ့ မင်္ဂလာဝတ်စုံကလည်း မြန်မာက ဆိုရှယ်မီဒီယာသုံးစွဲသူကြားမှာကြိုက်နှစ်သက်ကြောင်း မှတ်ချက်ပြု မျှဝေမှုတွေ အများအပြားရှိခဲ့ပါတယ်။
"
လေထုညစ်ညမ်းမှုနဲ့ မိန်းကလေးငယ်တွေ ရာသီပန်းစောစောပွင့်လန်းမှု ဆက်နွှယ်သလား,"Thu, 11 Jul 2024 12:42:27 GMT",https://www.bbc.com/burmese/articles/cv2g7jp9832o#1,https://www.bbc.com/burmese/articles/cv2g7jp9832o,မကြာသေးခင်တုန်းက လေ့လာချက်တွေမှာတော့ လေထုညစ်ညမ်းမှုဟာ အမျိုးသမီးငယ်တွေ အပျိုဖော်စတင်ဝင်ရောက်တာကို ဖြစ်တန်ရာခြေရှိတယ်လို့ နားလည်လာရပါတယ်။ သုတေသီကတော့ ရာသီသွေး စောစောပေါ်တဲ့ကိစ္စဟာ မျိုးပွားစနစ်ကင်ဆာဖြစ်နိုင်တာနဲ့ တခြားမျိုးပွားစနစ် ကျန်းမာရေးပြဿနာတွေ ဖြစ်လာနိုင်ခြေရှိတာကို စိုးရိမ်နေကြပါတယ်။
Nato အဖွဲ့ဆိုတာ ဘာလဲ၊ ကာကွယ်ရေးကို ဘယ်လိုတိုးမြှင့်နေလဲ,"Tue, 09 Jul 2024 14:26:43 GMT",https://www.bbc.com/burmese/articles/c28e3z79n41o#1,https://www.bbc.com/burmese/articles/c28e3z79n41o,နေတိုး(Nato)အဖွဲ့ဝင်နိုင်ငံတွေဟာ ၇၅ နှစ်မြောက်နှစ်ပတ်လည်ကို ဆင်နွှဲနေချိန်မှာလည်း  ကာကွယ်ရေးပိုင်းကိုလည်း မြှင့်နေပါတယ်။
ဗြိတိန်ဝန်ကြီးချုပ်သစ် ကီယာစတားမာ ဆိုတာဘယ်သူလဲ,"Fri, 05 Jul 2024 08:08:04 GMT",https://www.bbc.com/burmese/articles/cd10j982rpgo#4,https://www.bbc.com/burmese/articles/cd10j982rpgo,"ရာဇဝတ်မှုတွေကို တရားစွဲဆိုတဲ့နေရာမှာ အင်္ဂလန်နှင့် ဝေလပြည်နယ်တွေရဲ့ အစိုးရဘက်က အဆင့်အမြင့်ဆုံး ဥပဒေအရာရှိရာထူးဖြစ်ပါတယ်။
ရာဇဝတ်မှုခင်းဆိုင်ရာ ဥပဒေရေးရာ ဆောင်ရွက်ချက် တွေကြောင့် ၂၀၁၄ ခုနှစ်မှာ သူ ဆာဘွဲ့ ရခဲ့ပါတယ်။
"
ပါလီမန်ဒီမိုကရေစီအိပ်မက်နဲ့ မန္တလေးက ပဒေသရာဇ်ပြုပြင်ရေး,"Wed, 03 Jul 2024 15:41:34 GMT",https://www.bbc.com/burmese/articles/cprqj4jqzd0o#4,https://www.bbc.com/burmese/articles/cprqj4jqzd0o,ပါလီမန်ဒီမိုကရေစီစနစ်၊ လွတ်လပ်တဲ့ သတင်းစာလောက၊ ခေတ်မီအုပ်ချုပ်ရေး စတာတွေ အမြစ်မတွယ်နိုင်ဘဲ စစ်အစိုးရ၊ စစ်ဘုရင်၀ါဒနဲ့ ဖိနှိပ်ချုပ်ချယ်မှုတွေသာ ပဒေသရာဇ်ခေတ်ကအတိုင်း ကျန်နေတာကို တွေ့ရ
ပုဂ္ဂလိကဘဏ်တွေစိုးရိမ်ရေမှတ်ရောက်နေပြီလား,"Wed, 03 Jul 2024 09:15:26 GMT",https://www.bbc.com/burmese/articles/c9wwdyv7g9wo#4,https://www.bbc.com/burmese/articles/c9wwdyv7g9wo,စစ်ကောင်စီမှာ ဘဏ်လုပ်ငန်းတွေအတွက်အာမခံချက်ရှိတဲ့ အရန်ငွေပမာဏလုံလုံလောက်လောက်    မရှိတာကြောင့် ပုဂ္ဂလိကဘဏ်လုပ်ငန်းတွေကိုအတိမ်းအစောင်းမခံလိုတဲ့စိုးရိမ်ချက် စစ်ကောင်စီမှာရှိနေတဲ့အတွက် ဘဏ်တွေကို တင်းကျပ်လာတာလို့  စစ်ကောင်စီနဲ့ နီးစပ်တဲ့ စီးပွားရေးပညာရှင်တစ်ဦးက သုံးသပ်ပါတယ်။
လူနှစ်ဒါဇင်ကျော် သေတဲ့ ကျိုက်မရော လေကြောင်းတိုက်ခိုက်ခံရမှု ဘယ်လိုဖြစ်ခဲ့လဲ,"Sat, 20 Jul 2024 13:28:48 GMT",https://www.bbc.com/burmese/articles/c047x2rg4l8o#0,https://www.bbc.com/burmese/articles/c047x2rg4l8o,တော်လှန်ရေးတပ်ဖွဲ့တွေလုပ်မယ့် အစည်းအဝေးတစ်ခုအကြောင်း သတင်းပေါက်ကြားပြီး လေကြောင်းက ဗုံးကြဲခံရတာလို့ အခင်းဖြစ်ပွားချိန်ရှိနေသူတွေက သုံးသပ်ပါတယ်။
ဇူလိုင် ၂၀ ရက် နိုင်ငံတဝန်းသတင်းအနှစ်ချုပ် - ကျိုက်မရောမှာ လေကြောင်းတိုက်ခိုက်ခံရလို့ လူ ၂၀ ကျော်သေဆုံး,"Sat, 20 Jul 2024 10:32:11 GMT",https://www.bbc.com/burmese/articles/c0dmkpx37jno#0,https://www.bbc.com/burmese/articles/c0dmkpx37jno,ရှမ်းပြည်နယ်(မြောက်ပိုင်း) လားရှိုးမြို့မှာ ကိုးကန့်တပ် (MNDAA) နဲ့ စစ်ကောင်စီရဲ့ ခြေမြန်တပ်ရင်း (ခမရ-၅၀၇) တပ်တို့ကြား ဇူလိုင် ၂၀ ရက် မနက်ပိုင်းအထိ တိုက်ပွဲပြင်းထန်နေတယ်လို့ ဒေသခံတချို့က ဘီဘီစီကို ပြောပါတယ်။
 ဗီယက်နမ်ခေါင်းဆောင် ငုယင်ဖူချောင်း အသက် ၈ဝ မှာ ကွယ်လွန်,"Fri, 19 Jul 2024 16:43:39 GMT",https://www.bbc.com/burmese/articles/cydv54l96p8o#0,https://www.bbc.com/burmese/articles/cydv54l96p8o,ဗီယက်နမ် စီးပွားရေးကို တဟုန်ထိုး တက်လာအောင် သူ ကြီးကြပ်ခဲ့တဲ့အပြင် ခြစားမှု တိုက်ဖျက်ရေး စီမံချက်ကိုလည်း ပြင်းပြင်းထန်ထန် ဆောင်ရွက်ခဲ့သူ ကွယ်လွန်
စစ်အတွင်းက အလုပ်အကိုင်သစ်,"Sat, 13 Jul 2024 12:41:07 GMT",https://www.bbc.com/burmese/articles/clkyr3wry8lo#1,https://www.bbc.com/burmese/articles/clkyr3wry8lo,လားရှိုးမြို့အပေါ် လက်နက်ကြီးတွေကျလို့ အရပ်သားသေဆုံးမှုတွေ ဆက်တိုက်ရှိလာချိန်မှာ ဗုံးခိုကျင်းတူးတဲ့သူတွေဆီ ရာနဲ့ချီတဲ့ ဖုန်းခေါ်ဆိုမှုတွေ မကြုံစဖူး ဝင်လာပါတယ်။
ကေပေါ့ကို အေအိုင်နဲ့ဖန်တီးမှု ပရိသတ်လက်ခံလာနိုင်ခြေရှိလား,"Sun, 21 Jul 2024 11:28:00 GMT",https://www.bbc.com/burmese/articles/c3gdrg0vyyro#0,https://www.bbc.com/burmese/articles/c3gdrg0vyyro,ကေပေါ့လောကမှာ နာမည်ကျော်လို့ဆိုနိုင်တဲ့အနုပညာရှင်အချို့ဟာ ‌ဉာဏ်ရည်တုနည်းပညာ(အေအိုင်)ကို သုံးပြီး အနုပညာဖန်တီးလာကြပါတယ်။ ဒါပေမဲ့ ပရိသတ်က ဒါကို ခံစားသက်ဝင် လက်ခံနိုင်ခြေရှိလား။
အိမ်ပြန်ခွင့်ရခဲ့တဲ့ LGBT တော်လှန်ရေးတပ်သား ,"Sun, 21 Jul 2024 05:42:58 GMT",https://www.bbc.com/burmese/articles/ckrgmj08n24o#0,https://www.bbc.com/burmese/articles/ckrgmj08n24o,တကျော့ပြန်တိုက်ပွဲဟာ “အိမ်ပြန်မယ့်လှိုင်း”လို့ တော်လှန်ရေးအင်အားစုတွေ ကြွေးကြော်ခဲ့ကြပြီး အခုတော့ မိုးကုတ်ဗျူဟာက စစ်ဦးစီးအဖွဲ့ဝင်တဖြစ်လဲ ရဲဘော် နွယ်နီ အိမ်ပြန်ခွင့်ရခဲ့တာပါ။
ဇူလိုင် ၂၁ ရက် နိုင်ငံတဝန်းသတင်းအနှစ်ချုပ်- စစ်ကောင်စီက ရေကြောင်းကနေ စဥ်ကူးမြို့ ကို လက်နက်ကြီးနဲ့ပစ်,"Sun, 21 Jul 2024 10:29:21 GMT",https://www.bbc.com/burmese/articles/cd1r2046ldgo#0,https://www.bbc.com/burmese/articles/cd1r2046ldgo,တရုတ်နိုင်ငံရဲ့ ကျေးလက်ဒေသဖွံဖြိုးရေးနဲ့ ပိုးလမ်းမစီမံကိန်း အကောင်အထည်ဖော်ရေး အပါအဝင် တရုတ် ကျွမ်းကျင်သူတွေနဲ့ အမြင်သဘောချင်း ဆွေးနွေးဖလှယ်ဖို့ ဆိုပြီး ပါတီ ၄ ခုက တာဝန်ရှိသူတွေကို ဇူလိုင် ၂၀ ရက်ကနေ ၂၇ ရက်အထိ တစ်ပတ်ကြာလာရောက်ဖို ဖိတ်ကြားခဲ့တာဖြစ်ပါတယ်။
လူနှစ်ဒါဇင်ကျော် သေတဲ့ ကျိုက်မရော လေကြောင်းတိုက်ခိုက်ခံရမှု ဘယ်လိုဖြစ်ခဲ့လဲ,"Sat, 20 Jul 2024 19:40:05 GMT",https://www.bbc.com/burmese/articles/c047x2rg4l8o#0,https://www.bbc.com/burmese/articles/c047x2rg4l8o,တော်လှန်ရေးတပ်ဖွဲ့တွေလုပ်မယ့် အစည်းအဝေးတစ်ခုအကြောင်း သတင်းပေါက်ကြားပြီး လေကြောင်းက ဗုံးကြဲခံရတာလို့ အခင်းဖြစ်ပွားချိန်ရှိနေသူတွေက သုံးသပ်ပါတယ်။
ဇူလိုင် ၂၀ ရက် နိုင်ငံတဝန်းသတင်းအနှစ်ချုပ် - တစ်လကျော်အတွင်း မြန်မာ ၈ သောင်းကျော် ထိုင်းမှာ အဖမ်းခံရ,"Sat, 20 Jul 2024 10:32:11 GMT",https://www.bbc.com/burmese/articles/c0dmkpx37jno#0,https://www.bbc.com/burmese/articles/c0dmkpx37jno,ရှမ်းပြည်နယ်(မြောက်ပိုင်း) လားရှိုးမြို့မှာ ကိုးကန့်တပ် (MNDAA) နဲ့ စစ်ကောင်စီရဲ့ ခြေမြန်တပ်ရင်း (ခမရ-၅၀၇) တပ်တို့ကြား ဇူလိုင် ၂၀ ရက် မနက်ပိုင်းအထိ တိုက်ပွဲပြင်းထန်နေတယ်လို့ ဒေသခံတချို့က ဘီဘီစီကို ပြောပါတယ်။
စစ်တပ်ပြင်တဲ့ရွေးကောက်ပွဲနဲ့ တရုတ်ဖိအားဘယ်လောက်ဆက်စပ်နေလဲ,"Mon, 22 Jul 2024 09:39:26 GMT",https://www.bbc.com/burmese/articles/crgme4gpm8go#0,https://www.bbc.com/burmese/articles/crgme4gpm8go,စစ်ကောင်စီကျင်းပမယ့် ရွေးကောက်ပွဲကို မနှစ်ခြိုက်တဲ့အဖွဲ့တွေ ရှိမှာကိုလည်း တရုတ်ကမျှော်လင့်ထားပါတယ်။ ဒါပေမဲ့ စစ်ဘောင်ကျယ်တာနဲ့ စစ်ပွဲတာရှည်မှာကို တရုတ်နိုင်ငံက လက်ခံချင်ဖွယ်မရှိတာကြောင့် ဒီနည်းလမ်းကိုတွန်းနေတာလို့ အမြင်ရှိကြပါတယ်။
သမ္မတဘိုင်ဒန် ရွေးကောက်ပွဲမဝင်တော့ဘူးလို့ ကြေညာရတဲ့အထိ ဘာတွေဖြစ်ခဲ့လဲ,"Sun, 21 Jul 2024 18:40:09 GMT",https://www.bbc.com/burmese/articles/czvx7pr8j5do#0,https://www.bbc.com/burmese/articles/czvx7pr8j5do,ပါတီတွင်းကရော အလှူရှင်တွေဆီကပါ ဖိအားတွေ အများကြီးတိုးလာခဲ့ပြီးတဲ့နောက်မှာ သမ္မတဘိုင်ဒန်က နိုဝင်ဘာရွေးကောက်ပွဲကို သူဝင်မပြိုင်တော့ဘူးလို့ ကြေညာလိုက်ပါတယ်။
ဘင်္ဂလားဒေ့ရှ်အစိုးရကို ဘာ့ကြောင့် သူ့ပြည်သူတွေက ဒေါသထွက်နေကြတာလဲ,"Sun, 21 Jul 2024 15:18:12 GMT",https://www.bbc.com/burmese/articles/c3gdzr9enn3o#0,https://www.bbc.com/burmese/articles/c3gdzr9enn3o,အစိုးရအလုပ်‌ခန့် ပေါ်လစီကို ပြောင်းရာကနေ လူထုဆန္ဒပြပွဲကိုဖြစ်ပွားစေခဲ့ပြီး လူတွေသေဆုံးခဲ့တာလည်း ၁၀၀ ကျော် ရှိခဲ့ပါတယ်။
စစ်ဘေးရှောင်ရင်း ရေဘေးဒုက္ခဆင့်ကဲကြုံရသူတွေ ,"Tue, 16 Jul 2024 11:51:21 GMT",https://www.bbc.com/burmese/articles/cjqedpvegjno#1,https://www.bbc.com/burmese/articles/cjqedpvegjno,“ဒီနှစ်ထဲမှာတင် စစ်ကြောင်းထိုးလို့ ပြေးရတာ ခြောက်ခါ။ နောက်ဆုံးစစ်ကြောင်းထိုးတာက ပြီးခဲ့တဲ့ ၁၀ ရက်လောက်ကပေါ့။ စစ်ကြောင်းတွေ ရွာထဲရောက်တော့ အိမ်တွေထဲကို ‌မွှေနှောက်သွားကြတယ်။ သူတို့ထွက်သွားပြီး ကျွန်မတို့ ရွာထဲပြန်ရောက်ပြီး သိပ်မကြာဘူး နောက်ရက်မှာ ရေကြီးတော့တာပဲ။ ဒီတော့ ကျွန်မတို့မှာ ဘာမှ ပြင်ဆင်ချိန် မရကြဘူး”လို့ ပြောပါတယ်။
အူကျန်းမာရေးက ဘာ့ကြောင့် အရေးကြီးလဲ။ အူကျန်းမာရေး ပိုကောင်းအောင် ဘယ်လိုလုပ်မလဲ,"Tue, 16 Jul 2024 06:44:02 GMT",https://www.bbc.com/burmese/articles/c3gd4j3y8z7o#1,https://www.bbc.com/burmese/articles/c3gd4j3y8z7o,အူလမ်းကြောင်းက စိတ်ပိုင်း၊ ခန္ဓာကိုယ်ပိုင်း ကျန်းမာရေးနဲ့ ဘယ်လို ဆက်နွှယ်နေသလဲ
ငပလီနဲ့ လားရှိုး - မွေးရေးနဲ့ ဝမ်းရေးခက်နေတဲ့  စစ်အတွင်းကကိုယ်ဝန်ဆောင်သည်တွေ,"Mon, 15 Jul 2024 12:55:20 GMT",https://www.bbc.com/burmese/articles/cv2g7yd2g03o#1,https://www.bbc.com/burmese/articles/cv2g7yd2g03o,"စစ်ပွဲတွေဖြစ်ပွားနေတဲ့ ရခိုင်ပြည်နယ်ထဲက သံတွဲ၊ ငပလီနဲ့ ရှမ်းပြည်နယ်မြောက်ပိုင်းက လားရှိုးမြို့တွေမှာ ကိုယ်ဝန်အရင့်အမာနဲ့ မိခင်လောင်းတွေ ဟာ စစ်ရေးနဲ့ မီးဖွားရေးကြားမှာ သာမန်စစ်ရှောင်တွေကြုံရတာထက်ပိုတဲ့ အခြေအနေတွေနဲံရင်ဆိုင်နေရပါတယ်။ စစ်ပွဲဒေသမှာ စစ်ရှောင်ဖို့လည်းခက်၊ ဆက်နေဖို့လည်းမလုံခြုံတဲ့ ကိုယ်ဝန်ဆောင်မိခင်လောင်းတွေမှာ အသက်ဘေးစိန်ခေါ်ချက်လည်းရှိနေပါတယ်။
"
ဒေါ်နယ် ထရမ့်ကို ပစ်ခတ်ခဲ့တဲ့သေနတ်သမား ဘယ်သူလဲ,"Mon, 15 Jul 2024 14:18:51 GMT",https://www.bbc.com/burmese/articles/cy94jzpkd02o#1,https://www.bbc.com/burmese/articles/cy94jzpkd02o,ဒေါ်နယ် ထရမ့်ကို လုပ်ကြံသတ်ဖြတ်ဖို့ ကြံစည်ခဲ့တယ်ဆိုတဲ့အမျိုးသားဟာ သောမတ်စ် မက်သူ ခရွတ်စ် ဖြစ်တယ်လို့ FBI က ထုတ်ပြောလာပါတယ်။
ဘီလျံနာ သူဌေးတွေရဲ့ ငပလီ သောက,"Sun, 07 Jul 2024 12:47:52 GMT",https://www.bbc.com/burmese/articles/c51y89571nqo#4,https://www.bbc.com/burmese/articles/c51y89571nqo,ဘီလျံနဲ့ချီတဲ့ ရင်းနှီးမြှုပ်နှံမှုတွေရှိနေတဲ့ ငပလီက ဟိုတယ်တွေဟာ အနားယူသွားတဲ့ စစ်ခေါင်းဆောင်တွေ၊ လက်ရှိစစ်ခေါင်းဆောင်တွေ နဲ့ အကျိုးစီးပွား ဆက်နွှယ်နေတဲ့ လုပ်ငန်းရှင်အများစု ပိုင်ဆိုင်ကြတာဖြစ်ပါတယ်။
လေထုညစ်ညမ်းမှုနဲ့ မိန်းကလေးငယ်တွေ ရာသီပန်းစောစောပွင့်လန်းမှု ဆက်နွှယ်သလား,"Thu, 11 Jul 2024 12:42:27 GMT",https://www.bbc.com/burmese/articles/cv2g7jp9832o#4,https://www.bbc.com/burmese/articles/cv2g7jp9832o,မကြာသေးခင်တုန်းက လေ့လာချက်တွေမှာတော့ လေထုညစ်ညမ်းမှုဟာ အမျိုးသမီးငယ်တွေ အပျိုဖော်စတင်ဝင်ရောက်တာကို ဖြစ်တန်ရာခြေရှိတယ်လို့ နားလည်လာရပါတယ်။ သုတေသီကတော့ ရာသီသွေး စောစောပေါ်တဲ့ကိစ္စဟာ မျိုးပွားစနစ်ကင်ဆာဖြစ်နိုင်တာနဲ့ တခြားမျိုးပွားစနစ် ကျန်းမာရေးပြဿနာတွေ ဖြစ်လာနိုင်ခြေရှိတာကို စိုးရိမ်နေကြပါတယ်။
Nato အဖွဲ့ဆိုတာ ဘာလဲ၊ ကာကွယ်ရေးကို ဘယ်လိုတိုးမြှင့်နေလဲ,"Tue, 09 Jul 2024 14:26:43 GMT",https://www.bbc.com/burmese/articles/c28e3z79n41o#4,https://www.bbc.com/burmese/articles/c28e3z79n41o,နေတိုး(Nato)အဖွဲ့ဝင်နိုင်ငံတွေဟာ ၇၅ နှစ်မြောက်နှစ်ပတ်လည်ကို ဆင်နွှဲနေချိန်မှာလည်း  ကာကွယ်ရေးပိုင်းကိုလည်း မြှင့်နေပါတယ်။
ဘိုလီဗီးယား - ကမ္ဘာမှာ စစ်အာဏာသိမ်းမှု အများဆုံးဖြစ်ပွားရတဲ့အကြောင်းရင်း   ၃ ချက်,"Mon, 08 Jul 2024 10:03:27 GMT",https://www.bbc.com/burmese/articles/c729z5d80w3o#4,https://www.bbc.com/burmese/articles/c729z5d80w3o,ဘိုလီဗီးယားရဲတပ်ဖွဲ့ဟာ အာဏာသိမ်းဖို့ ကြိုးပမ်းတယ်လို့ ယူဆရတဲ့ခေါင်းဆောင် ဗိုလ်ချုပ်ကြီး ဟွမ် ဟိုဆေး ဆုညီကာကို ဖမ်းဆီးလိုက်ပါတယ်။ သမ္မတ လူဝီ အာဆေးကလည်း ဒါကို ‘’အာဏာသိမ်းဖို့ ကြိုးပမ်းမှု’’ ပြောပြီး ရှုတ်ချသလို သမ္မတဟောင်း အီဗို မိုရာလက်စ်ကလည်း ဒီမိုကရေစီကို ကာကွယ်ဖို့ လူထုကို တောင်းဆိုထားပါတယ်။ ဗိုလ်ချုပ်ကြီးကတော့ အဖမ်းခံရပြီးနောက်မှာ သတင်းစာရှင်းလင်းပွဲမှာ လူမြင်ကွင်းထဲ ခေါ် ထုတ်ခံခဲ့ရပါတယ်။
‘‘အာဖဂန်မှာ မိုင်းနင်းမိပြီး မျက်စိကွယ်ခဲ့ပေမဲ့ အပြေးသမားအဖြစ်နဲ့ ဘဝရှင်သန် နိုင်ခဲ့တယ်’’,"Tue, 23 Jul 2024 13:26:02 GMT",https://www.bbc.com/burmese/articles/cv2gvy7vye3o#0,https://www.bbc.com/burmese/articles/cv2gvy7vye3o,ဝယ်လီ နိုရီဟာ အာဖဂန်နစ္စတန်က ဗြိတိသျှစစ်တပ်မှာ စကားပြန်အဖြစ် တာဝန်ထမ်းဆောင်နေတုန်း ၂၀၀၉ ခုနှစ်မှာ  မိုင်းနင်းမိခဲ့ပါတယ်။
မန္တလေးတိုင်းထဲက တိုက်ပွဲတွေ မြို့ပေါ်အထိ‌ရောက်လာနိုင်မလား,"Wed, 24 Jul 2024 09:49:10 GMT",https://www.bbc.com/burmese/articles/crg71mg8yy4o#0,https://www.bbc.com/burmese/articles/crg71mg8yy4o,"
ရှမ်းပြည်နယ်မြောက်ပိုင်းနဲ့ နယ်နိမိတ်ထိစပ်နေတဲ့ မန္တလေးတိုင်း၊ မိုးကုတ်မြို့နယ်ဟာ ၁၀၂၇ စစ်ဆင်ရေးပထမလှိုင်းမှာ ကတည်းက တိုက်ပွဲတွေရှိခဲ့ပါတယ်။ ၁၀၂၇  ဒုတိယလှိုင်းမှာတော့ မိုးကုတ်အပြင် မန္တလေးတိုင်းထဲက မြေပြန့်ဒေသတွေဖြစ်တဲ့ စဉ့်ကူး နဲ့ မတ္တရာ မြို့နယ်တွေအထိတိုက်ပွဲတွေပြင်းထန်နေတာပါ။ "
စစ်တပ်ကိုမယုံခဲ့သူ နော်စီဖိုးရာစိန်,"Wed, 24 Jul 2024 12:59:36 GMT",https://www.bbc.com/burmese/articles/ckvgpdxzp38o#0,https://www.bbc.com/burmese/articles/ckvgpdxzp38o,"KNU ရဲ့ ပြောရေးဆိုခွင့်ရှိသူ ပဒိုစောတောနီးကတော့ နော်စီဖိုးရာစိန်ဟာ KNU မှာနိုင်ငံရေးရာထူးနဲ့ ခေါင်းဆောင်ပိုင်းအထိ ရောက်ခဲ့တဲ့ပထမဆုံးကရင်အမျိုးသမီးခေါင်းဆောင်လို့ ဖော်ညွှန်းပါတယ်။
 '' ရှေ့ဆောင်လမ်းပြကောင်းတွေလုပ်ခဲ့တဲ့ ခေါင်းဆောင်တစ်ယောက်ဖြစ်သလို အခုသူကွယ်လွန်ခဲ့တာကလည်း ကျွန်တော်တို့ အတွက် ဆုံးရှုံးမှုတစ်ခုဖြစ်တယ်'' လို့  ပဒိုစောတောနီး က ဘီဘီစီကိုဖြေပါတယ်။
"
စစ်အာဏာသိမ်းမှု - နယ်စပ်ရောက်မြန်မာခိုလှုံသူတွေ တတိယနိုင်ငံရောက်ဖို့လွယ်ကူလား,"Tue, 23 Jul 2024 14:26:59 GMT",https://www.bbc.com/burmese/articles/c4nnqm619reo#0,https://www.bbc.com/burmese/articles/c4nnqm619reo,တရားမဝင်နေထိုင်ရတဲ့ CDM ကျောင်းဆရာမ ဒေါ်မြမြတို့လို လူတွေအတွက်တော့ ထိုင်းရဲတွေရဲ့ ဖမ်းဆီးမှုတွေကြား မလုံခြုံတဲ့ မဲဆောက်ကို စွန့်ခွာပြီး တတိယနိုင်ငံတစ်ခုဆီ သွားခွင့်ရရေးက မျှော်လင့်ချက်တစ်ခုဖြစ်နေပါတယ်။ ဒါပေမဲ့ စစ်အာဏာသိမ်း ၃ နှစ်ခွဲရောက်လာချိန်မှာ အိမ်နီးချင်း နယ်စပ်တွေမှာတင် သောင်တင်နေသူတွေက သောင်းနဲ့ချီရှိနေပါတယ်။ ဘာကြောင့်လဲ။
စစ်လွန်ကာလ ဂါဇာယာယီအစိုးရ စုပေါင်းဖွဲ့မယ်ဆိုပြီး ပါလက်စတိုင်းအဖွဲ့တွေ ဘေဂျင်း စကားဝိုင်းမှာ သဘောတူ,"Tue, 23 Jul 2024 15:09:20 GMT",https://www.bbc.com/burmese/articles/cz9d7q9v270o#0,https://www.bbc.com/burmese/articles/cz9d7q9v270o,ခါးသည်းတဲ့ ပြိုင်ဘက်တွေ ဖြစ်တဲ့ ဟားမတ်စ်နဲ့ ဖာတာ အပါအဝင် ပါလက်စတိုင်း အဖွဲ့ကွဲ ၁၄ ခု ဘေဂျင်းကြေညာချက် ထုတ်ပြန်
ပြည်တွင်းစစ်ထဲက လက်နက်စျေးကွက်,"Wed, 17 Jul 2024 12:34:52 GMT",https://www.bbc.com/burmese/articles/cn07d22xr5ro#1,https://www.bbc.com/burmese/articles/cn07d22xr5ro,ရိုင်ဖယ်တစ်လက်ကို မြန်မာငွေသိန်းနှစ်ရာနီးပါးကစပြီး ကျည်တစ်တောင့်က တစ်သောင်းအထက် ပျှမ်းမျှရှိပါတယ်။
‘ကျွန်တော်လက်ထဲ ဘာလက်နက်မှမရှိဘူး’- ပစ်သတ်ခံခဲ့ရတဲ့ ဘင်္ဂလားဒေ့ရှ်ဆန္ဒပြကျောင်းသား,"Thu, 18 Jul 2024 13:35:02 GMT",https://www.bbc.com/burmese/articles/c51y9451245o#1,https://www.bbc.com/burmese/articles/c51y9451245o,အသက် ၂၂ နှစ်အရွယ် အဘူ ဆာယိဒ် ဘင်္ဂလားဒေ့ရှ်နိုင်ငံထဲက ဆန္ဒပြပွဲတစ်ခုမှာ အသေပစ်ခတ်ခံခဲ့ရပြီးတဲ့နောက် နိုင်ငံထဲက ကျောင်းသားဆန္ဒပြပွဲရဲ့ပြယုဂ်ဖြစ်လာပါတယ်။
ယာယီသမ္မတနဲ့ အခြေခံဥပဒေဆိုင်ရာအငြင်းပွားမှု,"Thu, 25 Jul 2024 13:16:58 GMT",https://www.bbc.com/burmese/articles/c978rm02pgno#0,https://www.bbc.com/burmese/articles/c978rm02pgno,ယာယီသမ္မတတာဝန်ကို ဗိုလ်ချုပ်မှူးကြီးမင်းအောင်လှိုင် ယူလိုက်တာက ဖွဲ့စည်းပုံအခြေခံဥပဒေနဲ့ညီတယ်ဆိုပြီး စစ်ကောင်စီကိုးကားတဲ့ ပုဒ်မ ၆ ခုလုံးမှာ သမ္မတတာဝန်လွှဲအပ်ခြင်းနဲ့ တိုက်ရိုက်သက်ဆိုင်တဲ့ ပုဒ်မ တစ်ခုမှ ပါတာမတွေ့ရပါဘူး။
ပဲရစ်အိုလံပစ် မီးရှူးတိုင်ကို ခေတ်သစ်ကျွန်ဘဝက လွတ်လာသူကိုင်ဆောင်မယ်,"Thu, 25 Jul 2024 11:55:17 GMT",https://www.bbc.com/burmese/articles/cx721p0yp7qo#0,https://www.bbc.com/burmese/articles/cx721p0yp7qo,ခေတ်သစ်ကျွန်ဘဝက လွတ်လာတဲ့ မိုဟာမက် ဇမ်မင်ဟာ ပဲရစ် အိုလံပစ် မီးရှူးတိုင် သယ်ဆောင်နိုင်ဖို့ ပြင်ဆင်နေပါတယ်။
မန္တလေးတိုင်းထဲက တိုက်ပွဲတွေ မြို့ပေါ်အထိ‌ရောက်လာနိုင်မလား,"Thu, 25 Jul 2024 02:28:51 GMT",https://www.bbc.com/burmese/articles/crg71mg8yy4o#0,https://www.bbc.com/burmese/articles/crg71mg8yy4o,"
ရှမ်းပြည်နယ်မြောက်ပိုင်းနဲ့ နယ်နိမိတ်ထိစပ်နေတဲ့ မန္တလေးတိုင်း၊ မိုးကုတ်မြို့နယ်ဟာ ၁၀၂၇ စစ်ဆင်ရေးပထမလှိုင်းမှာ ကတည်းက တိုက်ပွဲတွေရှိခဲ့ပါတယ်။ ၁၀၂၇  ဒုတိယလှိုင်းမှာတော့ မိုးကုတ်အပြင် မန္တလေးတိုင်းထဲက မြေပြန့်ဒေသတွေဖြစ်တဲ့ စဉ့်ကူး နဲ့ မတ္တရာ မြို့နယ်တွေအထိတိုက်ပွဲတွေပြင်းထန်နေတာပါ။ "
အရှေ့မြောက်တိုင်းစစ်ဌာနချုပ်ကို သိမ်းလိုက်ပြီလို့ ကိုးကန့်တပ် ကြေညာ,"Thu, 25 Jul 2024 04:27:27 GMT",https://www.bbc.com/burmese/articles/c725r1nzy31o#0,https://www.bbc.com/burmese/articles/c725r1nzy31o,လားရှိုးအခြေစိုက် အရှေ့မြောက်တိုင်းစစ်ဌာနချုပ် ကို ဇူလိုင် ၂၅ ရက် မနက်ပိုင်းမှာ သိမ်းပိုက်လိုက်ပြီ လို့ ကိုးကန့်တပ် MNDAA က ထုတ်ပြန်လာပါတယ်။ မြန်မာစစ်တပ်မှာ တိုင်းစစ်ဌာနချုပ် ၁၄ ခု ရှိတဲ့ အနက် ပထမဆုံး သိမ်းပိုက်ခံရတဲ့ တိုင်းစစ်ဌာနချုပ်ဖြစ်လာပါတယ်။
စစ်တပ်ကိုမယုံကြည်ခဲ့သူ နော်စီဖိုးရာစိန်,"Wed, 24 Jul 2024 15:50:57 GMT",https://www.bbc.com/burmese/articles/ckvgpdxzp38o#0,https://www.bbc.com/burmese/articles/ckvgpdxzp38o,"KNU ရဲ့ ပြောရေးဆိုခွင့်ရှိသူ ပဒိုစောတောနီးကတော့ နော်စီဖိုးရာစိန်ဟာ KNU မှာနိုင်ငံရေးရာထူးနဲ့ ခေါင်းဆောင်ပိုင်းအထိ ရောက်ခဲ့တဲ့ပထမဆုံးကရင်အမျိုးသမီးခေါင်းဆောင်လို့ ဖော်ညွှန်းပါတယ်။
 '' ရှေ့ဆောင်လမ်းပြကောင်းတွေလုပ်ခဲ့တဲ့ ခေါင်းဆောင်တစ်ယောက်ဖြစ်သလို အခုသူကွယ်လွန်ခဲ့တာကလည်း ကျွန်တော်တို့ အတွက် ဆုံးရှုံးမှုတစ်ခုဖြစ်တယ်'' လို့  ပဒိုစောတောနီး က ဘီဘီစီကိုဖြေပါတယ်။
"
ကေပေါ့ကို အေအိုင်နဲ့ဖန်တီးမှု ပရိသတ်လက်ခံလာနိုင်ခြေရှိလား,"Sun, 21 Jul 2024 11:28:00 GMT",https://www.bbc.com/burmese/articles/c3gdrg0vyyro#1,https://www.bbc.com/burmese/articles/c3gdrg0vyyro,ကေပေါ့လောကမှာ နာမည်ကျော်လို့ဆိုနိုင်တဲ့အနုပညာရှင်အချို့ဟာ ‌ဉာဏ်ရည်တုနည်းပညာ(အေအိုင်)ကို သုံးပြီး အနုပညာဖန်တီးလာကြပါတယ်။ ဒါပေမဲ့ ပရိသတ်က ဒါကို ခံစားသက်ဝင် လက်ခံနိုင်ခြေရှိလား။
အိမ်ပြန်ခွင့်ရခဲ့တဲ့ LGBT တော်လှန်ရေးတပ်သား ,"Sun, 21 Jul 2024 05:42:58 GMT",https://www.bbc.com/burmese/articles/ckrgmj08n24o#1,https://www.bbc.com/burmese/articles/ckrgmj08n24o,တကျော့ပြန်တိုက်ပွဲဟာ “အိမ်ပြန်မယ့်လှိုင်း”လို့ တော်လှန်ရေးအင်အားစုတွေ ကြွေးကြော်ခဲ့ကြပြီး အခုတော့ မိုးကုတ်ဗျူဟာက စစ်ဦးစီးအဖွဲ့ဝင်တဖြစ်လဲ ရဲဘော် နွယ်နီ အိမ်ပြန်ခွင့်ရခဲ့တာပါ။
၁၀၂၇ စစ်ဆင်ရေးမှာ ဝ တပ်ဖွဲ့ ဘယ်လိုရပ်တည်လဲ,"Fri, 19 Jul 2024 05:18:00 GMT",https://www.bbc.com/burmese/articles/cqv5qy2xz00o#1,https://www.bbc.com/burmese/articles/cqv5qy2xz00o,၁၀၂၇ စစ်ဆင်ရေးမှာ သေနတ်တစ်ချက်မဖောက်ဘဲ နယ်မြေတွေတိုးရလာနေတာကြောင့် ဝ တပ်ဖွဲ့ကို ရှုပ်ထွေးနေတဲ့ စစ်ရေးနိုင်ငံရေးမှာ အပါးနပ်ဆုံး အဖွဲ့အစည်းတစ်ခုအဖြစ် ရှုမြင်ခံနေရပါတယ်။
စစ်အတွင်းက အလုပ်အကိုင်သစ်,"Sat, 13 Jul 2024 12:41:07 GMT",https://www.bbc.com/burmese/articles/clkyr3wry8lo#4,https://www.bbc.com/burmese/articles/clkyr3wry8lo,လားရှိုးမြို့အပေါ် လက်နက်ကြီးတွေကျလို့ အရပ်သားသေဆုံးမှုတွေ ဆက်တိုက်ရှိလာချိန်မှာ ဗုံးခိုကျင်းတူးတဲ့သူတွေဆီ ရာနဲ့ချီတဲ့ ဖုန်းခေါ်ဆိုမှုတွေ မကြုံစဖူး ဝင်လာပါတယ်။
အမေရိကန်ဆီ မူးယစ်ဆေးအများဆုံးတင်သွင်းနေတဲ့ မူးယစ်ရာဇာကို ရုပ်ရှင်ဆန်ဆန် ဖမ်းမိ,"Fri, 26 Jul 2024 13:06:48 GMT",https://www.bbc.com/burmese/articles/cw0ydnw9zeeo#0,https://www.bbc.com/burmese/articles/cw0ydnw9zeeo,အဖမ်းမခံရရေးအတွက် မက္ကဆီကိုအစိုးရတစ်ဖွဲ့လုံးကို လာဘ်ထိုးထားတယ်လို့ စွပ်စွဲခံရတဲ့ မူးယစ်ရာဇာဟာ သူ့မိတ်ဆွေရဲ့ သားကြောင့် ဖမ်းဆီးခံခဲ့ရပါတယ်။
ယာယီသမ္မတနဲ့ အခြေခံဥပဒေဆိုင်ရာမေးခွန်းများ,"Thu, 25 Jul 2024 13:16:58 GMT",https://www.bbc.com/burmese/articles/c978rm02pgno#0,https://www.bbc.com/burmese/articles/c978rm02pgno,ယာယီသမ္မတတာဝန်ကို ဗိုလ်ချုပ်မှူးကြီးမင်းအောင်လှိုင် ယူလိုက်တာက ဖွဲ့စည်းပုံအခြေခံဥပဒေနဲ့ညီတယ်ဆိုပြီး စစ်ကောင်စီကိုးကားတဲ့ ပုဒ်မ ၆ ခုလုံးမှာ သမ္မတတာဝန်လွှဲအပ်ခြင်းနဲ့ တိုက်ရိုက်သက်ဆိုင်တဲ့ ပုဒ်မ တစ်ခုမှ ပါတာမတွေ့ရပါဘူး။
ဆုတံဆိပ်ဇယားအပြည့်အစုံကြည့်ရန်,"Thu, 25 Jul 2024 12:03:57 GMT",https://www.bbc.com/burmese/articles/c4ng9128xnno#1,https://www.bbc.com/burmese/articles/c4ng9128xnno,အိုလံပစ်မှာ ရွှေဆုအများဆုံး ဘယ်နိုင်ငံက ရနေပါသလဲ။ နိုင်ငံ ၂၀၀ ကျော်က အားကစားသမားတွေက အားကစားအမျိုးအစား ၃၂ မျိုးမှာ ဆုတံဆိပ် ၃၂၉ ခုအတွက် ယှဥ်ပြိုင်နေကြပါတယ်။
ကေပေါ့ကို အေအိုင်နဲ့ဖန်တီးမှု ပရိသတ်လက်ခံလာနိုင်ခြေရှိလား,"Sun, 21 Jul 2024 11:28:00 GMT",https://www.bbc.com/burmese/articles/c3gdrg0vyyro#2,https://www.bbc.com/burmese/articles/c3gdrg0vyyro,ကေပေါ့လောကမှာ နာမည်ကျော်လို့ဆိုနိုင်တဲ့အနုပညာရှင်အချို့ဟာ ‌ဉာဏ်ရည်တုနည်းပညာ(အေအိုင်)ကို သုံးပြီး အနုပညာဖန်တီးလာကြပါတယ်။ ဒါပေမဲ့ ပရိသတ်က ဒါကို ခံစားသက်ဝင် လက်ခံနိုင်ခြေရှိလား။
အိမ်ပြန်ခွင့်ရခဲ့တဲ့ LGBT တော်လှန်ရေးတပ်သား ,"Sun, 21 Jul 2024 05:42:58 GMT",https://www.bbc.com/burmese/articles/ckrgmj08n24o#2,https://www.bbc.com/burmese/articles/ckrgmj08n24o,တကျော့ပြန်တိုက်ပွဲဟာ “အိမ်ပြန်မယ့်လှိုင်း”လို့ တော်လှန်ရေးအင်အားစုတွေ ကြွေးကြော်ခဲ့ကြပြီး အခုတော့ မိုးကုတ်ဗျူဟာက စစ်ဦးစီးအဖွဲ့ဝင်တဖြစ်လဲ ရဲဘော် နွယ်နီ အိမ်ပြန်ခွင့်ရခဲ့တာပါ။
၁၀၂၇ စစ်ဆင်ရေးမှာ ဝ တပ်ဖွဲ့ ဘယ်လိုရပ်တည်လဲ,"Fri, 19 Jul 2024 05:18:00 GMT",https://www.bbc.com/burmese/articles/cqv5qy2xz00o#2,https://www.bbc.com/burmese/articles/cqv5qy2xz00o,၁၀၂၇ စစ်ဆင်ရေးမှာ သေနတ်တစ်ချက်မဖောက်ဘဲ နယ်မြေတွေတိုးရလာနေတာကြောင့် ဝ တပ်ဖွဲ့ကို ရှုပ်ထွေးနေတဲ့ စစ်ရေးနိုင်ငံရေးမှာ အပါးနပ်ဆုံး အဖွဲ့အစည်းတစ်ခုအဖြစ် ရှုမြင်ခံနေရပါတယ်။
ပြည်တွင်းစစ်ထဲက လက်နက်စျေးကွက်,"Wed, 17 Jul 2024 12:34:52 GMT",https://www.bbc.com/burmese/articles/cn07d22xr5ro#2,https://www.bbc.com/burmese/articles/cn07d22xr5ro,ရိုင်ဖယ်တစ်လက်ကို မြန်မာငွေသိန်းနှစ်ရာနီးပါးကစပြီး ကျည်တစ်တောင့်က တစ်သောင်းအထက် ပျှမ်းမျှရှိပါတယ်။
‘ကျွန်တော်လက်ထဲ ဘာလက်နက်မှမရှိဘူး’- ပစ်သတ်ခံခဲ့ရတဲ့ ဘင်္ဂလားဒေ့ရှ်ဆန္ဒပြကျောင်းသား,"Thu, 18 Jul 2024 13:35:02 GMT",https://www.bbc.com/burmese/articles/c51y9451245o#2,https://www.bbc.com/burmese/articles/c51y9451245o,အသက် ၂၂ နှစ်အရွယ် အဘူ ဆာယိဒ် ဘင်္ဂလားဒေ့ရှ်နိုင်ငံထဲက ဆန္ဒပြပွဲတစ်ခုမှာ အသေပစ်ခတ်ခံခဲ့ရပြီးတဲ့နောက် နိုင်ငံထဲက ကျောင်းသားဆန္ဒပြပွဲရဲ့ပြယုဂ်ဖြစ်လာပါတယ်။
စစ်ဘေးရှောင်ရင်း ရေဘေးဒုက္ခဆင့်ကဲကြုံရသူတွေ ,"Tue, 16 Jul 2024 11:51:21 GMT",https://www.bbc.com/burmese/articles/cjqedpvegjno#2,https://www.bbc.com/burmese/articles/cjqedpvegjno,“ဒီနှစ်ထဲမှာတင် စစ်ကြောင်းထိုးလို့ ပြေးရတာ ခြောက်ခါ။ နောက်ဆုံးစစ်ကြောင်းထိုးတာက ပြီးခဲ့တဲ့ ၁၀ ရက်လောက်ကပေါ့။ စစ်ကြောင်းတွေ ရွာထဲရောက်တော့ အိမ်တွေထဲကို ‌မွှေနှောက်သွားကြတယ်။ သူတို့ထွက်သွားပြီး ကျွန်မတို့ ရွာထဲပြန်ရောက်ပြီး သိပ်မကြာဘူး နောက်ရက်မှာ ရေကြီးတော့တာပဲ။ ဒီတော့ ကျွန်မတို့မှာ ဘာမှ ပြင်ဆင်ချိန် မရကြဘူး”လို့ ပြောပါတယ်။
အူကျန်းမာရေးက ဘာ့ကြောင့် အရေးကြီးလဲ။ အူကျန်းမာရေး ပိုကောင်းအောင် ဘယ်လိုလုပ်မလဲ,"Tue, 16 Jul 2024 06:44:02 GMT",https://www.bbc.com/burmese/articles/c3gd4j3y8z7o#2,https://www.bbc.com/burmese/articles/c3gd4j3y8z7o,အူလမ်းကြောင်းက စိတ်ပိုင်း၊ ခန္ဓာကိုယ်ပိုင်း ကျန်းမာရေးနဲ့ ဘယ်လို ဆက်နွှယ်နေသလဲ
ငပလီနဲ့ လားရှိုး - မွေးရေးနဲ့ ဝမ်းရေးခက်နေတဲ့  စစ်အတွင်းကကိုယ်ဝန်ဆောင်သည်တွေ,"Mon, 15 Jul 2024 12:55:20 GMT",https://www.bbc.com/burmese/articles/cv2g7yd2g03o#2,https://www.bbc.com/burmese/articles/cv2g7yd2g03o,"စစ်ပွဲတွေဖြစ်ပွားနေတဲ့ ရခိုင်ပြည်နယ်ထဲက သံတွဲ၊ ငပလီနဲ့ ရှမ်းပြည်နယ်မြောက်ပိုင်းက လားရှိုးမြို့တွေမှာ ကိုယ်ဝန်အရင့်အမာနဲ့ မိခင်လောင်းတွေ ဟာ စစ်ရေးနဲ့ မီးဖွားရေးကြားမှာ သာမန်စစ်ရှောင်တွေကြုံရတာထက်ပိုတဲ့ အခြေအနေတွေနဲံရင်ဆိုင်နေရပါတယ်။ စစ်ပွဲဒေသမှာ စစ်ရှောင်ဖို့လည်းခက်၊ ဆက်နေဖို့လည်းမလုံခြုံတဲ့ ကိုယ်ဝန်ဆောင်မိခင်လောင်းတွေမှာ အသက်ဘေးစိန်ခေါ်ချက်လည်းရှိနေပါတယ်။
"
စစ်အတွင်းက အလုပ်အကိုင်သစ်,"Sat, 13 Jul 2024 12:41:07 GMT",https://www.bbc.com/burmese/articles/clkyr3wry8lo#5,https://www.bbc.com/burmese/articles/clkyr3wry8lo,လားရှိုးမြို့အပေါ် လက်နက်ကြီးတွေကျလို့ အရပ်သားသေဆုံးမှုတွေ ဆက်တိုက်ရှိလာချိန်မှာ ဗုံးခိုကျင်းတူးတဲ့သူတွေဆီ ရာနဲ့ချီတဲ့ ဖုန်းခေါ်ဆိုမှုတွေ မကြုံစဖူး ဝင်လာပါတယ်။
ဘီလျံနာ သူဌေးတွေရဲ့ ငပလီ သောက,"Sun, 07 Jul 2024 12:47:52 GMT",https://www.bbc.com/burmese/articles/c51y89571nqo#5,https://www.bbc.com/burmese/articles/c51y89571nqo,ဘီလျံနဲ့ချီတဲ့ ရင်းနှီးမြှုပ်နှံမှုတွေရှိနေတဲ့ ငပလီက ဟိုတယ်တွေဟာ အနားယူသွားတဲ့ စစ်ခေါင်းဆောင်တွေ၊ လက်ရှိစစ်ခေါင်းဆောင်တွေ နဲ့ အကျိုးစီးပွား ဆက်နွှယ်နေတဲ့ လုပ်ငန်းရှင်အများစု ပိုင်ဆိုင်ကြတာဖြစ်ပါတယ်။
လေထုညစ်ညမ်းမှုနဲ့ မိန်းကလေးငယ်တွေ ရာသီပန်းစောစောပွင့်လန်းမှု ဆက်နွှယ်သလား,"Thu, 11 Jul 2024 12:42:27 GMT",https://www.bbc.com/burmese/articles/cv2g7jp9832o#5,https://www.bbc.com/burmese/articles/cv2g7jp9832o,မကြာသေးခင်တုန်းက လေ့လာချက်တွေမှာတော့ လေထုညစ်ညမ်းမှုဟာ အမျိုးသမီးငယ်တွေ အပျိုဖော်စတင်ဝင်ရောက်တာကို ဖြစ်တန်ရာခြေရှိတယ်လို့ နားလည်လာရပါတယ်။ သုတေသီကတော့ ရာသီသွေး စောစောပေါ်တဲ့ကိစ္စဟာ မျိုးပွားစနစ်ကင်ဆာဖြစ်နိုင်တာနဲ့ တခြားမျိုးပွားစနစ် ကျန်းမာရေးပြဿနာတွေ ဖြစ်လာနိုင်ခြေရှိတာကို စိုးရိမ်နေကြပါတယ်။
ဘိုလီဗီးယား - ကမ္ဘာမှာ စစ်အာဏာသိမ်းမှု အများဆုံးဖြစ်ပွားရတဲ့အကြောင်းရင်း   ၃ ချက်,"Mon, 08 Jul 2024 10:03:27 GMT",https://www.bbc.com/burmese/articles/c729z5d80w3o#5,https://www.bbc.com/burmese/articles/c729z5d80w3o,ဘိုလီဗီးယားရဲတပ်ဖွဲ့ဟာ အာဏာသိမ်းဖို့ ကြိုးပမ်းတယ်လို့ ယူဆရတဲ့ခေါင်းဆောင် ဗိုလ်ချုပ်ကြီး ဟွမ် ဟိုဆေး ဆုညီကာကို ဖမ်းဆီးလိုက်ပါတယ်။ သမ္မတ လူဝီ အာဆေးကလည်း ဒါကို ‘’အာဏာသိမ်းဖို့ ကြိုးပမ်းမှု’’ ပြောပြီး ရှုတ်ချသလို သမ္မတဟောင်း အီဗို မိုရာလက်စ်ကလည်း ဒီမိုကရေစီကို ကာကွယ်ဖို့ လူထုကို တောင်းဆိုထားပါတယ်။ ဗိုလ်ချုပ်ကြီးကတော့ အဖမ်းခံရပြီးနောက်မှာ သတင်းစာရှင်းလင်းပွဲမှာ လူမြင်ကွင်းထဲ ခေါ် ထုတ်ခံခဲ့ရပါတယ်။
ပါလီမန်ဒီမိုကရေစီအိပ်မက်နဲ့ မန္တလေးက ပဒေသရာဇ်ပြုပြင်ရေး,"Wed, 03 Jul 2024 15:41:34 GMT",https://www.bbc.com/burmese/articles/cprqj4jqzd0o#5,https://www.bbc.com/burmese/articles/cprqj4jqzd0o,ပါလီမန်ဒီမိုကရေစီစနစ်၊ လွတ်လပ်တဲ့ သတင်းစာလောက၊ ခေတ်မီအုပ်ချုပ်ရေး စတာတွေ အမြစ်မတွယ်နိုင်ဘဲ စစ်အစိုးရ၊ စစ်ဘုရင်၀ါဒနဲ့ ဖိနှိပ်ချုပ်ချယ်မှုတွေသာ ပဒေသရာဇ်ခေတ်ကအတိုင်း ကျန်နေတာကို တွေ့ရ
ဘီဘီစီ မြန်မာ နေ့စဉ် ရုပ်သံအစီအစဉ်ကို မဇ္စျိမတီဗီ တွင် ကြည့်ရှုနိုင်ပြီ,"Mon, 26 Mar 2018 16:15:48 GMT",https://www.bbc.com/burmese/institutional-43548528#8,https://www.bbc.com/burmese/institutional-43548528,နိုင်ငံတကာ နှင့် ဒေသတွင်းဖြစ်ပျက်နေသည့် နေ့စဉ် အရေးကြီးသတင်းများကို ပရိသတ်ထံသို့ အရောက် သယ်ဆောင်လာပါပြီ။
ဗန်းမော်၊မိုးမောက် ခမရ ၄၃၇ ထိုးစစ်က  KIA အတွက် ဘယ်လောက်အရေးကြီးလဲ ,"Sat, 27 Jul 2024 13:00:15 GMT",https://www.bbc.com/burmese/articles/c8vd23903rpo#0,https://www.bbc.com/burmese/articles/c8vd23903rpo,"'' ၄၃၇ ကတော့ လက်နက်ကြီးတွေတပ်ထားတဲ့ အခိုင်အမာတည်ဆောက်ထားတဲ့တပ်စခန်းကြီးဖြစ်တယ်။ ဗန်းမော်လုံခြုံရေးအတွက်ကတော့ ၄၃၇ ကျသွားရင် စစ်ကောင်စီအတွက်လုံခြုံရေးမရှိတော့ဘူးလို့ ပြောလို့ရတယ်'' လို့ ဗိုလ်မှူးကြီးနော်ဘူက ရှင်းပြပါတယ်။

စစ်တပ်ကလည်း မိုးမောက်မြို့ ခမရ ၄၃၇ ကိုလက်မလွှတ်ရဖို့ ဗန်းမော်ဘက်ကနေ တင့်ကားတွေ၊ လက်နက်ကြီးတွေ၊ ဒရုန်း အပါအဝင် လေကြောင်း သုံးတိုက်ခိုက်တာတွေကိုလုပ်နေပါတယ်။ "
ဇူလိုင် ၂၇ ရက် နိုင်ငံတဝန်းသတင်းအနှစ်ချုပ် - လားရှိုးတိုက်ပွဲ စစ်ကောင်စီ နဲ့ ကိုးကန့်တပ် အပြန်အလှန်ဝါဒဖြန့်,"Sat, 27 Jul 2024 11:26:27 GMT",https://www.bbc.com/burmese/articles/cpe3x2l47nwo#0,https://www.bbc.com/burmese/articles/cpe3x2l47nwo,အရှေ့မြောက်တိုင်းစစ်ဌာနချုပ်အခြေစိုက် လားရှိုးမြို့မှာ စစ်ကောင်စီ နဲ့ ကိုးကန့်တပ် တိုက်ပွဲပြင်းထန်နေသလို ဝါဒဖြန့်တိုက်ပွဲပါ ပြင်းထန်နေပါတယ်။
ဇူလိုင် ၂၈ ရက် နိုင်ငံတဝန်းသတင်းအနှစ်ချုပ် - လားရှိုးမြို့ထဲကို ဝ တပ်ဖွဲ့ ဝင်ရောက်  ,"Sun, 28 Jul 2024 09:48:37 GMT",https://www.bbc.com/burmese/articles/c4ngxp2vl59o#0,https://www.bbc.com/burmese/articles/c4ngxp2vl59o,ရှမ်းပြည်နယ်မြောက်ပိုင်း၊ လားရှိုးမြို့မှာ စစ်‌ကောင်စီတပ်နဲ့ ကိုးကန့်တပ်(MNDAA)တို့ရဲ့ တိုက်ပွဲတွေအတွင်း သေဆုံးခဲ့ကြတဲ့ နှစ်ဖက်တပ်ဖွဲ့ ဝင်တွေ အပါအဝင် ဒေသခံအရပ်သားတွေရဲ့ ရုပ်အလောင်းတွေကို ရှင်းလင်းရေး မလုပ်နိုင်သေးဘူးလို့ မြေပြင်ပရဟိတ ကူညီ‌ရေးအသင်းတွေက ဘီဘီစီကို ပြောပါတယ်။
ကမ္ဘာမှာ အဖြစ်များနေတဲ့ အသည်းရောင်ရောဂါကို ဘယ်လိုကာကွယ်မလဲ,"Sun, 28 Jul 2024 03:54:59 GMT",https://www.bbc.com/burmese/articles/c3geyqwjxyno#0,https://www.bbc.com/burmese/articles/c3geyqwjxyno,အသည်းရောင်ရောဂါကြောင့် ကမ္ဘာမှာ တနှစ်ကို လူပေါင်း ၁. ၃ သန်း အသက်ဆုံးရှုံးနေရပါတယ်။ မြန်မာ၊ ထိုင်း၊ အင်ဒိုနီးရှားအပါအဝင် အရှေ့တောင်အာရှမှာတော့ အသည်းရောင်ရောဂါ (ဘီ) ကူးစက်ခံရမှုပေါင်း သန်း ၆၀ ကျော်အထိရှိနေပါတယ်။  ရောဂါပိုးရှိနေတဲ့ သူ အများအပြားက သူတို့ဆီမှာ  ဒီရောဂါ ကူးစက်ခံထားရပြီဆိုတာကို မသိကြပါဘူး။
‘‘ဝ’’တပ်ဖွဲ့ - ရှမ်းမြောက်ပဋိပက္ခမှာအသံတိတ်အောင်နိုင်သူလား,"Mon, 29 Jul 2024 12:51:03 GMT",https://www.bbc.com/burmese/articles/cp087j6rrg5o#0,https://www.bbc.com/burmese/articles/cp087j6rrg5o,''အရင်ကတော့ ''ဝ'' က တောင်ပိုင်းကိုကြည့်တယ်။ အခုတော့ မြောက်ပိုင်းမှာ Power Vaccum ( အာဏာလေဟာနယ်) ဖြစ်လာတာရော၊ SAC (စစ်ကောင်စီ) ဘက်ကပါတရားဝင်နေရာပေးလိုက်တာက သူတို့အတွက်ပိုပြီး expansion (နယ်မြေချဲ့ထွင်) ဖို့ ပိုကောင်းသွားတာပေါ့'' လို့‌  ဝ'' တပ်တွေ လားရှိုးအထိရောက်လာတဲ့ အပေါ် မြောက်ပိုင်းလက်နက်ကိုင်အရေးသုတေသနပြုနေတဲ့ နိုင်ငံရေးအကဲခတ်ကိုအမရသီဟက သုံးသပ်ပါတယ်။
အစပ်ပြင်း အာလူးကြော်ကြောင့် ဂျပန်ကျောင်းသားတွေ ဆေးရုံရောက်,"Mon, 29 Jul 2024 12:12:44 GMT",https://www.bbc.com/burmese/articles/crg4d1vd19ko#0,https://www.bbc.com/burmese/articles/crg4d1vd19ko,ကုမ္ပဏီရဲ့ အင်တာနက် စာမျက်နှာမှာတော့ အစပ်ပြင်းအာလူးကြော်ကို အသက် ၁၈ နှစ်အောက်တွေ မစားသောက်ရလို့ ''တားမြစ်'' ထားပါတယ်။
အသက်အငယ်ဆုံးမြန်မာနိုင်ငံသားတွေကြုံနေရတဲ့ကာကွယ်ဆေးစိန်ခေါ်မှု ,"Tue, 30 Jul 2024 12:22:05 GMT",https://www.bbc.com/burmese/articles/cnk412gqjl9o#0,https://www.bbc.com/burmese/articles/cnk412gqjl9o," စစ်အာဏာသိမ်းပြီးတဲ့နောက် ပဋိပက္ခတွေကျယ်ပြန့်လာပြီး မြန်မာက ကလေးသူငယ် တစ်သန်းကျော်ဟာ ဝက်သက်၊ ပိုလီယိုနဲ့ ဆုံဆို့နာတို့ကို ကြိုတင်ကာကွယ်ပေးတဲ့ ပုံမှန်ကာကွယ်ဆေးတွေကိုထိုးခွင့်မရပါဘူး။  ဒီနောက်ဆက်တွဲပြဿနာကကလေး‌ငယ်တွေရဲ့ အသက်ဆုံးရှုံးရနိုင်ခြေအပြင် အနာဂတ်လူသားအရင်းအမြစ်တွေ ဆုံးရှုံးနိုင်တဲ့ အခြေအနေအထိ ရောက်နိုင်ပါတယ်။
ဒီပြဿနာကိုဖြေရှင်းဖို့ NUG အစိုးရဘယ်လိုကြိုးစားနေလဲ။ စစ်ကောင်စီကရော ဘယ်လောက်ထိုးနှံပေးနိုင်လဲ။ "
လူကုန်ကူးမှု၊ ကျွန်ပြုမှုနဲ့ ထောင်ချခံရတဲ့ Instagram နာမည်ကျော် အလှမယ် ,"Tue, 30 Jul 2024 10:45:07 GMT",https://www.bbc.com/burmese/articles/cv2gj9r8v2po#0,https://www.bbc.com/burmese/articles/cv2gj9r8v2po,ကက်တောရက်စ်ဟာ ဘရာဇီးအမျိုးသမီးငယ်တွေကို အမေရိကန်က သူ့အိမ်ဆီခေါ်ပြီး အခကြေးငွေမပေးပဲ ခိုင်းစေတာ၊ လိင်ဖျော်ဖြေရေးလုပ်ငန်းထဲ သွင်းပြီး ငွေရှာခိုင်းတာတွေ လုပ်ခဲ့တယ်လို့ ဘီဘီစီကို ပြောပြကြပါတယ်။
ဟစ်ဇ်ဘိုလာ၊ အစ္စရေးနဲ့ ဂိုလန်ကုန်းမြင့် - ဘာတွေဖြစ်နေလဲ၊ ဘာ့ကြောင့် ဖြစ်တာလဲ ,"Wed, 31 Jul 2024 13:28:01 GMT",https://www.bbc.com/burmese/articles/cv2gy4ejrwgo#0,https://www.bbc.com/burmese/articles/cv2gy4ejrwgo,အစ္စရေး သိမ်းပိုက်ခံ ဂိုလန်ကုန်းမြင့်မှာ လူငယ် ၁၂ ဦးသေဆုံးခဲ့တဲ့ ကစားကွင်းထဲ လက်နက်ကျမှုဖြစ်အပြီး စစ်ပွဲအသစ်ဖြစ်လာမှာကို စိုးရိမ်မှု မြင့်တက်နေ
တိုက်ပွဲ နဲ့ ရွေးကောက်ပွဲ အကြောင်းပြပြီး စစ်ကောင်စီက ၆ လသက်တမ်းတိုး,"Thu, 01 Aug 2024 05:50:46 GMT",https://www.bbc.com/burmese/articles/c4ng17pgz73o#0,https://www.bbc.com/burmese/articles/c4ng17pgz73o,မြန်မာစစ်ခေါင်းဆောင် ဗိုလ်ချုပ်မှူးကြီး မင်းအောင်လှိုင်ဟာ ဇူလိုင်လ ၃၁ ရက်မှာ နိုင်ငံတော် ကာကွယ်ရေးနဲ့လုံခြုံရေးကောင်စီ ခေါ်ယူခဲ့ပြီးတဲ့နောက် တိုက်ပွဲနဲ့ ရွေးကောက်ပွဲ အကြောင်းပြပြီး နိုင်ငံတဝန်းအရေးပေါ် အခြေအနေ ကြေညာတာကို နောက်ထပ် ၆ လ သက်တမ်း ထပ်တိုးလိုက်ပါတယ်။
ပဲရစ်လမ်းတွေပေါ်က လေဒီဂါဂါရဲ့ သံစဉ်သစ်များ,"Thu, 01 Aug 2024 05:00:22 GMT",https://www.bbc.com/burmese/articles/cp4w9wjq5wlo#0,https://www.bbc.com/burmese/articles/cp4w9wjq5wlo,လေဒီဂါဂါတစ်ယောက် သူမရဲ့ စေ့စပ်မှုကို အတည်ပြုလိုက်ပုံရတဲ့ လူမြင်ကွင်းထွက်ပေါ်မှု ဖြစ်လာအပြီး နာရီပိုင်းအကြာမှာပဲ သူ့ ပရိသတ်တွေဟာ သူ့ရဲ့ ၇ ချပ်မြောက် တေး အယ်လ်ဘမ်အသစ်တဲ့သံစဥ်သစ်ကို ပထမဆုံး မြည်းစမ်းခွင့်ရခဲ့ကြပါတယ်။
ဧဝရက်တောင်ထိပ် ၁၀ ကြိမ်တက်နိုင်ခဲ့ပြီး အိမ်တွင်းအကြမ်းဖက်မှုကနေ လွတ်မြောက်ခဲ့သူ အမျိုးသမီး,"Thu, 01 Aug 2024 03:18:48 GMT",https://www.bbc.com/burmese/articles/crgly32nzxro#0,https://www.bbc.com/burmese/articles/crgly32nzxro,ဧဝရက်တောင်ကို ၁၀ကြိမ်တက်နိုင်ခဲ့တဲ့ လက်ခ်ပါ ရှာပါက တခြားအမျိုးသမီးတွေကိုလည်း သူ့လိုဖြစ်စေချင်တယ်လို့ ပြောပါတယ်။
လားရှိုးတစ်မြို့လုံးသိမ်းနိုင်ဖို့ MNDAA အရှိန်မြှင့်,"Fri, 02 Aug 2024 06:37:32 GMT",https://www.bbc.com/burmese/articles/cd16de4gd5no#0,https://www.bbc.com/burmese/articles/cd16de4gd5no,MNDAA ဟာ သြဂုတ် ၈ ရက်မှာလုပ်မယ့် ၆ ကြိမ်မြောက် ဟိုင်ဂင်ဆွေးနွေးပွဲမတိုင်ခင် (ရမခ)နဲ့ လားရှိုးတစ်မြို့လုံးကို အလုံးစုံထိန်းချုပ်နိုင်ဖို့ အပြင်းအထန် ထိုးစစ်ဆင်နေတာလို့ မြောက်ပိုင်းအရေးနိုင်ငံရေးအကဲခတ်တချို့က သုံးသပ်ပါတယ်။
မိုးကြီးရေလျှံမှုရဲ့လက်သည် - ဖျက်အားကောင်းလာတဲ့ ကောင်းကင်မြစ်တွေ,"Fri, 02 Aug 2024 07:50:51 GMT",https://www.bbc.com/burmese/articles/c7283m0k3z1o#0,https://www.bbc.com/burmese/articles/c7283m0k3z1o,ကမ္ဘာကြီးပူနွေးလာမှုကြောင့် လေထုထဲ စိုထိုင်းဆများလာတာဟာ လေထုထဲကမြစ်တွေလို့သိကြ တဲ့ ရေငွေ့တွေဟာ ပိုပြီးကျယ်ပြန့်ရှည်လျားလာပြီး အချိန်တိုအတွင်း ပမာဏများများ မိုးရွာသွန်းတာ၊ ရွာသွန်းလေ့မရှိတဲ့ဒေသတွေမှာ မိုးရွာသွန်းတာအပြင် ရေကြီးမှု နဲ့ မြေပြိုမှုတွေပါ မကြာခဏဖြစ်ပေါ်စေပါတယ်။
ယူဆွတ် ဒစ်ကတ် - အိုလံပစ်မှာ လူပြောများတဲ့ တူရကီသေနတ်ပစ်သမား,"Sat, 03 Aug 2024 12:57:49 GMT",https://www.bbc.com/burmese/articles/c3gegy31v91o#0,https://www.bbc.com/burmese/articles/c3gegy31v91o,နှစ်ပေါင်းများစွာ လေ့ကျင့်ပြီး ကြိုးစားရင် ဘောင်းဘီအိတ်ထဲလက်ထည့်ထားရက်နဲ့ အောင်မြင်မှုကို ပိုင်ဆိုင်နိုင်တယ်ဆိုတာ ပြင်သစ်မှာ ရခဲ့တဲ့ ယူဆွတ် ဒစ်ကတ် ရဲ့ ဆုတံဆိပ်က သက်သေခံနေပါတယ်။
သြဂုတ် ၄ ရက် နိုင်ငံတဝန်းသတင်းအနှစ်ချုပ် - ဧရာဝတီ၊ ပဲခူးနဲ့ ကရင်က ဒေသ ၁၀ ခုကို မိုးဇလ မြစ်ရေ သတိပေး ,"Sun, 04 Aug 2024 10:52:41 GMT",https://www.bbc.com/burmese/articles/cjr442djwp0o#0,https://www.bbc.com/burmese/articles/cjr442djwp0o,ရှမ်းပြည်နယ်မြောက်ပိုင်း ကျောက်မဲမြို့မှာ ဖုန်းနဲ့အင်တာနက်လိုင်းတွေ ပြတ်တောက်နေပြီး ‌ဒီနယ်မြေမှာ တအာင်းတပ် TNLA ပူးပေါင်းတပ်တွေ နဲ့ စစ်ကောင်စီတို့အကြား တိုက်ပွဲပြင်းထန်နေ ပါတယ်။
အိုလံပစ်မှာ အားကစားသမားတွေ ပြိုင်ပွဲမရှိချိန် ဘာလုပ်ကြပါသလဲ ,"Sun, 04 Aug 2024 03:40:01 GMT",https://www.bbc.com/burmese/articles/c06k6pv4vlpo#0,https://www.bbc.com/burmese/articles/c06k6pv4vlpo,အိုလံပစ်ပြိုင်ပွဲဝင် အားကစားသမားတွေ အကောင်းဆုံအနေအထားနဲ့ ယှဥ်ပြိုင်နိုင်အောင် အနားယူရ၊ အိပ်စက်ရ၊ လေ့ကျင့်ကြရပါတယ်။ ဒါပေမဲ့ ပြိုင်ပွဲ ပွဲစဥ်တွေ မရှိတဲ့အချိန်သူတို့ ဘာတွေလုပ်ကြပါသလဲ။
ပြည်ပထွက်ဖို့အသွား ရန်ကုန်လေဆိပ်ကနေ ပြန်လွှတ်ခံရသူတွေရှိလာ,"Sat, 03 Aug 2024 15:14:42 GMT",https://www.bbc.com/burmese/articles/ck7gg2eml8ro#0,https://www.bbc.com/burmese/articles/ck7gg2eml8ro,လုပ်ငန်းအဆင့်ဆင့် လုပ်ဆောင်ထားတာမရှိမှသာ စစ်ဆေးတာလို့ စစ်ကောင်စီပြော
စစ်ခေါင်းဆောင်ကိုတပ်ထောက်ခံသူတွေဝေဖန်လာ ,"Mon, 05 Aug 2024 10:20:51 GMT",https://www.bbc.com/burmese/articles/c89774yedl7o#0,https://www.bbc.com/burmese/articles/c89774yedl7o,အထူးသဖြင့် ရမခ ကို လက်လွှတ်ဆုံးရှုံးခဲ့ရတဲ့ သြဂုတ် ၃ ရက်နေ့မှာ နေပြည်တော်က မီးရထားစက် ခေါင်းသစ်တပ်ဆင် ထုတ်လုပ်ရေးစက်ရုံ နဲ့ အမျိုးသားပြတိုက်ကို ရောက်ရှိနေတဲ့ စစ်ခေါင်းဆောင်အပေါ် စစ်တပ်မိသားစုဝင်တွေရော တပ်ထောက်ခံသူတွေကပါ ဝေဖန်မှုတွေ ပိုကျယ်လောင်လာခဲ့တာပါ။
အရက်တုက အသက်ကို ဘယ်လိုအန္တရာယ်ပေးနိုင်လဲ၊ အဆိပ်သင့်အရက်ဆိုတာ ဘာလဲ ,"Mon, 05 Aug 2024 08:01:11 GMT",https://www.bbc.com/burmese/articles/c728l0rlxnzo#0,https://www.bbc.com/burmese/articles/c728l0rlxnzo,တရားမဝင် အရက်တွေကြောင့် တစ်နှစ်ကို လူရာချီ ဒါမှဟုတ် ထောင်ချီ  သေဆုံးနေတယ်လို့  ကျန်းမာရေးအာဏာပိုင်တွေက ပြောပါတယ်။ မက်သနောပါတဲ့ အိမ်ချက်အရက် ဒါမှမဟုတ် အရက်တု သောက်လို့ အများစုဟာလည်း အမြင်ကွယ်နေကြပါတယ်။ ဒီတော့ အရက်တုက ဘယ်လောက်အန္တရာယ်ရှိလဲ၊ ဘယ်လိုခွဲခြားသိနိုင်မလဲ။
နှစ်လနီးပါးတိုင်း တစ်ကြိမ်ဖြစ်နေတဲ့ ပြည်တွင်း စက်သုံးဆီပြတ်လပ်မှု,"Sun, 04 Aug 2024 14:44:10 GMT",https://www.bbc.com/burmese/articles/c4nggp7v1x8o#0,https://www.bbc.com/burmese/articles/c4nggp7v1x8o,ရန်ကုန်နဲ့ မန္တလေးမြို့ကြီးတွေမှာ စက်သုံးဆီ ဝယ်ယူဖို့ တန်းစီစောင့်ဆိုင်းကြတဲ့ ယာဥ်တန်းရှည်ကြီးတွေကို ပြန်မြင်တွေ့လာရပါတယ်။ ရေကြီးရေလျှံမှုလို သဘာဝဘေးကြုံနေရချိန်မှာ ထပ်ဆင့်ကြုံရတဲ့ စက်သုံးဆီ ပြတ်လပ်မှု ပြည်တွင်းမှာ ဘယ်လောက် ဆိုးရွားနေလဲ။
တိုက်ပွဲတွေကြားက လွတ်မြောက်လာတဲ့ အကျဉ်းသားတွေ၊ အဆက်သွယ်မရတဲ့သားကို မျှော်နေတဲ့မိခင်,"Tue, 06 Aug 2024 12:20:45 GMT",https://www.bbc.com/burmese/articles/cqqlgwwyd79o#0,https://www.bbc.com/burmese/articles/cqqlgwwyd79o,“လွတ်လာတယ်ဆိုတဲ့ ဖုန်းရတော့ ပျော်လိုက်တာ။သားနဲ့တွေ့ရတော့မယ်ဆိုပြီးပေါ့။ ပုံမှန်အတိုင်းဆို လွတ်ဖို့ လည်းလပိုင်းပဲ လိုတော့တယ်။ အခုတော့ စစ်ပွဲကြားမှာ ပျောက်နေတယ်။ စိတ်ကတော့ အကုန်တွေးပြီးပူတာပေါ့။ သားနဲ့မတွေ့ရတာလည်းကြာပြီ၊ ကျန်းမာရေးအတွက်ရော အကုန်လုံးပေါ့။ ဘယ်လိုနေလဲ ဘယ်လိုစားလည်း တွေးပြီးပူတာပေါ့” လို့ မိခင်တစ်ယောက်ရဲ့ သောက နဲ့ ပူပင်မှုတွေကို ပြောပြပါတယ်။
ရှိတ် ဟာစီနာ - ဒီမိုကရေစီဘက်တော်သားကနေ တစ်ဦးတည်းသြဇာထူထောင်ခဲ့သူ ,"Tue, 06 Aug 2024 09:24:23 GMT",https://www.bbc.com/burmese/articles/c89ww1nq2n7o#0,https://www.bbc.com/burmese/articles/c89ww1nq2n7o,ရှိတ် ဟာစီနာဟာ ဘင်္ဂလားဒေ့ရှ် နိုင်ငံရဲ့ စီးပွားရေးကို တိုးတက်အောင်လုပ်ဆောင်နိုင်ခဲ့သူလို့ ချီးမွမ်းခံရပေမဲ့ အာဏာရှင်ဆန်ဆန် အုပ်ချုပ်ခဲ့တယ်လို့လည်း စွပ်စွဲခံခဲ့ရပါတယ်။
လူဝင်မှုဆန့်ကျင်ရေး အကြမ်းဖက်မှုတွေ ယူကေ နိုင်ငံတလွှား ပေါ်ပေါက်လာလို့ အစိုးရ အရေးပေါ် အစည်းအဝေး ခေါ်ယူ,"Mon, 05 Aug 2024 16:00:25 GMT",https://www.bbc.com/burmese/articles/cdx66e10l0xo#0,https://www.bbc.com/burmese/articles/cdx66e10l0xo,ဗြိတိန်မှာ ဆူပူမှုတွေကို ကိုင်တွယ်ဖို့ အထူးတပ်ဖွဲ့ နေရာချမယ်လို့ ဝန်ကြီးချုပ်ပြော
မိုးကြီးရေလျှံမှုရဲ့လက်သည် - ဖျက်အားကောင်းလာတဲ့ ကောင်းကင်မြစ်တွေ,"Fri, 02 Aug 2024 07:50:51 GMT",https://www.bbc.com/burmese/articles/c7283m0k3z1o#2,https://www.bbc.com/burmese/articles/c7283m0k3z1o,ကမ္ဘာကြီးပူနွေးလာမှုကြောင့် လေထုထဲ စိုထိုင်းဆများလာတာဟာ လေထုထဲကမြစ်တွေလို့သိကြ တဲ့ ရေငွေ့တွေဟာ ပိုပြီးကျယ်ပြန့်ရှည်လျားလာပြီး အချိန်တိုအတွင်း ပမာဏများများ မိုးရွာသွန်းတာ၊ ရွာသွန်းလေ့မရှိတဲ့ဒေသတွေမှာ မိုးရွာသွန်းတာအပြင် ရေကြီးမှု နဲ့ မြေပြိုမှုတွေပါ မကြာခဏဖြစ်ပေါ်စေပါတယ်။
ဧဝရက်တောင်ထိပ် ၁၀ ကြိမ်တက်နိုင်ခဲ့ပြီး အိမ်တွင်းအကြမ်းဖက်မှုကနေ လွတ်မြောက်ခဲ့သူ အမျိုးသမီး,"Thu, 01 Aug 2024 03:18:48 GMT",https://www.bbc.com/burmese/articles/crgly32nzxro#2,https://www.bbc.com/burmese/articles/crgly32nzxro,ဧဝရက်တောင်ကို ၁၀ကြိမ်တက်နိုင်ခဲ့တဲ့ လက်ခ်ပါ ရှာပါက တခြားအမျိုးသမီးတွေကိုလည်း သူ့လိုဖြစ်စေချင်တယ်လို့ ပြောပါတယ်။
ဟစ်ဇ်ဘိုလာ၊ အစ္စရေးနဲ့ ဂိုလန်ကုန်းမြင့် - ဘာတွေဖြစ်နေလဲ၊ ဘာ့ကြောင့် ဖြစ်တာလဲ ,"Wed, 31 Jul 2024 13:28:01 GMT",https://www.bbc.com/burmese/articles/cv2gy4ejrwgo#2,https://www.bbc.com/burmese/articles/cv2gy4ejrwgo,အစ္စရေး သိမ်းပိုက်ခံ ဂိုလန်ကုန်းမြင့်မှာ လူငယ် ၁၂ ဦးသေဆုံးခဲ့တဲ့ ကစားကွင်းထဲ လက်နက်ကျမှုဖြစ်အပြီး စစ်ပွဲအသစ်ဖြစ်လာမှာကို စိုးရိမ်မှု မြင့်တက်နေ
အသက်အငယ်ဆုံးမြန်မာနိုင်ငံသားတွေကြုံနေရတဲ့ကာကွယ်ဆေးစိန်ခေါ်မှု ,"Tue, 30 Jul 2024 12:22:05 GMT",https://www.bbc.com/burmese/articles/cnk412gqjl9o#2,https://www.bbc.com/burmese/articles/cnk412gqjl9o," စစ်အာဏာသိမ်းပြီးတဲ့နောက် ပဋိပက္ခတွေကျယ်ပြန့်လာပြီး မြန်မာက ကလေးသူငယ် တစ်သန်းကျော်ဟာ ဝက်သက်၊ ပိုလီယိုနဲ့ ဆုံဆို့နာတို့ကို ကြိုတင်ကာကွယ်ပေးတဲ့ ပုံမှန်ကာကွယ်ဆေးတွေကိုထိုးခွင့်မရပါဘူး။  ဒီနောက်ဆက်တွဲပြဿနာကကလေး‌ငယ်တွေရဲ့ အသက်ဆုံးရှုံးရနိုင်ခြေအပြင် အနာဂတ်လူသားအရင်းအမြစ်တွေ ဆုံးရှုံးနိုင်တဲ့ အခြေအနေအထိ ရောက်နိုင်ပါတယ်။
ဒီပြဿနာကိုဖြေရှင်းဖို့ NUG အစိုးရဘယ်လိုကြိုးစားနေလဲ။ စစ်ကောင်စီကရော ဘယ်လောက်ထိုးနှံပေးနိုင်လဲ။ "
‘‘ဝ’’တပ်ဖွဲ့ - ရှမ်းမြောက်ပဋိပက္ခမှာအသံတိတ်အောင်နိုင်သူလား,"Mon, 29 Jul 2024 12:51:03 GMT",https://www.bbc.com/burmese/articles/cp087j6rrg5o#2,https://www.bbc.com/burmese/articles/cp087j6rrg5o,"'' ဝ'' တပ်တွေ လားရှိုးအထိရောက်လာတာက UWSA ရဲ့  တောင်ပိုင်းနဲ့ မြောက်ပိုင်းချိတ်ဆက်နယ်မြေချဲ့ထွင်မှုနဲ့ဆက်စပ်နေတယ်ဆိုတဲ့ ရှုမြင်ချက်တွေရှိနေပါတယ်။
''အရင်ကတော့ ''ဝ'' က တောင်ပိုင်းကိုကြည့်တယ်။ အခုတော့ မြောက်ပိုင်းမှာ Power Vaccum ( အာဏာလေဟာနယ်) ဖြစ်လာတာရော၊ SAC (စစ်ကောင်စီ) ဘက်ကပါ တရားဝင်နေရာပေးလိုက်တာက သူတို့အတွက်ပိုပြီး expansion (နယ်မြေချဲ့ထွင်) ဖို့ ပိုကောင်းတာပေါ့'' လို့‌ မြောက်ပိုင်းလက်နက်ကိုင်အရေး သုတေသနပြုနေတဲ့နိုင်ငံရေးအကဲခတ်ကိုအမရသီဟက ပြောပါတယ်။

"
လူကုန်ကူးမှု၊ ကျွန်ပြုမှုနဲ့ ထောင်ချခံရတဲ့ Instagram နာမည်ကျော် အလှမယ် ,"Tue, 30 Jul 2024 10:45:07 GMT",https://www.bbc.com/burmese/articles/cv2gj9r8v2po#2,https://www.bbc.com/burmese/articles/cv2gj9r8v2po,ကက်တောရက်စ်ဟာ ဘရာဇီးအမျိုးသမီးငယ်တွေကို အမေရိကန်က သူ့အိမ်ဆီခေါ်ပြီး အခကြေးငွေမပေးပဲ ခိုင်းစေတာ၊ လိင်ဖျော်ဖြေရေးလုပ်ငန်းထဲ သွင်းပြီး ငွေရှာခိုင်းတာတွေ လုပ်ခဲ့တယ်လို့ ဘီဘီစီကို ပြောပြကြပါတယ်။
ကမ္ဘာမှာ အဖြစ်များနေတဲ့ အသည်းရောင်ရောဂါကို ဘယ်လိုကာကွယ်မလဲ,"Sun, 28 Jul 2024 03:54:59 GMT",https://www.bbc.com/burmese/articles/c3geyqwjxyno#2,https://www.bbc.com/burmese/articles/c3geyqwjxyno,အသည်းရောင်ရောဂါကြောင့် ကမ္ဘာမှာ တနှစ်ကို လူပေါင်း ၁. ၃ သန်း အသက်ဆုံးရှုံးနေရပါတယ်။ မြန်မာ၊ ထိုင်း၊ အင်ဒိုနီးရှားအပါအဝင် အရှေ့တောင်အာရှမှာတော့ အသည်းရောင်ရောဂါ (ဘီ) ကူးစက်ခံရမှုပေါင်း သန်း ၆၀ ကျော်အထိရှိနေပါတယ်။  ရောဂါပိုးရှိနေတဲ့ သူ အများအပြားက သူတို့ဆီမှာ  ဒီရောဂါ ကူးစက်ခံထားရပြီဆိုတာကို မသိကြပါဘူး။
ဗန်းမော်၊မိုးမောက် ခမရ ၄၃၇ ထိုးစစ်က  KIA အတွက် ဘယ်လောက်အရေးကြီးလဲ ,"Sat, 27 Jul 2024 13:00:15 GMT",https://www.bbc.com/burmese/articles/c8vd23903rpo#2,https://www.bbc.com/burmese/articles/c8vd23903rpo,"'' ၄၃၇ ကတော့ လက်နက်ကြီးတွေတပ်ထားတဲ့ အခိုင်အမာတည်ဆောက်ထားတဲ့တပ်စခန်းကြီးဖြစ်တယ်။ ဗန်းမော်လုံခြုံရေးအတွက်ကတော့ ၄၃၇ ကျသွားရင် စစ်ကောင်စီအတွက်လုံခြုံရေးမရှိတော့ဘူးလို့ ပြောလို့ရတယ်'' လို့ ဗိုလ်မှူးကြီးနော်ဘူက ရှင်းပြပါတယ်။

စစ်တပ်ကလည်း မိုးမောက်မြို့ ခမရ ၄၃၇ ကိုလက်မလွှတ်ရဖို့ ဗန်းမော်ဘက်ကနေ တင့်ကားတွေ၊ လက်နက်ကြီးတွေ၊ ဒရုန်း အပါအဝင် လေကြောင်း သုံးတိုက်ခိုက်တာတွေကိုလုပ်နေပါတယ်။ "
မန္တလေးတိုင်းထဲက တိုက်ပွဲတွေ မြို့ပေါ်အထိ‌ရောက်လာနိုင်မလား,"Thu, 25 Jul 2024 02:28:51 GMT",https://www.bbc.com/burmese/articles/crg71mg8yy4o#5,https://www.bbc.com/burmese/articles/crg71mg8yy4o,"
ရှမ်းပြည်နယ်မြောက်ပိုင်းနဲ့ နယ်နိမိတ်ထိစပ်နေတဲ့ မန္တလေးတိုင်း၊ မိုးကုတ်မြို့နယ်ဟာ ၁၀၂၇ စစ်ဆင်ရေးပထမလှိုင်းမှာ ကတည်းက တိုက်ပွဲတွေရှိခဲ့ပါတယ်။ ၁၀၂၇  ဒုတိယလှိုင်းမှာတော့ မိုးကုတ်အပြင် မန္တလေးတိုင်းထဲက မြေပြန့်ဒေသတွေဖြစ်တဲ့ စဉ့်ကူး နဲ့ မတ္တရာ မြို့နယ်တွေအထိတိုက်ပွဲတွေပြင်းထန်နေတာပါ။ "
ယာယီသမ္မတနဲ့ အခြေခံဥပဒေဆိုင်ရာမေးခွန်းများ,"Thu, 25 Jul 2024 13:16:58 GMT",https://www.bbc.com/burmese/articles/c978rm02pgno#5,https://www.bbc.com/burmese/articles/c978rm02pgno,ယာယီသမ္မတတာဝန်ကို ဗိုလ်ချုပ်မှူးကြီးမင်းအောင်လှိုင် ယူလိုက်တာက ဖွဲ့စည်းပုံအခြေခံဥပဒေနဲ့ညီတယ်ဆိုပြီး စစ်ကောင်စီကိုးကားတဲ့ ပုဒ်မ ၆ ခုလုံးမှာ သမ္မတတာဝန်လွှဲအပ်ခြင်းနဲ့ တိုက်ရိုက်သက်ဆိုင်တဲ့ ပုဒ်မ တစ်ခုမှ ပါတာမတွေ့ရပါဘူး။
စစ်တပ်ကိုမယုံကြည်ခဲ့သူ နော်စီဖိုးရာစိန်,"Wed, 24 Jul 2024 15:50:57 GMT",https://www.bbc.com/burmese/articles/ckvgpdxzp38o#5,https://www.bbc.com/burmese/articles/ckvgpdxzp38o,"KNU ရဲ့ ပြောရေးဆိုခွင့်ရှိသူ ပဒိုစောတောနီးကတော့ နော်စီဖိုးရာစိန်ဟာ KNU မှာနိုင်ငံရေးရာထူးနဲ့ ခေါင်းဆောင်ပိုင်းအထိ ရောက်ခဲ့တဲ့ပထမဆုံးကရင်အမျိုးသမီးခေါင်းဆောင်လို့ ဖော်ညွှန်းပါတယ်။
 '' ရှေ့ဆောင်လမ်းပြကောင်းတွေလုပ်ခဲ့တဲ့ ခေါင်းဆောင်တစ်ယောက်ဖြစ်သလို အခုသူကွယ်လွန်ခဲ့တာကလည်း ကျွန်တော်တို့ အတွက် ဆုံးရှုံးမှုတစ်ခုဖြစ်တယ်'' လို့  ပဒိုစောတောနီး က ဘီဘီစီကိုဖြေပါတယ်။
"
စစ်အာဏာသိမ်းမှု - နယ်စပ်ရောက်မြန်မာခိုလှုံသူတွေ တတိယနိုင်ငံရောက်ဖို့လွယ်ကူလား,"Tue, 23 Jul 2024 14:26:59 GMT",https://www.bbc.com/burmese/articles/c4nnqm619reo#5,https://www.bbc.com/burmese/articles/c4nnqm619reo,တရားမဝင်နေထိုင်ရတဲ့ CDM ကျောင်းဆရာမ ဒေါ်မြမြတို့လို လူတွေအတွက်တော့ ထိုင်းရဲတွေရဲ့ ဖမ်းဆီးမှုတွေကြား မလုံခြုံတဲ့ မဲဆောက်ကို စွန့်ခွာပြီး တတိယနိုင်ငံတစ်ခုဆီ သွားခွင့်ရရေးက မျှော်လင့်ချက်တစ်ခုဖြစ်နေပါတယ်။ ဒါပေမဲ့ စစ်အာဏာသိမ်း ၃ နှစ်ခွဲရောက်လာချိန်မှာ အိမ်နီးချင်း နယ်စပ်တွေမှာတင် သောင်တင်နေသူတွေက သောင်းနဲ့ချီရှိနေပါတယ်။ ဘာကြောင့်လဲ။
စစ်တပ်ပြင်တဲ့ရွေးကောက်ပွဲနဲ့ တရုတ်ဖိအားဘယ်လောက်ဆက်စပ်နေလဲ,"Mon, 22 Jul 2024 09:39:26 GMT",https://www.bbc.com/burmese/articles/crgme4gpm8go#5,https://www.bbc.com/burmese/articles/crgme4gpm8go,စစ်ကောင်စီကျင်းပမယ့် ရွေးကောက်ပွဲကို မနှစ်ခြိုက်တဲ့အဖွဲ့တွေ ရှိမှာကိုလည်း တရုတ်ကမျှော်လင့်ထားပါတယ်။ ဒါပေမဲ့ စစ်ဘောင်ကျယ်တာနဲ့ စစ်ပွဲတာရှည်မှာကို တရုတ်နိုင်ငံက လက်ခံချင်ဖွယ်မရှိတာကြောင့် ဒီနည်းလမ်းကိုတွန်းနေတာလို့ အမြင်ရှိကြပါတယ်။
ကဖေးမြို့တော်- ကော်ဖီကြိုက်တဲ့ ရှန်ဟိုင်းမြို့,"Wed, 07 Aug 2024 10:42:19 GMT",https://www.bbc.com/burmese/articles/c1e5jz4lgzzo#0,https://www.bbc.com/burmese/articles/c1e5jz4lgzzo,ရှန်ဟိုင်းမြို့မှာ ကော်ဖီဆိုင်တွေ စီးပွားဖြစ်နေကြပြီး အခုဆိုရင် ရှန်ဟိုင်းဟာ ကမ္ဘာပေါ်မှာ ကော်ဖီဆိုင်အများဆုံးမြို့အဖြစ် တရုတ်အစိုးရက ဖော်ညွှန်းပြောနေပါတယ်။
မိခင်နို့ရည်တိုက်ကျွေးမှုနဲ့ပတ်သက်ပြီး လွဲမှားတဲ့ အယူအဆ ၇ ချက်,"Wed, 07 Aug 2024 07:47:01 GMT",https://www.bbc.com/burmese/articles/ce78rx700pjo#0,https://www.bbc.com/burmese/articles/ce78rx700pjo,မိခင်တွေ ကလေးနို့တိုက်ကြဖို့ ကုလသမဂ္ဂက နှစ်စဉ် သြဂုတ်လ ပထမပတ်အတွင်း တိုက်တွန်း ဆော်သြလေ့ရှိပါတယ်။ မိခင်နို့တိုက်မှုနဲ့ ပတ်သက်လို့ လွဲမှားနေတဲ့ အချက် ၇ ချက်ကို ကျွမ်းကျင်သူ ပညာရှင်နှစ်ဦးက ထောက်ပြ ပညာပေးထားပါတယ်။
အွန်လိုင်းရှာဖွေမှုကို ဂူဂဲလ် လက်ဝါးကြီးအုပ်မှု ဥပဒေချိုးဖောက်တာလို့ တရားရုံးဆုံးဖြတ်,"Tue, 06 Aug 2024 16:51:26 GMT",https://www.bbc.com/burmese/articles/c75nng0r4g3o#0,https://www.bbc.com/burmese/articles/c75nng0r4g3o,ဂူဂဲလ် ကုမ္ပဏီ တစ်ခုလုံးကို ဖျက်လို့ အပိုင်းလိုက် အပိုင်းလိုက်တွေ ခွဲပြီး ပြန်လည် ဖွဲ့စည်းရဖို့ အထိ ဖြစ်လာနိုင်
ယူဆွတ် ဒစ်ကတ် - အိုလံပစ်မှာ လူပြောများတဲ့ တူရကီသေနတ်ပစ်သမား,"Sat, 03 Aug 2024 12:57:49 GMT",https://www.bbc.com/burmese/articles/c3gegy31v91o#2,https://www.bbc.com/burmese/articles/c3gegy31v91o,နှစ်ပေါင်းများစွာ လေ့ကျင့်ပြီး ကြိုးစားရင် ဘောင်းဘီအိတ်ထဲလက်ထည့်ထားရက်နဲ့ အောင်မြင်မှုကို ပိုင်ဆိုင်နိုင်တယ်ဆိုတာ ပြင်သစ်မှာ ရခဲ့တဲ့ ယူဆွတ် ဒစ်ကတ် ရဲ့ ဆုတံဆိပ်က သက်သေခံနေပါတယ်။
အာဏာသိမ်းပြီးနောက် စစ်တပ်ထိပ်တန်းအရာရှိကြီး ၅၀ ကျော် ဖယ်ရှားခံရ,"Thu, 08 Aug 2024 11:11:29 GMT",https://www.bbc.com/burmese/articles/c75n6g631xwo#0,https://www.bbc.com/burmese/articles/c75n6g631xwo,"ဗိုလ်ချုပ်ကြီးအဆင့်ကစလို့ ဗိုလ်မှူးချုပ် အထိ စစ်တပ်ထိပ်တန်းအရာရှိကြီး ၅၀ ကျော် ဖယ်ရှားခံခဲ့ရပြီး ဒီစာရင်းထဲ ရာထူးတိုး၊ ရာထူးတူနဲ့ နေရာရွှေ့တာတွေမပါဘဲ တပ်ရာထူးကနေအရန်အင်အားအပို့ခံရတာ၊ တပ်ရာထူးကဖယ်ရှားခံရတာ၊အနားပေးခံရတာနဲ့ အရေးယူခံရသူတွေပဲ သီးသန့် ပါဝင်တယ်။
"
အိုလံပစ်မှာရွှေတံဆိပ်ဆွတ်ခူးရင်ဘယ်လောက်ရမလဲ,"Thu, 08 Aug 2024 10:53:19 GMT",https://www.bbc.com/burmese/articles/cx2yy4v8pj6o#0,https://www.bbc.com/burmese/articles/cx2yy4v8pj6o,အိုလံပစ် အားကစားသမားတွေအနေနဲ့ ဝင်ငွေရလမ်းက အမျိုးမျိုးရှိပါတယ်။ အဲဒါတွေ ကတော့ အားကစားလေ့ကျင့်မှု၊ ပြိုင်ဆိုင်မှုအတွက် ကုန်ကျစရိတ်ကို ပုဂ္ဂလိကဆိုင်ရာ အဖွဲ့တွေ၊ ကုမ္ပဏီတွေဘက်က စပွန်ဆာပေးတာတွေ၊ သက်ဆိုင်ရာ နိုင်ငံတွေက ထောက်ပံ့တာတွေပါ၊ ဒါတွေအပြင် အခုအိုလံပစ်မှာ ဆုကြေးငွေပေးတော့ အဲဒါကလည်းဝင်ငွေ ရလမ်းတခု ဖြစ်လာပါတယ်။
အိန္ဒိယ တောအုပ်ထဲမှာ သံကြိုးနဲ့ချည်လျက်တွေ့ရတဲ့ အမေရိကန် အမျိုးသမီးရဲ့ ပဟေဠိ,"Thu, 08 Aug 2024 11:26:49 GMT",https://www.bbc.com/burmese/articles/cp4wwv1wk7zo#0,https://www.bbc.com/burmese/articles/cp4wwv1wk7zo,ခင်ပွန်းသည်က အစာအငတ်ထားပြီး သစ်ပင်မှာ သံကြိုးနဲ့ချည်ထား သတ်ခဲ့တာလို့ သူကပြော
အပြန်အလှန်စွပ်စွဲမှုတွေနဲ့ ရိုဟင်ဂျာတွေသေဆုံးထားတဲ့မောင်တောမြို့သိမ်းတိုက်ပွဲ,"Wed, 07 Aug 2024 15:16:25 GMT",https://www.bbc.com/burmese/articles/cz733je0ye5o#0,https://www.bbc.com/burmese/articles/cz733je0ye5o,အေအေသိမ်းပိုက်ဖို့ကြိုးစားနေတဲ့ ဘင်္ဂလားဒေ့ရှ်နယ်စပ် မောင်တောမြို့မှာတော့ စစ်တပ်နဲ့ အေအေကြား အပြန်အလှန်ပစ်ခတ်မှုတွေကြောင့် မြေပြင်အခြေအနေ ရှုပ်ထွေးနေပြီး နှစ်ဖက်လုံးရဲ့     မဆင်မခြင်ပစ်ခတ်မှုတွေကြောင့်  ဒါဇင်နဲ့ချီတဲ့ တရားခံမဲ့အရပ်သားသေဆုံးမှုတွေ နေ့စဥ် ဖြစ်နေတယ်လို့ မြို့ခံတချို့ကပြောပါတယ်။
ဘင်္ဂလားဒေ့ရှ် အာဏာလေဟာနယ်ကို ဖြည့်မယ့်သူ- ပါမောက္ခ မိုဟာမက်ဒ် ယူနွတ်စ်,"Wed, 07 Aug 2024 16:33:37 GMT",https://www.bbc.com/burmese/articles/c0k4jz87vr5o#0,https://www.bbc.com/burmese/articles/c0k4jz87vr5o,ကြားဖြတ်အစိုးရကို ဦးဆောင်ဖို့ ပဲရစ်မှာ ဆေးကုသနေတဲ့ ပါမောက္ခ ယူနွတ်စ် ဒါကာ မြို့တော်ကို ပြန်မယ်
“ကျွန်မလို အိုလံပစ်ကစားသမားတွေအတွက် ဘေးကင်းဖို့ ထွက်ပြေးရုံကလွဲပြီး တခြား ရွေးချယ်စရာမရှိဘူး”,"Fri, 09 Aug 2024 06:18:22 GMT",https://www.bbc.com/burmese/articles/ce7887lg5djo#0,https://www.bbc.com/burmese/articles/ce7887lg5djo,"ဘီလာရုဇ်တာတို အပြေးသမား ခရစ်စတီးနား ဆီမာနိုစကိုင်ယာ ဟာ တိုကျိုအိုလံပစ်တုန်းက အိမ်ပြန်ဖို့ငြင်းဆန်ခဲ့သလို ယူဂန်ဒါအ‌လေးသမား ဂျူးလီးယက် ဆက်စ်ကီတိုလီကိုဟာ သူ့မိသားစုကိုအလုပ်လုပ်ပြီးထောက်ပံ့ဖို့ အတွက်ပြိုင်ပွဲကနေပျောက်ကွယ်သွားခဲ့ပါတယ်။

၂၀၂၁ ခုနှစ်ကလည်း မြန်မာ့လက်ရွေးစင်ဘောလုံးအသင်းရဲ့ ဂိုးသမား ပြည့်သျှံအောင်ဟာ မြန်မာစစ်တပ်ရဲ့ အာဏာသိမ်းမှုကို ဆန့်ကျင်တဲ့ လက်သုံးချောင်းထောင်တဲ့ သင်္ကေတကို တိုကျိုမြို့မှာ ယှဉ်ပြိုင်တဲ့ မြန်မာ - ဂျပန် ကမ္ဘာ့ဖလားဘောလုံးပြိုင်ပွဲခြေစစ်ပွဲအတွင်းမှာ ပြုလုပ်ခဲ့ပါတယ်။ ပြိုင်ပွဲပြီးတဲ့နောက် ပြည့်သျှံအောင်ဟာ ပြည်တွင်းပြန်ဖို့ စိုးရိမ်ချက်ရှိတာကြောင့် ဂျပန်နိုင်ငံမှာ နိုင်ငံရေးခိုလှုံခွင့်တောင်းခံပြီး အဲဒီနှစ်သြဂုတ်လမှာပဲ ခိုလှုံခွင့်ရခဲ့ပါတယ်။"
တေလာဆွစ်ဖ် ဂီတပွဲကို ဗုံးတွေ၊ ဓားတွေနဲ့ တိုက်ခိုက်ဖို့ ဆယ်ကျော်သက်တွေ ကြံစည်,"Thu, 08 Aug 2024 17:43:40 GMT",https://www.bbc.com/burmese/articles/cgjv4jx6561o#0,https://www.bbc.com/burmese/articles/cgjv4jx6561o,အကြမ်းဖက်တိုက်ခိုက်ဖို့ ပစ်မှတ်ထားခံရတဲ့ အတွက် တေလာဆွစ်ဖ်ရဲ့ ဗီယာနာမြို့ ဂီတပွဲတွေ ဖျက်သိမ်းခဲ့ရ
ဩဂုတ် ၁၀ ရက် နိုင်ငံတဝန်း သတင်းအနှစ်ချုပ် - သီပေါမြို့ကို တိုက်ပွဲရောက်လာ,"Sat, 10 Aug 2024 09:32:02 GMT",https://www.bbc.com/burmese/articles/c4gvxme7m2lo#0,https://www.bbc.com/burmese/articles/c4gvxme7m2lo,သပိတ်ကျင်းမြို့ထဲက ကွင်း (၃၀) ရွာတပ်စခန်း၊ လက်ပံပြန့်ရွာတပ်စခန်း၊ ဖိုးကုန်းတပ်စခန်း၊ ဝက်သေရွာ တပ်စခန်း စတဲ့ တပ်စခန်း ၅ ခုကို အပြီးသတ်သိမ်းပိုက်ရရှိထားတယ်လို့ MDY PDF က ထုတ်ပြန်ပါတယ်။
သီပေါတိုက်ပွဲ ဘယ်လောက်ပြင်းထန်လဲ,"Sun, 11 Aug 2024 13:34:22 GMT",https://www.bbc.com/burmese/articles/c4gex0rdgp5o#0,https://www.bbc.com/burmese/articles/c4gex0rdgp5o,ရှမ်းပြည်နယ် (မြောက်ပိုင်း) မှာရှိတဲ့ ကျောက်မဲမြို့နဲ့ လားရှိုးမြို့ကြားထဲက သီပေါမြို့မှာ ဩဂုတ် ၉ ရက်ကတည်းက တအာင်းတပ် (TNLA) ဦးဆောင်တဲ့ ပူးပေါင်းတပ်တွေနဲ့ စစ်ကောင်စီတပ်တွေကြား တိုက်ပွဲတွေစတင်ဖြစ်ပွားနေပါတယ်။
ယူကရိန်းတပ်တွေ ရုရှားထဲ ဝင်တိုက်နေတာကို သမ္မတ ဇလန်းစကီး အတည်ပြု,"Sun, 11 Aug 2024 07:08:21 GMT",https://www.bbc.com/burmese/articles/ced185v11q9o#0,https://www.bbc.com/burmese/articles/ced185v11q9o,ယူကရိန်း သမ္မတကတော့ သူ့စစ်တပ်ဟာ ‘‘ကျူးကျော်သူရဲ့နယ်မြေထဲမှာ’’ စစ်ပွဲဆင်နွှဲနေတယ်လို့ ပြောထားပါတယ်။
ဩဂုတ် ၁၁ ရက် နိုင်ငံတဝန်းသတင်းအနှစ်ချုပ် - မြန်မာ့ငြိမ်းချမ်းရေး အတတ်နိုင်ဆုံးဆက်လုပ်မယ်လို့ တရုတ်ပြော,"Sun, 11 Aug 2024 11:23:12 GMT",https://www.bbc.com/burmese/articles/ckgjzyr56ndo#0,https://www.bbc.com/burmese/articles/ckgjzyr56ndo,မြင်းခြံခရိုင်အထူးစစ်ဆင်ရေးကို မြင်းခြံ၊ တောင်သာ၊ နွားထိုးကြီးမြို့တွေမှာစတင်နေပြီလို့ ဒေသကာကွယ်ရေး ပူးပေါင်းအဖွဲ့တွေက ပြောပါတယ်။
ရှိတ် ဟာစီနာ - ဒီမိုကရေစီဘက်တော်သားကနေ တစ်ဦးတည်းသြဇာထူထောင်ခဲ့သူ ,"Tue, 06 Aug 2024 09:24:23 GMT",https://www.bbc.com/burmese/articles/c89ww1nq2n7o#2,https://www.bbc.com/burmese/articles/c89ww1nq2n7o,ရှိတ် ဟာစီနာဟာ ဘင်္ဂလားဒေ့ရှ် နိုင်ငံရဲ့ စီးပွားရေးကို တိုးတက်အောင်လုပ်ဆောင်နိုင်ခဲ့သူလို့ ချီးမွမ်းခံရပေမဲ့ အာဏာရှင်ဆန်ဆန် အုပ်ချုပ်ခဲ့တယ်လို့လည်း စွပ်စွဲခံခဲ့ရပါတယ်။
အရက်တုက အသက်ကို ဘယ်လိုအန္တရာယ်ပေးနိုင်လဲ၊ အဆိပ်သင့်အရက်ဆိုတာ ဘာလဲ ,"Mon, 05 Aug 2024 08:01:11 GMT",https://www.bbc.com/burmese/articles/c728l0rlxnzo#2,https://www.bbc.com/burmese/articles/c728l0rlxnzo,တရားမဝင် အရက်တွေကြောင့် တစ်နှစ်ကို လူရာချီ ဒါမှဟုတ် ထောင်ချီ  သေဆုံးနေတယ်လို့  ကျန်းမာရေးအာဏာပိုင်တွေက ပြောပါတယ်။ မက်သနောပါတဲ့ အိမ်ချက်အရက် ဒါမှမဟုတ် အရက်တု သောက်လို့ အများစုဟာလည်း အမြင်ကွယ်နေကြပါတယ်။ ဒီတော့ အရက်တုက ဘယ်လောက်အန္တရာယ်ရှိလဲ၊ ဘယ်လိုခွဲခြားသိနိုင်မလဲ။
နှစ်လနီးပါးတိုင်း တစ်ကြိမ်ဖြစ်နေတဲ့ ပြည်တွင်း စက်သုံးဆီပြတ်လပ်မှု,"Sun, 04 Aug 2024 14:44:10 GMT",https://www.bbc.com/burmese/articles/c4nggp7v1x8o#2,https://www.bbc.com/burmese/articles/c4nggp7v1x8o,ရန်ကုန်နဲ့ မန္တလေးမြို့ကြီးတွေမှာ စက်သုံးဆီ ဝယ်ယူဖို့ တန်းစီစောင့်ဆိုင်းကြတဲ့ ယာဥ်တန်းရှည်ကြီးတွေကို ပြန်မြင်တွေ့လာရပါတယ်။ ရေကြီးရေလျှံမှုလို သဘာဝဘေးကြုံနေရချိန်မှာ ထပ်ဆင့်ကြုံရတဲ့ စက်သုံးဆီ ပြတ်လပ်မှု ပြည်တွင်းမှာ ဘယ်လောက် ဆိုးရွားနေလဲ။
လူကုန်ကူးမှု၊ ကျွန်ပြုမှုနဲ့ ထောင်ချခံရတဲ့ Instagram နာမည်ကျော် အလှမယ် ,"Tue, 30 Jul 2024 10:45:07 GMT",https://www.bbc.com/burmese/articles/cv2gj9r8v2po#5,https://www.bbc.com/burmese/articles/cv2gj9r8v2po,ကက်တောရက်စ်ဟာ ဘရာဇီးအမျိုးသမီးငယ်တွေကို အမေရိကန်က သူ့အိမ်ဆီခေါ်ပြီး အခကြေးငွေမပေးပဲ ခိုင်းစေတာ၊ လိင်ဖျော်ဖြေရေးလုပ်ငန်းထဲ သွင်းပြီး ငွေရှာခိုင်းတာတွေ လုပ်ခဲ့တယ်လို့ ဘီဘီစီကို ပြောပြကြပါတယ်။
ကမ္ဘာမှာ အဖြစ်များနေတဲ့ အသည်းရောင်ရောဂါကို ဘယ်လိုကာကွယ်မလဲ,"Sun, 28 Jul 2024 03:54:59 GMT",https://www.bbc.com/burmese/articles/c3geyqwjxyno#5,https://www.bbc.com/burmese/articles/c3geyqwjxyno,အသည်းရောင်ရောဂါကြောင့် ကမ္ဘာမှာ တနှစ်ကို လူပေါင်း ၁. ၃ သန်း အသက်ဆုံးရှုံးနေရပါတယ်။ မြန်မာ၊ ထိုင်း၊ အင်ဒိုနီးရှားအပါအဝင် အရှေ့တောင်အာရှမှာတော့ အသည်းရောင်ရောဂါ (ဘီ) ကူးစက်ခံရမှုပေါင်း သန်း ၆၀ ကျော်အထိရှိနေပါတယ်။  ရောဂါပိုးရှိနေတဲ့ သူ အများအပြားက သူတို့ဆီမှာ  ဒီရောဂါ ကူးစက်ခံထားရပြီဆိုတာကို မသိကြပါဘူး။
တရုတ်သံအမတ်အသစ်ဘယ်သူလဲ၊ ဘာတွေရင်ဆိုင်ရမလဲ,"Mon, 12 Aug 2024 11:32:38 GMT",https://www.bbc.com/burmese/articles/cn49z920z5vo#0,https://www.bbc.com/burmese/articles/cn49z920z5vo,မြန်မာပြည်မှာရှိတဲ့ တရုတ်အကျိုးစီးပွားတွေကို သူ ဘယ်လောက်အထိအကာအကွယ်ပေးနိုင်မလဲ။ တချိန်တည်းမှာပဲ တရုတ်မုန်းတီးရေး လှုံ့ဆော်မှုတွေကို ဘယ်လောက်အထိချေဖျက်နိုင်မလဲဆိုတာက သံအမတ်သစ်အတွက်အဓိက စိန်ခေါ်မှုဖြစ်မယ်ထင်ပါတယ်။
ဖျံတွေရဲ့အသက်အန္တရာယ်ကို ခြိမ်းခြောက်နေတဲ့ ကမ်းခြေက ပလတ်စတစ်ကွင်းတွေ,"Mon, 12 Aug 2024 12:41:29 GMT",https://www.bbc.com/burmese/articles/c15g9g9n8j2o#0,https://www.bbc.com/burmese/articles/c15g9g9n8j2o,ဖျံတွေ လည်ပင်းမှာ ပလတ်စတစ်ကွင်းစွပ်နေမိတာ မကြာခဏတွေ့နေရတယ်လို့ တိရစ္ဆာန်အရေး လှုပ်ရှားသူ အီလင်ကာတာ  ပြော
စစ်ကောင်စီရဲ့ စီးပွားရေးမူဝါဒတွေ တကယ်မှား‌ခဲ့သလား,"Tue, 13 Aug 2024 09:19:11 GMT",https://www.bbc.com/burmese/articles/cyejdw3pk7ko#0,https://www.bbc.com/burmese/articles/cyejdw3pk7ko,‘’စစ်ကောင်စီကို စစ်ရေးနဲ့ပြိုသွားမလားလို့ ပြောကြတယ်။ စစ်တပ်ရဲ့ တကယ့်အခြေယိုင်လာမှုက စီးပွားရေးပဲ’’ လို့ အာဏာသိမ်းပြီးနောက် မြန်မာ့စီးပွားရေးကို လေ့လာတဲ့ စီးပွားရေးအကဲခတ်တစ်ဦးက ပြောပါတယ်။
အနာဂတ် အိုလံပစ်အားကစားသမားလောင်းလျာ တွေကို  AI နည်းပညာနဲ့ ရွေးချယ်လာနိုင်မှာလား,"Tue, 13 Aug 2024 11:46:49 GMT",https://www.bbc.com/burmese/articles/cn5rz22xk1ko#0,https://www.bbc.com/burmese/articles/cn5rz22xk1ko,ပြင်သစ်အိုလံပစ်ပြိုင်ပွဲ အားကစားဝါသနာရှင်တွေဟာ အနာဂတ် အိုလံပစ်အားကစားသမားလောင်းတွေ အတွက်ရှာဖွေတွေ့ရှိနိုင်ရေး ရည်မှန်းထားတဲ့ ဉာဏ်ရည်တု(AI)နည်းပညာသုံး အကဲဖြတ်စနစ်ကို ပဲရစ်မြို့မှာ စမ်းသပ် လေ့လာနေကြပါတယ်။
တင်းမာမှု မြင့်လာချိန် အရှေ့အလယ်ပိုင်းကို အမေရိကန် ရေငုပ်သင်္ဘောလွှတ်,"Mon, 12 Aug 2024 15:46:54 GMT",https://www.bbc.com/burmese/articles/ce9zn2jy52xo#0,https://www.bbc.com/burmese/articles/ce9zn2jy52xo,ဒေသတွင်း ပဋိပက္ခတွေ ပိုကျယ်ပြန့်လာမှာကို စိုးရိမ်နေချိန်မှာ  စစ်သင်္ဘောတွေ စေလွှတ်
ဘင်္ဂလားဒေ့ရှ် အာဏာလေဟာနယ်ကို ဖြည့်မယ့်သူ- ပါမောက္ခ မိုဟာမက်ဒ် ယူနွတ်စ်,"Wed, 07 Aug 2024 16:33:37 GMT",https://www.bbc.com/burmese/articles/c0k4jz87vr5o#2,https://www.bbc.com/burmese/articles/c0k4jz87vr5o,ကြားဖြတ်အစိုးရကို ဦးဆောင်ဖို့ ပဲရစ်မှာ ဆေးကုသနေတဲ့ ပါမောက္ခ ယူနွတ်စ် ဒါကာ မြို့တော်ကို ပြန်မယ်
ကဖေးမြို့တော်- ကော်ဖီကြိုက်တဲ့ ရှန်ဟိုင်းမြို့,"Wed, 07 Aug 2024 10:42:19 GMT",https://www.bbc.com/burmese/articles/c1e5jz4lgzzo#2,https://www.bbc.com/burmese/articles/c1e5jz4lgzzo,ရှန်ဟိုင်းမြို့မှာ ကော်ဖီဆိုင်တွေ စီးပွားဖြစ်နေကြပြီး အခုဆိုရင် ရှန်ဟိုင်းဟာ ကမ္ဘာပေါ်မှာ ကော်ဖီဆိုင်အများဆုံးမြို့အဖြစ် တရုတ်အစိုးရက ဖော်ညွှန်းပြောနေပါတယ်။
မိခင်နို့ရည်တိုက်ကျွေးမှုနဲ့ပတ်သက်ပြီး လွဲမှားတဲ့ အယူအဆ ၇ ချက်,"Wed, 07 Aug 2024 07:47:01 GMT",https://www.bbc.com/burmese/articles/ce78rx700pjo#2,https://www.bbc.com/burmese/articles/ce78rx700pjo,မိခင်တွေ ကလေးနို့တိုက်ကြဖို့ ကုလသမဂ္ဂက နှစ်စဉ် သြဂုတ်လ ပထမပတ်အတွင်း တိုက်တွန်း ဆော်သြလေ့ရှိပါတယ်။ မိခင်နို့တိုက်မှုနဲ့ ပတ်သက်လို့ လွဲမှားနေတဲ့ အချက် ၇ ချက်ကို ကျွမ်းကျင်သူ ပညာရှင်နှစ်ဦးက ထောက်ပြ ပညာပေးထားပါတယ်။
တိုက်ပွဲတွေကြားက လွတ်မြောက်လာတဲ့ အကျဉ်းသားတွေ၊ အဆက်သွယ်မရတဲ့သားကို မျှော်နေတဲ့မိခင်,"Tue, 06 Aug 2024 12:20:45 GMT",https://www.bbc.com/burmese/articles/cqqlgwwyd79o#2,https://www.bbc.com/burmese/articles/cqqlgwwyd79o,“လွတ်လာတယ်ဆိုတဲ့ ဖုန်းရတော့ ပျော်လိုက်တာ။သားနဲ့တွေ့ရတော့မယ်ဆိုပြီးပေါ့။ ပုံမှန်အတိုင်းဆို လွတ်ဖို့ လည်းလပိုင်းပဲ လိုတော့တယ်။ အခုတော့ စစ်ပွဲကြားမှာ ပျောက်နေတယ်။ စိတ်ကတော့ အကုန်တွေးပြီးပူတာပေါ့။ သားနဲ့မတွေ့ရတာလည်းကြာပြီ၊ ကျန်းမာရေးအတွက်ရော အကုန်လုံးပေါ့။ ဘယ်လိုနေလဲ ဘယ်လိုစားလည်း တွေးပြီးပူတာပေါ့” လို့ မိခင်တစ်ယောက်ရဲ့ သောက နဲ့ ပူပင်မှုတွေကို ပြောပြပါတယ်။
ဧဝရက်တောင်ထိပ် ၁၀ ကြိမ်တက်နိုင်ခဲ့ပြီး အိမ်တွင်းအကြမ်းဖက်မှုကနေ လွတ်မြောက်ခဲ့သူ အမျိုးသမီး,"Thu, 01 Aug 2024 03:18:48 GMT",https://www.bbc.com/burmese/articles/crgly32nzxro#5,https://www.bbc.com/burmese/articles/crgly32nzxro,ဧဝရက်တောင်ကို ၁၀ကြိမ်တက်နိုင်ခဲ့တဲ့ လက်ခ်ပါ ရှာပါက တခြားအမျိုးသမီးတွေကိုလည်း သူ့လိုဖြစ်စေချင်တယ်လို့ ပြောပါတယ်။
အသက်အငယ်ဆုံးမြန်မာနိုင်ငံသားတွေကြုံနေရတဲ့ကာကွယ်ဆေးစိန်ခေါ်မှု ,"Tue, 30 Jul 2024 12:22:05 GMT",https://www.bbc.com/burmese/articles/cnk412gqjl9o#5,https://www.bbc.com/burmese/articles/cnk412gqjl9o," စစ်အာဏာသိမ်းပြီးတဲ့နောက် ပဋိပက္ခတွေကျယ်ပြန့်လာပြီး မြန်မာက ကလေးသူငယ် တစ်သန်းကျော်ဟာ ဝက်သက်၊ ပိုလီယိုနဲ့ ဆုံဆို့နာတို့ကို ကြိုတင်ကာကွယ်ပေးတဲ့ ပုံမှန်ကာကွယ်ဆေးတွေကိုထိုးခွင့်မရပါဘူး။  ဒီနောက်ဆက်တွဲပြဿနာကကလေး‌ငယ်တွေရဲ့ အသက်ဆုံးရှုံးရနိုင်ခြေအပြင် အနာဂတ်လူသားအရင်းအမြစ်တွေ ဆုံးရှုံးနိုင်တဲ့ အခြေအနေအထိ ရောက်နိုင်ပါတယ်။
ဒီပြဿနာကိုဖြေရှင်းဖို့ NUG အစိုးရဘယ်လိုကြိုးစားနေလဲ။ စစ်ကောင်စီကရော ဘယ်လောက်ထိုးနှံပေးနိုင်လဲ။ "
‘‘ဝ’’တပ်ဖွဲ့ - ရှမ်းမြောက်ပဋိပက္ခမှာအသံတိတ်အောင်နိုင်သူလား,"Mon, 29 Jul 2024 12:51:03 GMT",https://www.bbc.com/burmese/articles/cp087j6rrg5o#5,https://www.bbc.com/burmese/articles/cp087j6rrg5o,"'' ဝ'' တပ်တွေ လားရှိုးအထိရောက်လာတာက UWSA ရဲ့  တောင်ပိုင်းနဲ့ မြောက်ပိုင်းချိတ်ဆက်နယ်မြေချဲ့ထွင်မှုနဲ့ဆက်စပ်နေတယ်ဆိုတဲ့ ရှုမြင်ချက်တွေရှိနေပါတယ်။
''အရင်ကတော့ ''ဝ'' က တောင်ပိုင်းကိုကြည့်တယ်။ အခုတော့ မြောက်ပိုင်းမှာ Power Vaccum ( အာဏာလေဟာနယ်) ဖြစ်လာတာရော၊ SAC (စစ်ကောင်စီ) ဘက်ကပါ တရားဝင်နေရာပေးလိုက်တာက သူတို့အတွက်ပိုပြီး expansion (နယ်မြေချဲ့ထွင်) ဖို့ ပိုကောင်းတာပေါ့'' လို့‌ မြောက်ပိုင်းလက်နက်ကိုင်အရေး သုတေသနပြုနေတဲ့နိုင်ငံရေးအကဲခတ်ကိုအမရသီဟက ပြောပါတယ်။

"
နယ်မှာ စစ်ဘေးဒုက္ခ၊ မြို့မှာ ဆီဘေးဒုက္ခ,"Wed, 14 Aug 2024 11:01:37 GMT",https://www.bbc.com/burmese/articles/cy0r554ejpyo#0,https://www.bbc.com/burmese/articles/cy0r554ejpyo,၂၀၂၄ ခုနှစ် အတွင်းမှာလည်း ဆီပြတ်လပ်မှုနဲ့ စျေးနှုန်းကြီးမြင့်မှုဟာ အခု တစ်ကြိမ်နဲ့ပါဆိုရင် ၄ ကြိမ်ထက်မနည်း ရှိလာပြီဖြစ်ပါတယ်။ ဒီတစ်ခါ ဆီပြတ်လပ်တာက သြဂုတ်လ သီတင်း ၂ ပတ်အတွင်းမှာတင် ၂ ကြိမ် အထိဖြစ်လာတာဖြစ်ပါတယ်။
ထိုင်းဝန်ကြီးချုပ် ဆေထာ ရာထူးက ဖယ်ရှားခံရ,"Wed, 14 Aug 2024 12:22:00 GMT",https://www.bbc.com/burmese/articles/cdrlx3n3ly5o#0,https://www.bbc.com/burmese/articles/cdrlx3n3ly5o,လာဘ်ထိုးဖို့ ကြိုးပမ်းမှုနဲ့ ထောင်ချခံရသူ ရှေ့နေကို ဝန်ကြီးချုပ်ရုံး ဝန်ကြီးအဖြစ် ခန့်အပ်ခဲ့မှုဟာ ဖွဲ့စည်းပုံကို ချိုးဖောက်တာလို့ ဆုံးဖြတ်
ရုရှားနယ်မြေထဲ ယူကရိန်းစစ်တပ်ရဲ့ထိုးစစ်နဲ့ပတ်သက်တဲ့ မေးခွန်း ၅ ခု,"Wed, 14 Aug 2024 11:03:37 GMT",https://www.bbc.com/burmese/articles/c9qgjz7n3jqo#0,https://www.bbc.com/burmese/articles/c9qgjz7n3jqo,ပြီးခဲ့တဲ့သတင်းပတ်က ရုရှားထဲကို ယူကရိန်းထိုးစစ်ဆင်တိုက်ခိုက်လိုက်တာက လူအများ အံ့အားသင့်စရာ ဖြစ်ခဲ့ပါတယ်။ ရုရှားရဲ့ ကျူးကျော်မှုကို ခုခံနေရချိန် ဘာကြောင့် ယူကရိန်းက ရုရှားထဲ တိုက်ဖို့ ဆုံးဖြတ်ခဲ့တာလဲ။ ဒီလိုသိချင်စရာမေးခွန်းတချို့ကို ရှင်းပြထားပါတယ်။
ဘင်္ဂလားဒေ့ရှ် ဝန်ကြီးချုပ်ဟောင်းကို လူသတ်မှုအတွက် စုံစမ်း,"Tue, 13 Aug 2024 15:29:46 GMT",https://www.bbc.com/burmese/articles/cj0826eq97jo#0,https://www.bbc.com/burmese/articles/cj0826eq97jo,မငြိမ်မသက်မှုတွေအတွင်း အမျိုးသားတယောက်ကို ရဲက ပစ်သတ်ခဲ့မှုနဲ့ ပတ်သက်ပြီး ဝန်ကြီးဟောင်းခြောက်ယောက်ကို စစ်ဆေး
အပြန်အလှန်စွပ်စွဲမှုတွေနဲ့ ရိုဟင်ဂျာတွေသေဆုံးထားတဲ့မောင်တောမြို့သိမ်းတိုက်ပွဲ,"Wed, 07 Aug 2024 15:16:25 GMT",https://www.bbc.com/burmese/articles/cz733je0ye5o#1,https://www.bbc.com/burmese/articles/cz733je0ye5o,အေအေသိမ်းပိုက်ဖို့ကြိုးစားနေတဲ့ ဘင်္ဂလားဒေ့ရှ်နယ်စပ် မောင်တောမြို့မှာတော့ စစ်တပ်နဲ့ အေအေကြား အပြန်အလှန်ပစ်ခတ်မှုတွေကြောင့် မြေပြင်အခြေအနေ ရှုပ်ထွေးနေပြီး နှစ်ဖက်လုံးရဲ့     မဆင်မခြင်ပစ်ခတ်မှုတွေကြောင့်  ဒါဇင်နဲ့ချီတဲ့ တရားခံမဲ့အရပ်သားသေဆုံးမှုတွေ နေ့စဥ် ဖြစ်နေတယ်လို့ မြို့ခံတချို့ကပြောပါတယ်။
အိန္ဒိယ တောအုပ်ထဲမှာ သံကြိုးနဲ့ချည်လျက်တွေ့ရတဲ့ အမေရိကန် အမျိုးသမီးရဲ့ ပဟေဠိ,"Thu, 08 Aug 2024 11:26:49 GMT",https://www.bbc.com/burmese/articles/cp4wwv1wk7zo#1,https://www.bbc.com/burmese/articles/cp4wwv1wk7zo,ခင်ပွန်းသည်က အစာအငတ်ထားပြီး သစ်ပင်မှာ သံကြိုးနဲ့ချည်ထား သတ်ခဲ့တာလို့ သူကပြော
ဘင်္ဂလားဒေ့ရှ် အာဏာလေဟာနယ်ကို ဖြည့်မယ့်သူ- ပါမောက္ခ မိုဟာမက်ဒ် ယူနွတ်စ်,"Wed, 07 Aug 2024 16:33:37 GMT",https://www.bbc.com/burmese/articles/c0k4jz87vr5o#1,https://www.bbc.com/burmese/articles/c0k4jz87vr5o,ကြားဖြတ်အစိုးရကို ဦးဆောင်ဖို့ ပဲရစ်မှာ ဆေးကုသနေတဲ့ ပါမောက္ခ ယူနွတ်စ် ဒါကာ မြို့တော်ကို ပြန်မယ်
ကဖေးမြို့တော်- ကော်ဖီကြိုက်တဲ့ ရှန်ဟိုင်းမြို့,"Wed, 07 Aug 2024 10:42:19 GMT",https://www.bbc.com/burmese/articles/c1e5jz4lgzzo#1,https://www.bbc.com/burmese/articles/c1e5jz4lgzzo,ရှန်ဟိုင်းမြို့မှာ ကော်ဖီဆိုင်တွေ စီးပွားဖြစ်နေကြပြီး အခုဆိုရင် ရှန်ဟိုင်းဟာ ကမ္ဘာပေါ်မှာ ကော်ဖီဆိုင်အများဆုံးမြို့အဖြစ် တရုတ်အစိုးရက ဖော်ညွှန်းပြောနေပါတယ်။
မိခင်နို့ရည်တိုက်ကျွေးမှုနဲ့ပတ်သက်ပြီး လွဲမှားတဲ့ အယူအဆ ၇ ချက်,"Wed, 07 Aug 2024 07:47:01 GMT",https://www.bbc.com/burmese/articles/ce78rx700pjo#1,https://www.bbc.com/burmese/articles/ce78rx700pjo,မိခင်တွေ ကလေးနို့တိုက်ကြဖို့ ကုလသမဂ္ဂက နှစ်စဉ် သြဂုတ်လ ပထမပတ်အတွင်း တိုက်တွန်း ဆော်သြလေ့ရှိပါတယ်။ မိခင်နို့တိုက်မှုနဲ့ ပတ်သက်လို့ လွဲမှားနေတဲ့ အချက် ၇ ချက်ကို ကျွမ်းကျင်သူ ပညာရှင်နှစ်ဦးက ထောက်ပြ ပညာပေးထားပါတယ်။
တိုက်ပွဲတွေကြားက လွတ်မြောက်လာတဲ့ အကျဉ်းသားတွေ၊ အဆက်သွယ်မရတဲ့သားကို မျှော်နေတဲ့မိခင်,"Tue, 06 Aug 2024 12:20:45 GMT",https://www.bbc.com/burmese/articles/cqqlgwwyd79o#1,https://www.bbc.com/burmese/articles/cqqlgwwyd79o,“လွတ်လာတယ်ဆိုတဲ့ ဖုန်းရတော့ ပျော်လိုက်တာ။သားနဲ့တွေ့ရတော့မယ်ဆိုပြီးပေါ့။ ပုံမှန်အတိုင်းဆို လွတ်ဖို့ လည်းလပိုင်းပဲ လိုတော့တယ်။ အခုတော့ စစ်ပွဲကြားမှာ ပျောက်နေတယ်။ စိတ်ကတော့ အကုန်တွေးပြီးပူတာပေါ့။ သားနဲ့မတွေ့ရတာလည်းကြာပြီ၊ ကျန်းမာရေးအတွက်ရော အကုန်လုံးပေါ့။ ဘယ်လိုနေလဲ ဘယ်လိုစားလည်း တွေးပြီးပူတာပေါ့” လို့ မိခင်တစ်ယောက်ရဲ့ သောက နဲ့ ပူပင်မှုတွေကို ပြောပြပါတယ်။
ရှိတ် ဟာစီနာ - ဒီမိုကရေစီဘက်တော်သားကနေ တစ်ဦးတည်းသြဇာထူထောင်ခဲ့သူ ,"Tue, 06 Aug 2024 09:24:23 GMT",https://www.bbc.com/burmese/articles/c89ww1nq2n7o#1,https://www.bbc.com/burmese/articles/c89ww1nq2n7o,ရှိတ် ဟာစီနာဟာ ဘင်္ဂလားဒေ့ရှ် နိုင်ငံရဲ့ စီးပွားရေးကို တိုးတက်အောင်လုပ်ဆောင်နိုင်ခဲ့သူလို့ ချီးမွမ်းခံရပေမဲ့ အာဏာရှင်ဆန်ဆန် အုပ်ချုပ်ခဲ့တယ်လို့လည်း စွပ်စွဲခံခဲ့ရပါတယ်။
အရက်တုက အသက်ကို ဘယ်လိုအန္တရာယ်ပေးနိုင်လဲ၊ အဆိပ်သင့်အရက်ဆိုတာ ဘာလဲ ,"Mon, 05 Aug 2024 08:01:11 GMT",https://www.bbc.com/burmese/articles/c728l0rlxnzo#1,https://www.bbc.com/burmese/articles/c728l0rlxnzo,တရားမဝင် အရက်တွေကြောင့် တစ်နှစ်ကို လူရာချီ ဒါမှဟုတ် ထောင်ချီ  သေဆုံးနေတယ်လို့  ကျန်းမာရေးအာဏာပိုင်တွေက ပြောပါတယ်။ မက်သနောပါတဲ့ အိမ်ချက်အရက် ဒါမှမဟုတ် အရက်တု သောက်လို့ အများစုဟာလည်း အမြင်ကွယ်နေကြပါတယ်။ ဒီတော့ အရက်တုက ဘယ်လောက်အန္တရာယ်ရှိလဲ၊ ဘယ်လိုခွဲခြားသိနိုင်မလဲ။
နှစ်လနီးပါးတိုင်း တစ်ကြိမ်ဖြစ်နေတဲ့ ပြည်တွင်း စက်သုံးဆီပြတ်လပ်မှု,"Sun, 04 Aug 2024 14:44:10 GMT",https://www.bbc.com/burmese/articles/c4nggp7v1x8o#4,https://www.bbc.com/burmese/articles/c4nggp7v1x8o,ရန်ကုန်နဲ့ မန္တလေးမြို့ကြီးတွေမှာ စက်သုံးဆီ ဝယ်ယူဖို့ တန်းစီစောင့်ဆိုင်းကြတဲ့ ယာဥ်တန်းရှည်ကြီးတွေကို ပြန်မြင်တွေ့လာရပါတယ်။ ရေကြီးရေလျှံမှုလို သဘာဝဘေးကြုံနေရချိန်မှာ ထပ်ဆင့်ကြုံရတဲ့ စက်သုံးဆီ ပြတ်လပ်မှု ပြည်တွင်းမှာ ဘယ်လောက် ဆိုးရွားနေလဲ။
မိုးကြီးရေလျှံမှုရဲ့လက်သည် - ဖျက်အားကောင်းလာတဲ့ ကောင်းကင်မြစ်တွေ,"Fri, 02 Aug 2024 07:50:51 GMT",https://www.bbc.com/burmese/articles/c7283m0k3z1o#4,https://www.bbc.com/burmese/articles/c7283m0k3z1o,ကမ္ဘာကြီးပူနွေးလာမှုကြောင့် လေထုထဲ စိုထိုင်းဆများလာတာဟာ လေထုထဲကမြစ်တွေလို့သိကြ တဲ့ ရေငွေ့တွေဟာ ပိုပြီးကျယ်ပြန့်ရှည်လျားလာပြီး အချိန်တိုအတွင်း ပမာဏများများ မိုးရွာသွန်းတာ၊ ရွာသွန်းလေ့မရှိတဲ့ဒေသတွေမှာ မိုးရွာသွန်းတာအပြင် ရေကြီးမှု နဲ့ မြေပြိုမှုတွေပါ မကြာခဏဖြစ်ပေါ်စေပါတယ်။
ဧဝရက်တောင်ထိပ် ၁၀ ကြိမ်တက်နိုင်ခဲ့ပြီး အိမ်တွင်းအကြမ်းဖက်မှုကနေ လွတ်မြောက်ခဲ့သူ အမျိုးသမီး,"Thu, 01 Aug 2024 03:18:48 GMT",https://www.bbc.com/burmese/articles/crgly32nzxro#4,https://www.bbc.com/burmese/articles/crgly32nzxro,ဧဝရက်တောင်ကို ၁၀ကြိမ်တက်နိုင်ခဲ့တဲ့ လက်ခ်ပါ ရှာပါက တခြားအမျိုးသမီးတွေကိုလည်း သူ့လိုဖြစ်စေချင်တယ်လို့ ပြောပါတယ်။
အသက်အငယ်ဆုံးမြန်မာနိုင်ငံသားတွေကြုံနေရတဲ့ကာကွယ်ဆေးစိန်ခေါ်မှု ,"Tue, 30 Jul 2024 12:22:05 GMT",https://www.bbc.com/burmese/articles/cnk412gqjl9o#4,https://www.bbc.com/burmese/articles/cnk412gqjl9o," စစ်အာဏာသိမ်းပြီးတဲ့နောက် ပဋိပက္ခတွေကျယ်ပြန့်လာပြီး မြန်မာက ကလေးသူငယ် တစ်သန်းကျော်ဟာ ဝက်သက်၊ ပိုလီယိုနဲ့ ဆုံဆို့နာတို့ကို ကြိုတင်ကာကွယ်ပေးတဲ့ ပုံမှန်ကာကွယ်ဆေးတွေကိုထိုးခွင့်မရပါဘူး။  ဒီနောက်ဆက်တွဲပြဿနာကကလေး‌ငယ်တွေရဲ့ အသက်ဆုံးရှုံးရနိုင်ခြေအပြင် အနာဂတ်လူသားအရင်းအမြစ်တွေ ဆုံးရှုံးနိုင်တဲ့ အခြေအနေအထိ ရောက်နိုင်ပါတယ်။
ဒီပြဿနာကိုဖြေရှင်းဖို့ NUG အစိုးရဘယ်လိုကြိုးစားနေလဲ။ စစ်ကောင်စီကရော ဘယ်လောက်ထိုးနှံပေးနိုင်လဲ။ "
‘‘ဝ’’တပ်ဖွဲ့ - ရှမ်းမြောက်ပဋိပက္ခမှာအသံတိတ်အောင်နိုင်သူလား,"Mon, 29 Jul 2024 12:51:03 GMT",https://www.bbc.com/burmese/articles/cp087j6rrg5o#4,https://www.bbc.com/burmese/articles/cp087j6rrg5o,"'' ဝ'' တပ်တွေ လားရှိုးအထိရောက်လာတာက UWSA ရဲ့  တောင်ပိုင်းနဲ့ မြောက်ပိုင်းချိတ်ဆက်နယ်မြေချဲ့ထွင်မှုနဲ့ဆက်စပ်နေတယ်ဆိုတဲ့ ရှုမြင်ချက်တွေရှိနေပါတယ်။
''အရင်ကတော့ ''ဝ'' က တောင်ပိုင်းကိုကြည့်တယ်။ အခုတော့ မြောက်ပိုင်းမှာ Power Vaccum ( အာဏာလေဟာနယ်) ဖြစ်လာတာရော၊ SAC (စစ်ကောင်စီ) ဘက်ကပါ တရားဝင်နေရာပေးလိုက်တာက သူတို့အတွက်ပိုပြီး expansion (နယ်မြေချဲ့ထွင်) ဖို့ ပိုကောင်းတာပေါ့'' လို့‌ မြောက်ပိုင်းလက်နက်ကိုင်အရေး သုတေသနပြုနေတဲ့နိုင်ငံရေးအကဲခတ်ကိုအမရသီဟက ပြောပါတယ်။

"
မျောက်ကျောက်ရောဂါ(Mpox)ကို ကမ္ဘာလုံးဆိုင်ရာအရေးပေါ် အခြေအနေ ကြေညာ,"Thu, 15 Aug 2024 10:44:27 GMT",https://www.bbc.com/burmese/articles/c703ed63rngo#0,https://www.bbc.com/burmese/articles/c703ed63rngo,ဗိုင်းရပ်စ်မျိုးကွဲအသစ်ရဲ့ ကူးစက်မှု ပျံ့နှံ့လွယ်တာနဲ့ သေဆုံးနှုန်းမြင့်တာကို သိပ္ပံပညာရှင်တွေက အတော်လေး စိုးရိမ်နေကြပါတယ်။
“ကျွန်မလို အိုလံပစ်ကစားသမားတွေအတွက် ဘေးကင်းဖို့ ထွက်ပြေးရုံကလွဲပြီး တခြား ရွေးချယ်စရာမရှိဘူး”,"Fri, 09 Aug 2024 06:18:22 GMT",https://www.bbc.com/burmese/articles/ce7887lg5djo#1,https://www.bbc.com/burmese/articles/ce7887lg5djo,"ဘီလာရုဇ်တာတို အပြေးသမား ခရစ်စတီးနား ဆီမာနိုစကိုင်ယာ ဟာ တိုကျိုအိုလံပစ်တုန်းက အိမ်ပြန်ဖို့ငြင်းဆန်ခဲ့သလို ယူဂန်ဒါအ‌လေးသမား ဂျူးလီးယက် ဆက်စ်ကီတိုလီကိုဟာ သူ့မိသားစုကိုအလုပ်လုပ်ပြီးထောက်ပံ့ဖို့ အတွက်ပြိုင်ပွဲကနေပျောက်ကွယ်သွားခဲ့ပါတယ်။

၂၀၂၁ ခုနှစ်ကလည်း မြန်မာ့လက်ရွေးစင်ဘောလုံးအသင်းရဲ့ ဂိုးသမား ပြည့်သျှံအောင်ဟာ မြန်မာစစ်တပ်ရဲ့ အာဏာသိမ်းမှုကို ဆန့်ကျင်တဲ့ လက်သုံးချောင်းထောင်တဲ့ သင်္ကေတကို တိုကျိုမြို့မှာ ယှဉ်ပြိုင်တဲ့ မြန်မာ - ဂျပန် ကမ္ဘာ့ဖလားဘောလုံးပြိုင်ပွဲခြေစစ်ပွဲအတွင်းမှာ ပြုလုပ်ခဲ့ပါတယ်။ ပြိုင်ပွဲပြီးတဲ့နောက် ပြည့်သျှံအောင်ဟာ ပြည်တွင်းပြန်ဖို့ စိုးရိမ်ချက်ရှိတာကြောင့် ဂျပန်နိုင်ငံမှာ နိုင်ငံရေးခိုလှုံခွင့်တောင်းခံပြီး အဲဒီနှစ်သြဂုတ်လမှာပဲ ခိုလှုံခွင့်ရခဲ့ပါတယ်။"
အာဏာသိမ်းပြီးနောက် စစ်တပ်ထိပ်တန်းအရာရှိကြီး ၅၀ ကျော် ဖယ်ရှားခံရ,"Thu, 08 Aug 2024 11:11:29 GMT",https://www.bbc.com/burmese/articles/c75n6g631xwo#1,https://www.bbc.com/burmese/articles/c75n6g631xwo,"ဗိုလ်ချုပ်ကြီးအဆင့်ကစလို့ ဗိုလ်မှူးချုပ် အထိ စစ်တပ်ထိပ်တန်းအရာရှိကြီး ၅၀ ကျော် ဖယ်ရှားခံခဲ့ရပြီး ဒီစာရင်းထဲ ရာထူးတိုး၊ ရာထူးတူနဲ့ နေရာရွှေ့တာတွေမပါဘဲ တပ်ရာထူးကနေအရန်အင်အားအပို့ခံရတာ၊ တပ်ရာထူးကဖယ်ရှားခံရတာ၊အနားပေးခံရတာနဲ့ အရေးယူခံရသူတွေပဲ သီးသန့် ပါဝင်တယ်။
"
ရှိတ် ဟာစီနာ - ဒီမိုကရေစီဘက်တော်သားကနေ တစ်ဦးတည်းသြဇာထူထောင်ခဲ့သူ ,"Tue, 06 Aug 2024 09:24:23 GMT",https://www.bbc.com/burmese/articles/c89ww1nq2n7o#4,https://www.bbc.com/burmese/articles/c89ww1nq2n7o,ရှိတ် ဟာစီနာဟာ ဘင်္ဂလားဒေ့ရှ် နိုင်ငံရဲ့ စီးပွားရေးကို တိုးတက်အောင်လုပ်ဆောင်နိုင်ခဲ့သူလို့ ချီးမွမ်းခံရပေမဲ့ အာဏာရှင်ဆန်ဆန် အုပ်ချုပ်ခဲ့တယ်လို့လည်း စွပ်စွဲခံခဲ့ရပါတယ်။
သီလရှင်တဖြစ်လဲ 'ပါဝါရိမ်းဂျားအညိုကောင်' အိမ်ပြန်နိုင်တော့မလား,"Fri, 16 Aug 2024 10:32:16 GMT",https://www.bbc.com/burmese/articles/c20lgygmplmo#0,https://www.bbc.com/burmese/articles/c20lgygmplmo,လူနာမည် မနန်းဝင့်ဝါ၊ ဘွဲ့နာမည် ဒေါ်ဝရဉာဏီ၊ တော်လှန်ရေးနာမည် “ပါဝါရိမ်းဂျားအညိုကောင်” ရဲ့ ချိပ်ပိတ်ခံထားရတဲ့အိမ် တော်လှန်ရေးအဖွဲ့တွေလက်ထဲ ပြန်ရောက်သွားပါပြီ။ ဒါပေမဲ့ အိမ်အပြန်ခရီးကတော့ မလွယ်ကူသေးပါဘူး။
ထိုင်းနဲ့ အာရှရဲ့ အသက်အငယ်ဆုံးအမျိုးသမီးဝန်ကြီးချုပ်ဖြစ်လာတဲ့ပေထုန်တန်,"Fri, 16 Aug 2024 12:14:29 GMT",https://www.bbc.com/burmese/articles/cdey2rgk325o#0,https://www.bbc.com/burmese/articles/cdey2rgk325o,မစ္စပေထုန်တန်ဟာ ထိုင်းနိုင်ငံရဲ့ ရပ်တန့် နှေးကွေးနေတဲ့ စီးပွားရေးကို ပြန်အားကောင်းလုပ်ဖို့ဆိုတဲ့ ခက်ခဲတဲ့တာဝန်နဲ့ ရင်ဆိုင်ရမှာဖြစ်သလို အရင်က သူ့တို့ပါတီ ရဲ့ အုပ်ချုပ်ရေးလေးခုကို ဖယ်ရှားခဲ့တဲ့ တရားရုံးရဲ့ ကြားဝင်ဆောင်ရွက်မှုတွေလိုဖြစ်စဥ်တွေနဲ့ စစ်တပ်အာဏာသိမ်းတာမျိုးတွေကို ရှောင်ရှားနိုင်ဖို့ကလည်း  သူ့အတွက်စိန်ခေါ်ချက်ဖြစ်ပါတယ်။
မြောက်ကိုရီးယား ခရီးသွားလုပ်ငန်း ငါးနှစ် အကြာမှာ ပြန်စမယ်,"Thu, 15 Aug 2024 16:20:02 GMT",https://www.bbc.com/burmese/articles/cx2959epw51o#0,https://www.bbc.com/burmese/articles/cx2959epw51o, တောင်ထူထပ်တဲ့  ဆမ်ဂျိယွန်းမြို့ကို အလည်လာခွင့်ပေးတော့မယ်လို့ ခရီးသွား ကုမ္ပဏီ နှစ်ခု ကြေညာ
သီပေါတိုက်ပွဲ ဘယ်လောက်ပြင်းထန်လဲ,"Sun, 11 Aug 2024 13:34:22 GMT",https://www.bbc.com/burmese/articles/c4gex0rdgp5o#1,https://www.bbc.com/burmese/articles/c4gex0rdgp5o,ရှမ်းပြည်နယ် (မြောက်ပိုင်း) မှာရှိတဲ့ ကျောက်မဲမြို့နဲ့ လားရှိုးမြို့ကြားထဲက သီပေါမြို့မှာ ဩဂုတ် ၉ ရက်ကတည်းက တအာင်းတပ် (TNLA) ဦးဆောင်တဲ့ ပူးပေါင်းတပ်တွေနဲ့ စစ်ကောင်စီတပ်တွေကြား တိုက်ပွဲတွေစတင်ဖြစ်ပွားနေပါတယ်။
တိုက်ပွဲတွေကြားက လွတ်မြောက်လာတဲ့ အကျဉ်းသားတွေ၊ အဆက်သွယ်မရတဲ့သားကို မျှော်နေတဲ့မိခင်,"Tue, 06 Aug 2024 12:20:45 GMT",https://www.bbc.com/burmese/articles/cqqlgwwyd79o#4,https://www.bbc.com/burmese/articles/cqqlgwwyd79o,“လွတ်လာတယ်ဆိုတဲ့ ဖုန်းရတော့ ပျော်လိုက်တာ။သားနဲ့တွေ့ရတော့မယ်ဆိုပြီးပေါ့။ ပုံမှန်အတိုင်းဆို လွတ်ဖို့ လည်းလပိုင်းပဲ လိုတော့တယ်။ အခုတော့ စစ်ပွဲကြားမှာ ပျောက်နေတယ်။ စိတ်ကတော့ အကုန်တွေးပြီးပူတာပေါ့။ သားနဲ့မတွေ့ရတာလည်းကြာပြီ၊ ကျန်းမာရေးအတွက်ရော အကုန်လုံးပေါ့။ ဘယ်လိုနေလဲ ဘယ်လိုစားလည်း တွေးပြီးပူတာပေါ့” လို့ မိခင်တစ်ယောက်ရဲ့ သောက နဲ့ ပူပင်မှုတွေကို ပြောပြပါတယ်။
ဝမ်ယိ ခရီးစဉ် ဘာတွေချန်ထားခဲ့လဲ,"Sat, 17 Aug 2024 10:04:05 GMT",https://www.bbc.com/burmese/articles/c20l1lp5k2lo#0,https://www.bbc.com/burmese/articles/c20l1lp5k2lo,မစ္စတာဝမ်ယိရဲ့ခရီးစဉ်က  နိုင်ငံရေး၊ စီးပွားရေး နဲ့ စစ်ရေး မျက်နှာစုံမှာ အကျပ်တွေ့နေတဲ့ စစ်ကောင်စီကို တရုတ်က နောက်ဆုံးအခွင့်အရေးပေးလိုက်တာလို့ လေ့လာသူအသိုင်းအဝိုင်းကြားမှာ သုံးသပ်မှုတွေ ရှိနေပါတယ်။
‘ကျွန်မ မလုံခြုံဘူးလို့ ခံစားနေရတယ်’,"Sat, 17 Aug 2024 12:02:14 GMT",https://www.bbc.com/burmese/articles/cn47wegykejo#0,https://www.bbc.com/burmese/articles/cn47wegykejo,အိန္ဒိယနိုင်ငံမှာ ညဆိုင်းအလုပ်လုပ်နေတဲ့ အမျိုးသမီး အလုပ်သင်ဆရာဝန်တစ်ဦး အဓမ္မပြုကျင့်သတ်ဖြတ်ခံရပြီးနောက် ဘီဘီစီက ညဆိုင်းလုပ်နေကြပေမယ့် စိတ်မလုံမခြုံမှုတွေနဲ့ ရင်ဆိုင်နေရတဲ့ နိုင်ငံတဝှမ်းက ဆေးဘက်ဆိုင်ရာဝန်ထမ်းတွေကို မေးမြန်းပြောဆိုခဲ့ပါတယ်။
ဩဂုတ် ၁၇ ရက် နိုင်ငံတဝန်း သတင်းအနှစ်ချုပ် - မြန်မာ့အရေး စည်းသုံးခု မကျော်ဖို့ တရုတ်သတိပေး,"Sat, 17 Aug 2024 08:36:36 GMT",https://www.bbc.com/burmese/articles/credqg7q3rno#0,https://www.bbc.com/burmese/articles/credqg7q3rno,မြန်မာနိုင်ငံအရေးကိစ္စမှာ စည်းသုံးခု မကျော်ဖို့ တရုတ် ပြောတဲ့ သတင်းအပါအဝင် ဩဂုတ် ၁၇ ရက် နိုင်ငံတဝန်း သတင်းအနှစ်ချုပ် တင်ပြချက်။
စစ်တပ်အားကောင်းတဲ့ မြင်းခြံခရိုင်က တော်လှန်တိုက်ပွဲတွေ,"Sun, 18 Aug 2024 11:44:21 GMT",https://www.bbc.com/burmese/articles/c30383287vgo#0,https://www.bbc.com/burmese/articles/c30383287vgo,မြင်းခြံတိုက်ပွဲဟာ မန္တလေးမြို့နဲ့ မိုင် ၁၀၀ ပတ်ချာလည်အတွင်းဖြစ်ပွားနေပြီး မန္တလေးမြို့ မြောက်ပိုင်း မတ္တရာတကြော စစ်မြေပြင်ဖြစ်ခဲ့ရာကနေ မြို့တောင်ပိုင်းမှာပါ စစ်ကောင်စီအတွက် စစ်မျက်နှာပြင်အသစ် ပေါ်ပေါက်လာတာလည်းဖြစ်ပါတယ်။
ဩဂုတ် ၁၈ ရက် နိုင်ငံတဝန်း သတင်းအနှစ်ချုပ် - ဒီပဲယင်းမြို့ပြန်လည်ရရှိဖို့ စစ်ကောင်စီကြိုးစား,"Sun, 18 Aug 2024 08:28:53 GMT",https://www.bbc.com/burmese/articles/cvg39kw8rpjo#0,https://www.bbc.com/burmese/articles/cvg39kw8rpjo,စစ်ကိုင်းတိုင်း၊ ဒီပဲယင်းမြို့ပေါ်က စစ်ကောင်စီတပ်ဖွဲ့ဝင်တွေကို သုံးရက်ကြာတိုက်ခိုက်ပြီးနောက် ဒီနေ့ သြဂုတ် ၁၈ရက်မနက်အစောပိုင်းမှာ မြို့ကိုသိမ်းပိုက်နိုင်တဲ့အကြောင်းအပါအဝင် နိုင်ငံတဝန်းထူးခြားသတင်းတွေကို စုစည်းတင်ဆက်ပေးနေပါတယ်။
လားရှိုး - လျှပ်စစ်မရှိ၊ ဖုန်းလိုင်းမမိ၊ အချိန်ပိုင်းအင်တာနက်သုံးရတဲ့မြို့ ,"Sun, 18 Aug 2024 03:14:10 GMT",https://www.bbc.com/burmese/articles/c2edrzgz78zo#0,https://www.bbc.com/burmese/articles/c2edrzgz78zo,စစ်ကောင်စီ လက်လွှတ်လိုက်ရပြီး ကိုးကန့်တပ်က သိမ်းပိုက်ထားတဲ့ လားရှိုးမြို့မှာ အင်တာနက်ကို အချိန်ပိုင်း သုံးခွင့်ရနေပေမဲ့  လျှပ်စစ်၊ ဖုန်းလိုင်းတွေမရ‌သေးပါဘူး။ လားရှိုးမြို့က စစ်ဘေးရှောင်သွားသူတွေလည်း တဖြည်းဖြည်း ပြန်ဝင်လာကြပါပြီ။
ဒီပဲယင်းမြို့သိမ်းပြီးမှ တော်လှန်ရေးအင်အားစုတွေ ဘာကြောင့် ဆုတ်ခွာခဲ့ရသလဲ,"Mon, 19 Aug 2024 12:08:57 GMT",https://www.bbc.com/burmese/articles/cwy5rnkj81po#0,https://www.bbc.com/burmese/articles/cwy5rnkj81po,"''မြို့ကို လုံးဝမသိမ်းရဘူးဆိုတဲ့စဉ်းစားချက်ကနေ ခွာပြီး စဉ်းစားတာပေါ့။ တော်လှန်ရေးအင်အားစုတွေက မြို့တွေသိမ်းနိုင်နေပြီး၊ မြို့သိမ်းတာနဲ့ မြို့ထိန်းတာ နှစ်ပိုင်းကို တွဲပြီးစဉ်းစားပြင်ဆင်နိုင်တဲ့ အရင်းမြစ်တော့ နည်းနေသေးတယ်။ မြို့ထိန်းနိုင်မှ မြို့သိမ်းမယ်ဆိုတာတော့ မဟုတ်နေဘူးပေါ့။ တော်လှန်ရေးသဘောအရ စစ်တပ်ကို ကျေးရွာ၊ မြို့နယ်၊ ခရိုင်စခန်းတွေအကုန် တိုက်ခိုက်နေဖို့လိုတာပေါ့''
ကိုဇေယျာလွင် ( 96 Soldiers PDF - အညာတပ်ခွဲ) "
မြန်မာကိုလည်း ရင်းနှီးမြှုပ်နှံဖို့ ဖိတ်ခေါ်ထားတဲ့ အင်ဒိုနီးရှားမြို့တော်သစ် - နူဆန်တာရာ,"Mon, 19 Aug 2024 07:29:51 GMT",https://www.bbc.com/burmese/articles/cdey2dedw5ko#0,https://www.bbc.com/burmese/articles/cdey2dedw5ko,ဂျာကာတာမြို့ဟာ စိုးရိမ်စရာကောင်းတဲ့နှုန်းနဲ့ မြေကျွံကျနေတာကြောင့် အင်ဒိုနီးရှားအစိုးရဟာ တောကြီးထဲမှာ မြို့တော်အသစ်တည်တဲ့စီမံကိန်းကြီးတစ်ခုကို စတင်နေပါတယ်။ ဒီစီမံကိန်းကြီးဟာ ရည်မှန်းချက်ကြီးမားမှုကိုပြသလို အငြင်းပွားဖွယ်တွေလည်းရှိနေပါတယ်။ နူဆန်တာရာမြို့တော်သစ်မှာ ပထမဆုံးနေထိုင်မယ့်သူတွေ ရောက်လာဖို့ရှိနေချိန်မှာပဲ မြို့တော်သစ်အတွက် စိန်ခေါ်ချက်တွေက ဘာတွေဖြစ်မလဲ။
“ကျွန်မကို ကိုယ်လုံးတီးချွတ်ခိုင်း၊ တစ်ကိုယ်လုံး ကိုင်ပြီး အဓမ္မကျင့်မယ်လို့ ခြိမ်းခြောက်တယ်” - လိင်ပြောင်းအမျိုးသမီးတစ်ဦး ရဲစခန်းမှာကြုံရသမျှ,"Tue, 20 Aug 2024 13:11:59 GMT",https://www.bbc.com/burmese/articles/c5ydgxjgpxpo#0,https://www.bbc.com/burmese/articles/c5ydgxjgpxpo,မြို့တော်တက်ရှ်ကန့် ရဲစခန်းမှာ ထိန်းသိမ်းခံရချိန် ကြုံခဲ့ရတဲ့ အရှက်ရမှု၊ ရုပ်ပိုင်းနဲ့ စိတ်ပိုင်းအနိုင်ကျင့်ခံရမှုတွေအကြောင်း ကမ်မီလာ နိုရိုဗာက ဘီဘီစီ ဥဇဘတ်ဘာသာစကားဌာနကို ရင်ဖွင့်ပြောပြထားပါတယ်။ အဲဒီနောက် လုပ်ကြံခံဖန်တီးထားတယ်လို့ သူယူဆတဲ့ စွဲချက်တွေနဲ့ ထောင် ရက်‌ ၂၀ ချမှတ်ခံရပါတယ်။ ဥဇဘတ်အာဏာပိုင်တွေကတော့ နိုင်ငံသားတိုင်းမှာ တိုင်ကြားခွင့်ရှိတယ်လို့ တုံ့ပြန်ပါတယ်။
‘‘လေးဂေါ့စ်မြို့  တံတားအောက်မှာ နေလာတာ အနှစ် ၃၀ ရှိပြီ’’,"Tue, 20 Aug 2024 05:23:11 GMT",https://www.bbc.com/burmese/articles/cx2ex4v2g3go#0,https://www.bbc.com/burmese/articles/cx2ex4v2g3go,နိုင်ဂျီးရီးယားနိုင်ငံ၊ လေးဂေါ့စ်မြို့က တခြားအိမ်ခြေမဲ့ လူ ၅ သိန်းလောက်လိုပဲ လီယာအူ ဆာအာဒူ လည်း ကျောချစရာ အခန်းတစ်ခန်းတောင် ငှားဖို့ မတတ်နိုင်ပါဘူး။
တရုတ်သံအမတ်အသစ်ဘယ်သူလဲ၊ ဘာတွေရင်ဆိုင်ရမလဲ,"Mon, 12 Aug 2024 11:32:38 GMT",https://www.bbc.com/burmese/articles/cn49z920z5vo#1,https://www.bbc.com/burmese/articles/cn49z920z5vo,မြန်မာပြည်မှာရှိတဲ့ တရုတ်အကျိုးစီးပွားတွေကို သူ ဘယ်လောက်အထိအကာအကွယ်ပေးနိုင်မလဲ။ တချိန်တည်းမှာပဲ တရုတ်မုန်းတီးရေး လှုံ့ဆော်မှုတွေကို ဘယ်လောက်အထိချေဖျက်နိုင်မလဲဆိုတာက သံအမတ်သစ်အတွက်အဓိက စိန်ခေါ်မှုဖြစ်မယ်ထင်ပါတယ်။
ရုရှားနယ်မြေထဲ ယူကရိန်းစစ်တပ်ရဲ့ထိုးစစ်နဲ့ပတ်သက်တဲ့ မေးခွန်း ၅ ခု,"Wed, 14 Aug 2024 11:03:37 GMT",https://www.bbc.com/burmese/articles/c9qgjz7n3jqo#1,https://www.bbc.com/burmese/articles/c9qgjz7n3jqo,ပြီးခဲ့တဲ့သတင်းပတ်က ရုရှားထဲကို ယူကရိန်းထိုးစစ်ဆင်တိုက်ခိုက်လိုက်တာက လူအများ အံ့အားသင့်စရာ ဖြစ်ခဲ့ပါတယ်။ ရုရှားရဲ့ ကျူးကျော်မှုကို ခုခံနေရချိန် ဘာကြောင့် ယူကရိန်းက ရုရှားထဲ တိုက်ဖို့ ဆုံးဖြတ်ခဲ့တာလဲ။ ဒီလိုသိချင်စရာမေးခွန်းတချို့ကို ရှင်းပြထားပါတယ်။
အနာဂတ် အိုလံပစ်အားကစားသမားလောင်းလျာ တွေကို  AI နည်းပညာနဲ့ ရွေးချယ်လာနိုင်မှာလား,"Tue, 13 Aug 2024 11:46:49 GMT",https://www.bbc.com/burmese/articles/cn5rz22xk1ko#1,https://www.bbc.com/burmese/articles/cn5rz22xk1ko,ပြင်သစ်အိုလံပစ်ပြိုင်ပွဲ အားကစားဝါသနာရှင်တွေဟာ အနာဂတ် အိုလံပစ်အားကစားသမားလောင်းတွေ အတွက်ရှာဖွေတွေ့ရှိနိုင်ရေး ရည်မှန်းထားတဲ့ ဉာဏ်ရည်တု(AI)နည်းပညာသုံး အကဲဖြတ်စနစ်ကို ပဲရစ်မြို့မှာ စမ်းသပ် လေ့လာနေကြပါတယ်။
ဘင်္ဂလားဒေ့ရှ် အာဏာလေဟာနယ်ကို ဖြည့်မယ့်သူ- ပါမောက္ခ မိုဟာမက်ဒ် ယူနွတ်စ်,"Wed, 07 Aug 2024 16:33:37 GMT",https://www.bbc.com/burmese/articles/c0k4jz87vr5o#4,https://www.bbc.com/burmese/articles/c0k4jz87vr5o,ကြားဖြတ်အစိုးရကို ဦးဆောင်ဖို့ ပဲရစ်မှာ ဆေးကုသနေတဲ့ ပါမောက္ခ ယူနွတ်စ် ဒါကာ မြို့တော်ကို ပြန်မယ်
ကဖေးမြို့တော်- ကော်ဖီကြိုက်တဲ့ ရှန်ဟိုင်းမြို့,"Wed, 07 Aug 2024 10:42:19 GMT",https://www.bbc.com/burmese/articles/c1e5jz4lgzzo#4,https://www.bbc.com/burmese/articles/c1e5jz4lgzzo,ရှန်ဟိုင်းမြို့မှာ ကော်ဖီဆိုင်တွေ စီးပွားဖြစ်နေကြပြီး အခုဆိုရင် ရှန်ဟိုင်းဟာ ကမ္ဘာပေါ်မှာ ကော်ဖီဆိုင်အများဆုံးမြို့အဖြစ် တရုတ်အစိုးရက ဖော်ညွှန်းပြောနေပါတယ်။
မိခင်နို့ရည်တိုက်ကျွေးမှုနဲ့ပတ်သက်ပြီး လွဲမှားတဲ့ အယူအဆ ၇ ချက်,"Wed, 07 Aug 2024 07:47:01 GMT",https://www.bbc.com/burmese/articles/ce78rx700pjo#4,https://www.bbc.com/burmese/articles/ce78rx700pjo,မိခင်တွေ ကလေးနို့တိုက်ကြဖို့ ကုလသမဂ္ဂက နှစ်စဉ် သြဂုတ်လ ပထမပတ်အတွင်း တိုက်တွန်း ဆော်သြလေ့ရှိပါတယ်။ မိခင်နို့တိုက်မှုနဲ့ ပတ်သက်လို့ လွဲမှားနေတဲ့ အချက် ၇ ချက်ကို ကျွမ်းကျင်သူ ပညာရှင်နှစ်ဦးက ထောက်ပြ ပညာပေးထားပါတယ်။
အသက်ရှုကျပ် ကြွေးတက်လာတဲ့ မီးဖိုချောင်ကုန်စျေးနှုန်း ,"Wed, 21 Aug 2024 13:26:06 GMT",https://www.bbc.com/burmese/articles/crlr0yxy59zo#0,https://www.bbc.com/burmese/articles/crlr0yxy59zo,'' ကုန်စျေးနှုန်းကပဲ အရင်ထက် အဆများစွာတက်လာတာ။ လစာက တက်မလာတော့ အကြွေးယူ လစာရ အကြွေးပြန်ဆပ်။ စျေးဖိုးမလောက်လို့ အကြွေးထပ်ယူပြန်တော့ အကြွေးတင်တယ်။ အကြွေးပြန်ဆပ်ဖို့ ငွေတိုးချေးတော့ အတိုးကတက်တယ်။ အာဏာသိမ်းပြီးကတည်းက အလုပ်တွေလည်းမကောင်းဘူး။ အကြွေးတွေ အတိုးတွေနဲ့ လည်နေတာပဲ။ မငတ်ရုံတမယ် စားသောက်နေကြရတာ'' လို့ ရွှေပြည်သာမြို့နယ်က အိမ်ရှင်မတစ်ဦးက ပြောပါတယ်။
စက်ဘီးတော်လှန်ရေးကို တိတ်တဆိတ် ဆင်နွှဲနေတဲ့ အိန္ဒိယကျောင်းသူလေးတွေ,"Wed, 21 Aug 2024 12:38:19 GMT",https://www.bbc.com/burmese/articles/c14zend364ko#0,https://www.bbc.com/burmese/articles/c14zend364ko,အိန္ဒိယမှာ ကျေးလက်ဒေသက ကျောင်းသူငယ်လေးတွေကြားမှာ စက်ဘီးစီးကြတဲ့အရေအတွက် သိသိသာသာမြင့်တက်လာတာကို မြင်ရတယ်လို့ လေ့လာချက်တစ်ခုက ဆိုပါတယ်။
“ကျွန်တော့်မိသားစု မျက်စိရှေ့တင် သေဆုံးခဲ့ကြတယ်’’ - မြန်မာက အစုလိုက်သတ်ဖြတ်မှုကနေ လွတ်မြောက်လာသူတွေရဲ့ပြောပြချက်,"Thu, 22 Aug 2024 13:05:46 GMT",https://www.bbc.com/burmese/articles/cx2yxx34dd4o#0,https://www.bbc.com/burmese/articles/cx2yxx34dd4o,မြန်မာ- ဘင်္ဂလားဒေ့ရှ် နယ်စပ်၊ ရခိုင်ပြည်နယ်၊ မောင်တောမြို့နယ်ထဲ အခုလ အစောပိုင်းမှာဖြစ်ပွားခဲ့တဲ့ အရပ်သားတွေအပေါ် တိုက်ခိုက်မှုမှာ ရှင်ကျန်ရစ်သူတွေကို  ဘီဘီစီက စကားပြောခဲ့ပါတယ်။
နယ်မှာ စစ်ဘေးဒုက္ခ၊ မြို့မှာ ဆီဘေးဒုက္ခ,"Wed, 14 Aug 2024 11:01:37 GMT",https://www.bbc.com/burmese/articles/cy0r554ejpyo#1,https://www.bbc.com/burmese/articles/cy0r554ejpyo,၂၀၂၄ ခုနှစ် အတွင်းမှာလည်း ဆီပြတ်လပ်မှုနဲ့ စျေးနှုန်းကြီးမြင့်မှုဟာ အခု တစ်ကြိမ်နဲ့ပါဆိုရင် ၄ ကြိမ်ထက်မနည်း ရှိလာပြီဖြစ်ပါတယ်။ ဒီတစ်ခါ ဆီပြတ်လပ်တာက သြဂုတ်လ သီတင်း ၂ ပတ်အတွင်းမှာတင် ၂ ကြိမ် အထိဖြစ်လာတာဖြစ်ပါတယ်။
စစ်ကောင်စီရဲ့ စီးပွားရေးမူဝါဒတွေ တကယ်မှား‌ခဲ့သလား,"Tue, 13 Aug 2024 09:19:11 GMT",https://www.bbc.com/burmese/articles/cyejdw3pk7ko#1,https://www.bbc.com/burmese/articles/cyejdw3pk7ko,‘’စစ်ကောင်စီကို စစ်ရေးနဲ့ပြိုသွားမလားလို့ ပြောကြတယ်။ စစ်တပ်ရဲ့ တကယ့်အခြေယိုင်လာမှုက စီးပွားရေးပဲ’’ လို့ အာဏာသိမ်းပြီးနောက် မြန်မာ့စီးပွားရေးကို လေ့လာတဲ့ စီးပွားရေးအကဲခတ်တစ်ဦးက ပြောပါတယ်။
အပြန်အလှန်စွပ်စွဲမှုတွေနဲ့ ရိုဟင်ဂျာတွေသေဆုံးထားတဲ့မောင်တောမြို့သိမ်းတိုက်ပွဲ,"Wed, 07 Aug 2024 15:16:25 GMT",https://www.bbc.com/burmese/articles/cz733je0ye5o#4,https://www.bbc.com/burmese/articles/cz733je0ye5o,အေအေသိမ်းပိုက်ဖို့ကြိုးစားနေတဲ့ ဘင်္ဂလားဒေ့ရှ်နယ်စပ် မောင်တောမြို့မှာတော့ စစ်တပ်နဲ့ အေအေကြား အပြန်အလှန်ပစ်ခတ်မှုတွေကြောင့် မြေပြင်အခြေအနေ ရှုပ်ထွေးနေပြီး နှစ်ဖက်လုံးရဲ့     မဆင်မခြင်ပစ်ခတ်မှုတွေကြောင့်  ဒါဇင်နဲ့ချီတဲ့ တရားခံမဲ့အရပ်သားသေဆုံးမှုတွေ နေ့စဥ် ဖြစ်နေတယ်လို့ မြို့ခံတချို့ကပြောပါတယ်။
ရပ်/ကျေးအဆင့်အထိ လက်နက်တပ်မယ့် စစ်တပ်ရဲ့ ပြည်သူ့လုံခြုံရေးအစီအစဥ်,"Sat, 24 Aug 2024 11:22:24 GMT",https://www.bbc.com/burmese/articles/c78lmml5x77o#0,https://www.bbc.com/burmese/articles/c78lmml5x77o,မြန်မာစစ်တပ်ဟာ သမိုင်းဝင် စစ်ရေးရှုံးနိမ့်မှုတွေနဲ့ ဆက်တိုက်ကြုံနေချိန်မှာပဲ စစ်ခေါင်းဆောင် ဗိုလ်ချုပ်မှူးကြီးမင်းအောင်လှိုင်ဟာ ပြည်သူ့စစ်မဟာဗျူဟာ အကြောင်းကို အကြိမ်ကြိမ် ပြောခဲ့ သလို ပြည်သူ့စစ်မှုထမ်းဥပဒေ ကို ပြဋ္ဌာန်းခဲ့ စစ်သင်တန်းတွေပေးခဲ့တဲ့အပြင် ပြည်သူ့ လုံခြုံ‌ရေးနဲ့ အကြမ်းဖက် နှိမ်နင်းရေးဗဟိုအဖွဲ့ကို အသစ်ထပ်ဖွဲ့လိုက်ပါတယ်။
အိုလက်ဆန်ဒါဘတ်- စစ်ပွဲမှာခြေထောက်တွေဆုံးရှုံးခဲ့ပေမဲ့ ယူကရိန်းပျိုမေတို့ရဲ့အသည်းစွဲဖြစ်လာသူ,"Sat, 24 Aug 2024 11:30:23 GMT",https://www.bbc.com/burmese/articles/c33npv7lkxmo#0,https://www.bbc.com/burmese/articles/c33npv7lkxmo,ရုရှား-ယူကရိန်းစစ်ပွဲမှာ ခြေထောက်တွေဆုံးရှုံးခဲ့တဲ့ အိုလက်ဆန်ဒါဟာ နှုတ်ခမ်းနီမလေးတွေရဲ့ အသည်းစွဲဖြစ်နေသလို သူ့ရဲ့အချစ်ကိုရဖို့ အပြိုင်အဆိုင်လုရတဲ့ ရုပ်သံအစီအစဉ်တစ်ခုရဲ့ ကြယ်ပွင့်ဖြစ်လာပါတယ်။
ဩဂုတ် ၂၄ ရက် နိုင်ငံတဝန်း သတင်းအနှစ်ချုပ် - စစ်သင်တန်းပေးပြီး ရပ်ရွာထဲလုံခြုံရေးယူခိုင်းမယ့် အစီအစဥ် စတင်,"Sat, 24 Aug 2024 09:06:06 GMT",https://www.bbc.com/burmese/articles/cy76p7lx778o#0,https://www.bbc.com/burmese/articles/cy76p7lx778o,ဖူးခက်မြေပြိုမှုကြောင့် မြန်မာ ၉ ဦး သေဆုံးတဲ့ အကြောင်းအပါအဝင် နိုင်ငံတဝန်းထူးခြားသတင်းတွေကို စုစည်းတင်ဆက်ပေးနေပါတယ်။
ယာယာ ဆင်ဝါ ဟားမတ်စ်ခေါင်းဆောင်ဖြစ်လာတာ ဂါဇာနဲ့ အစ္စရေးအတွက် ဘယ်လိုအဓိပ္ပာယ်ဆောင်လဲ,"Sat, 24 Aug 2024 10:07:54 GMT",https://www.bbc.com/burmese/articles/ceq59xp9052o#0,https://www.bbc.com/burmese/articles/ceq59xp9052o,အဘူ အီဘရာဟင်လို့ အများအားဖြင့်သိကြတဲ့ ဆင်ဝါဟာ ဟားမတ်စ်အဖွဲ့က ပြီးခဲ့တဲ့နှစ်အောက်တိုဘာလ ၇ ရက်မှာ အစ္စရေးနိုင်ငံတောင်ပိုင်းကို တိုက်ခိုက်မှုမှာ အဓိကကြိုးကိုင်ခဲ့သူလို့ သိထားကြပါတယ်။ သူ့ကို မတွေ့တွေ့အောင်ရှာ ဖွေရှင်းလင်းမယ်လို့ဆိုပြီး အစ္စရေးဘက်က ပြောဆိုမှု ခံထားရသူလည်း ဖြစ်ပါတယ်။
အမ်ပေါက်စ်(မျောက်ကျောက်)နဲ့ ကိုဗစ်တို့ကြား မတူညီတဲ့ ၅ ချက်,"Fri, 23 Aug 2024 16:09:45 GMT",https://www.bbc.com/burmese/articles/c74j99ng5jdo#0,https://www.bbc.com/burmese/articles/c74j99ng5jdo,အမ်ပေါက်စ် ( မျောက်ကျောက်) ကို ကမ္ဘာလုံးဆိုင်ရာကျန်းမာရေး အရေးပေါ် အခြေအနေအဖြစ် ထပ်မံကြေငြာထားပေမဲ့ ကိုဗစ်လို ကူးစက်မြန်မှာ မဟုတ်ကြောင်း ကျွမ်းကျင်သူတွေ ပြောထားပါတယ်။
လက်ဘနွန်ထဲက ဟစ်ဇ်ဘိုလာ ပစ်မှတ်တွေကို အစ္စရေး လေကြောင်းတိုက်,"Sun, 25 Aug 2024 11:53:34 GMT",https://www.bbc.com/burmese/articles/cwyxk64p0npo#0,https://www.bbc.com/burmese/articles/cwyxk64p0npo,‘‘ခုခံကာကွယ်တဲ့အနေနဲ့’’ လေကြောင်းတိုက်ခိုက်မှု စတင်တာလို့ အစ္စရေးက ပြောသလို ဟစ်ဇ်ဘိုလာအဖွဲ့ကလည်း အစ္စရေးနိုင်ငံထဲကို ဒရုန်းတွေနဲ့ တိုက်ခိုက်ထားတယ်လို့ပြောပါတယ်။
ဩဂုတ် ၂၅ ရက် နိုင်ငံတဝန်း သတင်းအနှစ်ချုပ် - ရိုဟင်ဂျာတွေ မြန်မာက ထွက်ပြေးရတဲ့နှစ်ပတ်လည် ကော့ဆက်ဘဇားမှာပြုလုပ်,"Sun, 25 Aug 2024 10:25:47 GMT",https://www.bbc.com/burmese/articles/cj9l7rlzzxvo#0,https://www.bbc.com/burmese/articles/cj9l7rlzzxvo,မြို့ ‌တောင်ဘက်နဲ့ မြောက်ဘက်က ဒေသတွေမှာ တိုက်ပွဲပြင်းထန်နေတဲ့ မန္တလေးမြို့ရဲ့ လုံခြုံရေးအတွက် စစ်ကောင်စီက ‌ခိုင်ခိုင်မာမာဆောင်ရွက်ထားနိုင်တယ်လို့ သြဂုတ် ၂၄ ရက်မှာ ပြောလာပါတယ်။
စစ်မှုထမ်းဥပဒေကြောင့်လယ်ယာလုပ်သား ရှားပါးမှုပြဿနာပိုရင်ဆိုင်လာရ ,"Mon, 26 Aug 2024 12:30:23 GMT",https://www.bbc.com/burmese/articles/cz07n1237m0o#0,https://www.bbc.com/burmese/articles/cz07n1237m0o,"စစ်အာဏာသိမ်းထားတဲ့ မြန်မာနိုင်ငံမှာ လူဦးရေ ၇၀ ရာခိုင်နှုန်းတောင်သူလယ်သမားတွေဟာ ကုန်ဈေးနှုန်း၊ စိုက်ပျိုးဖို့ ကုန်ကျစရိတ်နဲ့ အမြတ်အစွန်းမရှိသလောက် ဖြစ်နေတာပါ။
ဒီအခြေအနေမှာပဲ ‌”မြွေပူရာ ကင်းမှောက်”ဆိုသလို လုပ်သား အရင်းအမြစ်ပါ ရှားပါးလာတဲ့အတွက် လယ်ယာလုပ်ငန်း စွန့်ခွာသူတွေ ပိုများလာနိုင်တယ်လို့လည်း တောင်သူလယ်သမားနဲ့ စိုက်ပျိုးရေး ကျွမ်းကျင်သူတွေက မှတ်ချက်ပေးပါတယ်။
"
အမေရိကန်ရဲ့  ဂါဇာငြိမ်းချမ်းရေးအစီအစဉ်မှာ ဘာတွေပါလဲ။ ဘာက အတားအဆီးဖြစ်နေလဲ။ ,"Mon, 26 Aug 2024 11:04:52 GMT",https://www.bbc.com/burmese/articles/cr7r9y119peo#0,https://www.bbc.com/burmese/articles/cr7r9y119peo,အမေရိကန် ကမကထ လုပ်ပြီး တင်ပြလာတဲ့ ဂါဇာငြိမ်းချမ်းရေး အစီအစဉ်ထဲမှာ ဂါဇာမှာ အပစ်ရပ်ပြီး အပြန်အလှန်အားဖြင့်  ၂၀၂၃ အောက်တိုဘာတုန်းက အစ္စရေးတောင်ပိုင်းကို ဟားမတ်စ်တို့ ဝင်စီးနင်းချိန်ဖမ်းထားတဲ့၊ ဒါဇင်နဲ့ချီတဲ့ ဓားစာခံတွေ ပြန်လွှတ်ပေးဖို့တွေ ပါဝင်ပါတယ်။ ဒါပေမဲ့ သဘောတူညီချက်ရဖို့ အဓိက အတားအဆီး ဖြစ်နေတဲ့ အချက်တွေထဲမှာ ဂါဇာမှာ အပစ်ရပ်ပြီးရင် အစ္စရေးတပ်တွေ ဆက်ထားမထားဆိုတဲ့အချက် ပါဝင်ပါတယ်။
ယူကေမှာ ဖျော်ဖြေပွဲပြီးဆုံးသွားတဲ့ တေလာဆွစ်ဖ်ဝင်ငွေ စံချိန်သစ်တင်,"Mon, 26 Aug 2024 06:13:06 GMT",https://www.bbc.com/burmese/articles/c87ge4q3gv3o#0,https://www.bbc.com/burmese/articles/c87ge4q3gv3o,တေလာဆွတ်ဖ်ဟာ ယူကေ မှာတင်ဘဲ ပရိသတ်ပေါင်း ၁.၂ သန်း နီးပါးကို ဖျော်ဖြေခဲ့ပြီး တိုင်းပြည်စီးပွားရေး အတွက် သန်းတထောင်လောက် ဝင်ငွေ ရှာပေးခဲ့သူပါ။ သူနဲ့အတူ Florence + The Machine လည်း ပါဝင်တင်ဆက်ခဲ့ပြီး ''မဆုံရတာကြာပြီ လန်ဒန်'' ဆိုတဲ့သီချင်းကိုလည်း သူ့ရဲ့ ယူကေ ရှိုးပွဲအဆုံးမှာ သီဆိုသွားပါတယ်။
သံဖြူဇရပ် - ဘုရားသုံးဆူလမ်းပေါ်က အနန်းကွင်းစခန်း မကျအောင် စစ်တပ်ဘယ်လိုခုခံနေလဲ,"Sun, 25 Aug 2024 13:52:30 GMT",https://www.bbc.com/burmese/articles/ce9zd5kk4lko#0,https://www.bbc.com/burmese/articles/ce9zd5kk4lko,ထိုင်း-မြန်မာ နယ်စပ်အထိပေါက်ပြီး ကရင်နဲ့ မွန်ပြည်နယ်ကို ဆက်ထားတဲ့ သံဖြူဇရပ် - ဘုရားသုံးဆူလမ်းပေါ်က အနန်းကွင်းဗျူဟာစခန်းကို KNLA ပူးပေါင်းတပ်တွေက တိုက်ခိုက်နေတာ သီတင်းပတ်ချီကြာလာပြီဖြစ်ပြီး စစ်တပ်ကလည်း လက်နက်ကြီးနဲ့ လေကြောင်းပစ်ကူနဲ့ပါ ခုခံနေပါတယ်။
“ကျွန်မကို ကိုယ်လုံးတီးချွတ်ခိုင်း၊ တစ်ကိုယ်လုံး ကိုင်ပြီး အဓမ္မကျင့်မယ်လို့ ခြိမ်းခြောက်တယ်” - လိင်ပြောင်းအမျိုးသမီးတစ်ဦး ရဲစခန်းမှာကြုံရသမျှ,"Tue, 20 Aug 2024 13:11:59 GMT",https://www.bbc.com/burmese/articles/c5ydgxjgpxpo#1,https://www.bbc.com/burmese/articles/c5ydgxjgpxpo,မြို့တော်တက်ရှ်ကန့် ရဲစခန်းမှာ ထိန်းသိမ်းခံရချိန် ကြုံခဲ့ရတဲ့ အရှက်ရမှု၊ ရုပ်ပိုင်းနဲ့ စိတ်ပိုင်းအနိုင်ကျင့်ခံရမှုတွေအကြောင်း ကမ်မီလာ နိုရိုဗာက ဘီဘီစီ ဥဇဘတ်ဘာသာစကားဌာနကို ရင်ဖွင့်ပြောပြထားပါတယ်။ အဲဒီနောက် လုပ်ကြံခံဖန်တီးထားတယ်လို့ သူယူဆတဲ့ စွဲချက်တွေနဲ့ ထောင် ရက်‌ ၂၀ ချမှတ်ခံရပါတယ်။ ဥဇဘတ်အာဏာပိုင်တွေကတော့ နိုင်ငံသားတိုင်းမှာ တိုင်ကြားခွင့်ရှိတယ်လို့ တုံ့ပြန်ပါတယ်။
မြန်မာကိုလည်း ရင်းနှီးမြှုပ်နှံဖို့ ဖိတ်ခေါ်ထားတဲ့ အင်ဒိုနီးရှားမြို့တော်သစ် - နူဆန်တာရာ,"Mon, 19 Aug 2024 07:29:51 GMT",https://www.bbc.com/burmese/articles/cdey2dedw5ko#1,https://www.bbc.com/burmese/articles/cdey2dedw5ko,ဂျာကာတာမြို့ဟာ စိုးရိမ်စရာကောင်းတဲ့နှုန်းနဲ့ မြေကျွံကျနေတာကြောင့် အင်ဒိုနီးရှားအစိုးရဟာ တောကြီးထဲမှာ မြို့တော်အသစ်တည်တဲ့စီမံကိန်းကြီးတစ်ခုကို စတင်နေပါတယ်။ ဒီစီမံကိန်းကြီးဟာ ရည်မှန်းချက်ကြီးမားမှုကိုပြသလို အငြင်းပွားဖွယ်တွေလည်းရှိနေပါတယ်။ နူဆန်တာရာမြို့တော်သစ်မှာ ပထမဆုံးနေထိုင်မယ့်သူတွေ ရောက်လာဖို့ရှိနေချိန်မှာပဲ မြို့တော်သစ်အတွက် စိန်ခေါ်ချက်တွေက ဘာတွေဖြစ်မလဲ။
စစ်တပ်အားကောင်းတဲ့ မြင်းခြံခရိုင်က တော်လှန်တိုက်ပွဲတွေ,"Sun, 18 Aug 2024 11:44:21 GMT",https://www.bbc.com/burmese/articles/c30383287vgo#1,https://www.bbc.com/burmese/articles/c30383287vgo,မြင်းခြံတိုက်ပွဲဟာ မန္တလေးမြို့နဲ့ မိုင် ၁၀၀ ပတ်ချာလည်အတွင်းဖြစ်ပွားနေပြီး မန္တလေးမြို့ မြောက်ပိုင်း မတ္တရာတကြော စစ်မြေပြင်ဖြစ်ခဲ့ရာကနေ မြို့တောင်ပိုင်းမှာပါ စစ်ကောင်စီအတွက် စစ်မျက်နှာပြင်အသစ် ပေါ်ပေါက်လာတာလည်းဖြစ်ပါတယ်။
လားရှိုး - လျှပ်စစ်မရှိ၊ ဖုန်းလိုင်းမမိ၊ အချိန်ပိုင်းအင်တာနက်သုံးရတဲ့မြို့ ,"Sun, 18 Aug 2024 03:14:10 GMT",https://www.bbc.com/burmese/articles/c2edrzgz78zo#1,https://www.bbc.com/burmese/articles/c2edrzgz78zo,စစ်ကောင်စီ လက်လွှတ်လိုက်ရပြီး ကိုးကန့်တပ်က သိမ်းပိုက်ထားတဲ့ လားရှိုးမြို့မှာ အင်တာနက်ကို အချိန်ပိုင်း သုံးခွင့်ရနေပေမဲ့  လျှပ်စစ်၊ ဖုန်းလိုင်းတွေမရ‌သေးပါဘူး။ လားရှိုးမြို့က စစ်ဘေးရှောင်သွားသူတွေလည်း တဖြည်းဖြည်း ပြန်ဝင်လာကြပါပြီ။
‘ကျွန်မ မလုံခြုံဘူးလို့ ခံစားနေရတယ်’,"Sat, 17 Aug 2024 12:02:14 GMT",https://www.bbc.com/burmese/articles/cn47wegykejo#1,https://www.bbc.com/burmese/articles/cn47wegykejo,အိန္ဒိယနိုင်ငံမှာ ညဆိုင်းအလုပ်လုပ်နေတဲ့ အမျိုးသမီး အလုပ်သင်ဆရာဝန်တစ်ဦး အဓမ္မပြုကျင့်သတ်ဖြတ်ခံရပြီးနောက် ဘီဘီစီက ညဆိုင်းလုပ်နေကြပေမယ့် စိတ်မလုံမခြုံမှုတွေနဲ့ ရင်ဆိုင်နေရတဲ့ နိုင်ငံတဝှမ်းက ဆေးဘက်ဆိုင်ရာဝန်ထမ်းတွေကို မေးမြန်းပြောဆိုခဲ့ပါတယ်။
သီလရှင်တဖြစ်လဲ 'ပါဝါရိမ်းဂျားအညိုကောင်' အိမ်ပြန်နိုင်တော့မလား,"Fri, 16 Aug 2024 10:32:16 GMT",https://www.bbc.com/burmese/articles/c20lgygmplmo#1,https://www.bbc.com/burmese/articles/c20lgygmplmo,လူနာမည် မနန်းဝင့်ဝါ၊ ဘွဲ့နာမည် ဒေါ်ဝရဉာဏီ၊ တော်လှန်ရေးနာမည် “ပါဝါရိမ်းဂျားအညိုကောင်” ရဲ့ ချိပ်ပိတ်ခံထားရတဲ့အိမ် တော်လှန်ရေးအဖွဲ့တွေလက်ထဲ ပြန်ရောက်သွားပါပြီ။ ဒါပေမဲ့ အိမ်အပြန်ခရီးကတော့ မလွယ်ကူသေးပါဘူး။
ထိုင်းနဲ့ အာရှရဲ့ အသက်အငယ်ဆုံးအမျိုးသမီးဝန်ကြီးချုပ်ဖြစ်လာတဲ့ပေထုန်တန်,"Fri, 16 Aug 2024 12:14:29 GMT",https://www.bbc.com/burmese/articles/cdey2rgk325o#1,https://www.bbc.com/burmese/articles/cdey2rgk325o,မစ္စပေထုန်တန်ဟာ ထိုင်းနိုင်ငံရဲ့ ရပ်တန့် နှေးကွေးနေတဲ့ စီးပွားရေးကို ပြန်အားကောင်းလုပ်ဖို့ဆိုတဲ့ ခက်ခဲတဲ့တာဝန်နဲ့ ရင်ဆိုင်ရမှာဖြစ်သလို အရင်က သူ့တို့ပါတီ ရဲ့ အုပ်ချုပ်ရေးလေးခုကို ဖယ်ရှားခဲ့တဲ့ တရားရုံးရဲ့ ကြားဝင်ဆောင်ရွက်မှုတွေလိုဖြစ်စဥ်တွေနဲ့ စစ်တပ်အာဏာသိမ်းတာမျိုးတွေကို ရှောင်ရှားနိုင်ဖို့ကလည်း  သူ့အတွက်စိန်ခေါ်ချက်ဖြစ်ပါတယ်။
ရုရှားနယ်မြေထဲ ယူကရိန်းစစ်တပ်ရဲ့ထိုးစစ်နဲ့ပတ်သက်တဲ့ မေးခွန်း ၅ ခု,"Wed, 14 Aug 2024 11:03:37 GMT",https://www.bbc.com/burmese/articles/c9qgjz7n3jqo#4,https://www.bbc.com/burmese/articles/c9qgjz7n3jqo,ပြီးခဲ့တဲ့သတင်းပတ်က ရုရှားထဲကို ယူကရိန်းထိုးစစ်ဆင်တိုက်ခိုက်လိုက်တာက လူအများ အံ့အားသင့်စရာ ဖြစ်ခဲ့ပါတယ်။ ရုရှားရဲ့ ကျူးကျော်မှုကို ခုခံနေရချိန် ဘာကြောင့် ယူကရိန်းက ရုရှားထဲ တိုက်ဖို့ ဆုံးဖြတ်ခဲ့တာလဲ။ ဒီလိုသိချင်စရာမေးခွန်းတချို့ကို ရှင်းပြထားပါတယ်။
စစ်ကောင်စီရဲ့ စီးပွားရေးမူဝါဒတွေ တကယ်မှား‌ခဲ့သလား,"Tue, 13 Aug 2024 09:19:11 GMT",https://www.bbc.com/burmese/articles/cyejdw3pk7ko#4,https://www.bbc.com/burmese/articles/cyejdw3pk7ko,‘’စစ်ကောင်စီကို စစ်ရေးနဲ့ပြိုသွားမလားလို့ ပြောကြတယ်။ စစ်တပ်ရဲ့ တကယ့်အခြေယိုင်လာမှုက စီးပွားရေးပဲ’’ လို့ အာဏာသိမ်းပြီးနောက် မြန်မာ့စီးပွားရေးကို လေ့လာတဲ့ စီးပွားရေးအကဲခတ်တစ်ဦးက ပြောပါတယ်။
တရုတ်သံအမတ်အသစ်ဘယ်သူလဲ၊ ဘာတွေရင်ဆိုင်ရမလဲ,"Mon, 12 Aug 2024 11:32:38 GMT",https://www.bbc.com/burmese/articles/cn49z920z5vo#4,https://www.bbc.com/burmese/articles/cn49z920z5vo,မြန်မာပြည်မှာရှိတဲ့ တရုတ်အကျိုးစီးပွားတွေကို သူ ဘယ်လောက်အထိအကာအကွယ်ပေးနိုင်မလဲ။ တချိန်တည်းမှာပဲ တရုတ်မုန်းတီးရေး လှုံ့ဆော်မှုတွေကို ဘယ်လောက်အထိချေဖျက်နိုင်မလဲဆိုတာက သံအမတ်သစ်အတွက်အဓိက စိန်ခေါ်မှုဖြစ်မယ်ထင်ပါတယ်။
သီပေါတိုက်ပွဲ ဘယ်လောက်ပြင်းထန်လဲ,"Sun, 11 Aug 2024 13:34:22 GMT",https://www.bbc.com/burmese/articles/c4gex0rdgp5o#4,https://www.bbc.com/burmese/articles/c4gex0rdgp5o,ရှမ်းပြည်နယ် (မြောက်ပိုင်း) မှာရှိတဲ့ ကျောက်မဲမြို့နဲ့ လားရှိုးမြို့ကြားထဲက သီပေါမြို့မှာ ဩဂုတ် ၉ ရက်ကတည်းက တအာင်းတပ် (TNLA) ဦးဆောင်တဲ့ ပူးပေါင်းတပ်တွေနဲ့ စစ်ကောင်စီတပ်တွေကြား တိုက်ပွဲတွေစတင်ဖြစ်ပွားနေပါတယ်။
“ကျွန်မလို အိုလံပစ်ကစားသမားတွေအတွက် ဘေးကင်းဖို့ ထွက်ပြေးရုံကလွဲပြီး တခြား ရွေးချယ်စရာမရှိဘူး”,"Fri, 09 Aug 2024 06:18:22 GMT",https://www.bbc.com/burmese/articles/ce7887lg5djo#4,https://www.bbc.com/burmese/articles/ce7887lg5djo,"ဘီလာရုဇ်တာတို အပြေးသမား ခရစ်စတီးနား ဆီမာနိုစကိုင်ယာ ဟာ တိုကျိုအိုလံပစ်တုန်းက အိမ်ပြန်ဖို့ငြင်းဆန်ခဲ့သလို ယူဂန်ဒါအ‌လေးသမား ဂျူးလီးယက် ဆက်စ်ကီတိုလီကိုဟာ သူ့မိသားစုကိုအလုပ်လုပ်ပြီးထောက်ပံ့ဖို့ အတွက်ပြိုင်ပွဲကနေပျောက်ကွယ်သွားခဲ့ပါတယ်။

၂၀၂၁ ခုနှစ်ကလည်း မြန်မာ့လက်ရွေးစင်ဘောလုံးအသင်းရဲ့ ဂိုးသမား ပြည့်သျှံအောင်ဟာ မြန်မာစစ်တပ်ရဲ့ အာဏာသိမ်းမှုကို ဆန့်ကျင်တဲ့ လက်သုံးချောင်းထောင်တဲ့ သင်္ကေတကို တိုကျိုမြို့မှာ ယှဉ်ပြိုင်တဲ့ မြန်မာ - ဂျပန် ကမ္ဘာ့ဖလားဘောလုံးပြိုင်ပွဲခြေစစ်ပွဲအတွင်းမှာ ပြုလုပ်ခဲ့ပါတယ်။ ပြိုင်ပွဲပြီးတဲ့နောက် ပြည့်သျှံအောင်ဟာ ပြည်တွင်းပြန်ဖို့ စိုးရိမ်ချက်ရှိတာကြောင့် ဂျပန်နိုင်ငံမှာ နိုင်ငံရေးခိုလှုံခွင့်တောင်းခံပြီး အဲဒီနှစ်သြဂုတ်လမှာပဲ ခိုလှုံခွင့်ရခဲ့ပါတယ်။"
